timestamp,node,container,cpu_pct,mem_used_mb,mem_limit_mb,net_rx,net_tx,block_io,phase
2026-08-09T23:24:33.332Z,D1,cc-unified,NA,18.27,7815.99,NA_HOST_NETWORK,NA_HOST_NETWORK,618496/0,phase4b
2026-08-09T23:24:33.332Z,D1,peer0.org1.example.com,NA,481.36,7815.99,NA_HOST_NETWORK,NA_HOST_NETWORK,91299840/1654726656,phase4b
2026-08-09T23:24:33.684Z,D2,cc-unified,NA,16.61,15914.51,NA_HOST_NETWORK,NA_HOST_NETWORK,1605632/364544,phase4b
2026-08-09T23:24:33.684Z,D2,orderer2.example.com,NA,395.29,15914.51,NA_HOST_NETWORK,NA_HOST_NETWORK,7970816/1654366208,phase4b
2026-08-09T23:24:33.684Z,D2,peer0.org2.example.com,NA,460.77,15914.51,NA_HOST_NETWORK,NA_HOST_NETWORK,211562496/2547519488,phase4b
2026-08-09T23:24:34.007Z,D3,cc-unified,NA,19.58,15823.57,NA_HOST_NETWORK,NA_HOST_NETWORK,3649536/339968,phase4b
2026-08-09T23:24:34.007Z,D3,orderer3.example.com,NA,480.63,15823.57,NA_HOST_NETWORK,NA_HOST_NETWORK,1736704/1659092992,phase4b
2026-08-09T23:24:34.007Z,D3,peer0.org3.example.com,NA,496.36,15823.57,NA_HOST_NETWORK,NA_HOST_NETWORK,120217600/1700438016,phase4b
2026-08-09T23:24:34.481Z,D4,cc-unified,NA,17.05,15823.56,NA_HOST_NETWORK,NA_HOST_NETWORK,159744/0,phase4b
2026-08-09T23:24:34.481Z,D4,orderer.example.com,NA,1046.57,15823.56,NA_HOST_NETWORK,NA_HOST_NETWORK,460070912/1159344128,phase4b
2026-08-09T23:24:34.481Z,D4,peer0.org4.example.com,NA,765.76,15823.56,NA_HOST_NETWORK,NA_HOST_NETWORK,76492800/1651699712,phase4b
2026-08-09T23:24:35.398Z,D1,cc-unified,0.00,18.27,7815.99,NA_HOST_NETWORK,NA_HOST_NETWORK,618496/0,phase4b
2026-08-09T23:24:35.398Z,D1,peer0.org1.example.com,2.97,481.62,7815.99,NA_HOST_NETWORK,NA_HOST_NETWORK,91299840/1654726656,phase4b
2026-08-09T23:24:35.737Z,D2,cc-unified,0.00,16.61,15914.51,NA_HOST_NETWORK,NA_HOST_NETWORK,1605632/364544,phase4b
2026-08-09T23:24:35.737Z,D2,orderer2.example.com,1.00,395.29,15914.51,NA_HOST_NETWORK,NA_HOST_NETWORK,7970816/1654366208,phase4b
2026-08-09T23:24:35.737Z,D2,peer0.org2.example.com,7.83,460.50,15914.51,NA_HOST_NETWORK,NA_HOST_NETWORK,211562496/2547519488,phase4b
2026-08-09T23:24:36.059Z,D3,cc-unified,0.00,19.58,15823.57,NA_HOST_NETWORK,NA_HOST_NETWORK,3649536/339968,phase4b
2026-08-09T23:24:36.059Z,D3,orderer3.example.com,1.83,481.12,15823.57,NA_HOST_NETWORK,NA_HOST_NETWORK,1736704/1659092992,phase4b
2026-08-09T23:24:36.059Z,D3,peer0.org3.example.com,6.43,496.85,15823.57,NA_HOST_NETWORK,NA_HOST_NETWORK,120217600/1700438016,phase4b
2026-08-09T23:24:36.585Z,D4,cc-unified,0.00,17.05,15823.56,NA_HOST_NETWORK,NA_HOST_NETWORK,159744/0,phase4b
2026-08-09T23:24:36.585Z,D4,orderer.example.com,2.51,1047.76,15823.56,NA_HOST_NETWORK,NA_HOST_NETWORK,460070912/1159344128,phase4b
2026-08-09T23:24:36.585Z,D4,peer0.org4.example.com,3.18,766.75,15823.56,NA_HOST_NETWORK,NA_HOST_NETWORK,76492800/1651699712,phase4b
2026-08-09T23:24:37.542Z,D1,cc-unified,0.00,18.27,7815.99,NA_HOST_NETWORK,NA_HOST_NETWORK,618496/0,phase4b
2026-08-09T23:24:37.542Z,D1,peer0.org1.example.com,3.04,481.37,7815.99,NA_HOST_NETWORK,NA_HOST_NETWORK,91299840/1654726656,phase4b
2026-08-09T23:24:37.815Z,D2,cc-unified,0.00,16.61,15914.51,NA_HOST_NETWORK,NA_HOST_NETWORK,1605632/364544,phase4b
2026-08-09T23:24:37.815Z,D2,orderer2.example.com,1.04,396.03,15914.51,NA_HOST_NETWORK,NA_HOST_NETWORK,7970816/1654366208,phase4b
2026-08-09T23:24:37.815Z,D2,peer0.org2.example.com,2.07,460.78,15914.51,NA_HOST_NETWORK,NA_HOST_NETWORK,211562496/2547519488,phase4b
2026-08-09T23:24:38.130Z,D3,cc-unified,0.00,19.58,15823.57,NA_HOST_NETWORK,NA_HOST_NETWORK,3649536/339968,phase4b
2026-08-09T23:24:38.130Z,D3,orderer3.example.com,1.77,481.36,15823.57,NA_HOST_NETWORK,NA_HOST_NETWORK,1736704/1659092992,phase4b
2026-08-09T23:24:38.130Z,D3,peer0.org3.example.com,7.69,496.41,15823.57,NA_HOST_NETWORK,NA_HOST_NETWORK,120217600/1700438016,phase4b
2026-08-09T23:24:38.709Z,D4,cc-unified,0.00,17.05,15823.56,NA_HOST_NETWORK,NA_HOST_NETWORK,159744/0,phase4b
2026-08-09T23:24:38.709Z,D4,orderer.example.com,1.87,1047.73,15823.56,NA_HOST_NETWORK,NA_HOST_NETWORK,460070912/1159344128,phase4b
2026-08-09T23:24:38.709Z,D4,peer0.org4.example.com,2.42,765.75,15823.56,NA_HOST_NETWORK,NA_HOST_NETWORK,76492800/1651699712,phase4b
2026-08-09T23:24:39.678Z,D1,cc-unified,0.00,18.27,7815.99,NA_HOST_NETWORK,NA_HOST_NETWORK,618496/0,phase4b
2026-08-09T23:24:39.678Z,D1,peer0.org1.example.com,5.07,481.89,7815.99,NA_HOST_NETWORK,NA_HOST_NETWORK,91299840/1654726656,phase4b
2026-08-09T23:24:39.901Z,D2,cc-unified,0.00,16.61,15914.51,NA_HOST_NETWORK,NA_HOST_NETWORK,1605632/364544,phase4b
2026-08-09T23:24:39.901Z,D2,orderer2.example.com,0.95,395.53,15914.51,NA_HOST_NETWORK,NA_HOST_NETWORK,7970816/1654366208,phase4b
2026-08-09T23:24:39.901Z,D2,peer0.org2.example.com,7.34,461.01,15914.51,NA_HOST_NETWORK,NA_HOST_NETWORK,211562496/2547519488,phase4b
2026-08-09T23:24:40.296Z,D3,cc-unified,0.00,19.58,15823.57,NA_HOST_NETWORK,NA_HOST_NETWORK,3649536/339968,phase4b
2026-08-09T23:24:40.296Z,D3,orderer3.example.com,1.57,480.89,15823.57,NA_HOST_NETWORK,NA_HOST_NETWORK,1736704/1659092992,phase4b
2026-08-09T23:24:40.296Z,D3,peer0.org3.example.com,5.80,496.93,15823.57,NA_HOST_NETWORK,NA_HOST_NETWORK,120217600/1700438016,phase4b
2026-08-09T23:24:40.759Z,D4,cc-unified,0.00,17.05,15823.56,NA_HOST_NETWORK,NA_HOST_NETWORK,159744/0,phase4b
2026-08-09T23:24:40.759Z,D4,orderer.example.com,0.70,1046.57,15823.56,NA_HOST_NETWORK,NA_HOST_NETWORK,460070912/1159344128,phase4b
2026-08-09T23:24:40.759Z,D4,peer0.org4.example.com,0.74,765.76,15823.56,NA_HOST_NETWORK,NA_HOST_NETWORK,76492800/1651699712,phase4b
2026-08-09T23:24:41.804Z,D1,cc-unified,0.00,18.27,7815.99,NA_HOST_NETWORK,NA_HOST_NETWORK,618496/0,phase4b
2026-08-09T23:24:41.804Z,D1,peer0.org1.example.com,2.95,481.36,7815.99,NA_HOST_NETWORK,NA_HOST_NETWORK,91299840/1654726656,phase4b
2026-08-09T23:24:41.987Z,D2,cc-unified,0.00,16.61,15914.51,NA_HOST_NETWORK,NA_HOST_NETWORK,1605632/364544,phase4b
2026-08-09T23:24:41.987Z,D2,orderer2.example.com,0.91,395.78,15914.51,NA_HOST_NETWORK,NA_HOST_NETWORK,7970816/1654366208,phase4b
2026-08-09T23:24:41.987Z,D2,peer0.org2.example.com,7.40,460.54,15914.51,NA_HOST_NETWORK,NA_HOST_NETWORK,211562496/2547519488,phase4b
2026-08-09T23:24:42.459Z,D3,cc-unified,0.00,19.58,15823.57,NA_HOST_NETWORK,NA_HOST_NETWORK,3649536/339968,phase4b
2026-08-09T23:24:42.459Z,D3,orderer3.example.com,1.62,480.64,15823.57,NA_HOST_NETWORK,NA_HOST_NETWORK,1736704/1659092992,phase4b
2026-08-09T23:24:42.459Z,D3,peer0.org3.example.com,5.88,496.68,15823.57,NA_HOST_NETWORK,NA_HOST_NETWORK,120217600/1700438016,phase4b
2026-08-09T23:24:42.809Z,D4,cc-unified,0.00,17.05,15823.56,NA_HOST_NETWORK,NA_HOST_NETWORK,159744/0,phase4b
2026-08-09T23:24:42.809Z,D4,orderer.example.com,1.36,1047.06,15823.56,NA_HOST_NETWORK,NA_HOST_NETWORK,460070912/1159344128,phase4b
2026-08-09T23:24:42.809Z,D4,peer0.org4.example.com,1.39,766.01,15823.56,NA_HOST_NETWORK,NA_HOST_NETWORK,76492800/1651699712,phase4b
2026-08-09T23:24:43.931Z,D1,cc-unified,0.00,18.27,7815.99,NA_HOST_NETWORK,NA_HOST_NETWORK,618496/0,phase4b
2026-08-09T23:24:43.931Z,D1,HARNESS_bench.js,NA,67.68,7815.99,NA,NA,threads=7,phase4b
2026-08-09T23:24:43.931Z,D1,peer0.org1.example.com,2.26,480.62,7815.99,NA_HOST_NETWORK,NA_HOST_NETWORK,91299840/1654726656,phase4b
2026-08-09T23:24:44.074Z,D2,cc-unified,0.00,16.61,15914.51,NA_HOST_NETWORK,NA_HOST_NETWORK,1605632/364544,phase4b
2026-08-09T23:24:44.074Z,D2,orderer2.example.com,1.04,395.53,15914.51,NA_HOST_NETWORK,NA_HOST_NETWORK,7970816/1654366208,phase4b
2026-08-09T23:24:44.074Z,D2,peer0.org2.example.com,7.85,460.69,15914.51,NA_HOST_NETWORK,NA_HOST_NETWORK,211562496/2547519488,phase4b
2026-08-09T23:24:44.621Z,D3,cc-unified,1.06,21.06,15823.57,NA_HOST_NETWORK,NA_HOST_NETWORK,3649536/339968,phase4b
2026-08-09T23:24:44.621Z,D3,orderer3.example.com,1.78,480.87,15823.57,NA_HOST_NETWORK,NA_HOST_NETWORK,1736704/1659092992,phase4b
2026-08-09T23:24:44.621Z,D3,peer0.org3.example.com,6.81,496.45,15823.57,NA_HOST_NETWORK,NA_HOST_NETWORK,120217600/1700438016,phase4b
2026-08-09T23:24:44.952Z,D4,cc-unified,0.00,17.05,15823.56,NA_HOST_NETWORK,NA_HOST_NETWORK,159744/0,phase4b
2026-08-09T23:24:44.952Z,D4,orderer.example.com,3.44,1048.50,15823.56,NA_HOST_NETWORK,NA_HOST_NETWORK,460070912/1159372800,phase4b
2026-08-09T23:24:44.952Z,D4,peer0.org4.example.com,4.09,766.50,15823.56,NA_HOST_NETWORK,NA_HOST_NETWORK,76492800/1651728384,phase4b
2026-08-09T23:24:46.071Z,D1,cc-unified,1.69,21.91,7815.99,NA_HOST_NETWORK,NA_HOST_NETWORK,618496/0,phase4b
2026-08-09T23:24:46.071Z,D1,HARNESS_bench.js,14.6,82.30,7815.99,NA,NA,threads=11,phase4b
2026-08-09T23:24:46.071Z,D1,peer0.org1.example.com,11.10,481.37,7815.99,NA_HOST_NETWORK,NA_HOST_NETWORK,91299840/1654812672,phase4b
2026-08-09T23:24:46.136Z,D2,cc-unified,1.51,16.61,15914.51,NA_HOST_NETWORK,NA_HOST_NETWORK,1605632/364544,phase4b
2026-08-09T23:24:46.136Z,D2,orderer2.example.com,1.73,395.34,15914.51,NA_HOST_NETWORK,NA_HOST_NETWORK,7970816/1654448128,phase4b
2026-08-09T23:24:46.136Z,D2,peer0.org2.example.com,4.91,460.30,15914.51,NA_HOST_NETWORK,NA_HOST_NETWORK,211562496/2547601408,phase4b
2026-08-09T23:24:46.675Z,D3,cc-unified,0.16,19.82,15823.57,NA_HOST_NETWORK,NA_HOST_NETWORK,3649536/339968,phase4b
2026-08-09T23:24:46.675Z,D3,orderer3.example.com,2.21,479.96,15823.57,NA_HOST_NETWORK,NA_HOST_NETWORK,1736704/1659174912,phase4b
2026-08-09T23:24:46.675Z,D3,peer0.org3.example.com,6.72,495.95,15823.57,NA_HOST_NETWORK,NA_HOST_NETWORK,120217600/1700524032,phase4b
2026-08-09T23:24:47.071Z,D4,cc-unified,6.32,28.54,15823.56,NA_HOST_NETWORK,NA_HOST_NETWORK,159744/0,phase4b
2026-08-09T23:24:47.071Z,D4,orderer.example.com,5.09,1054.46,15823.56,NA_HOST_NETWORK,NA_HOST_NETWORK,460070912/1160118272,phase4b
2026-08-09T23:24:47.071Z,D4,peer0.org4.example.com,18.44,770.98,15823.56,NA_HOST_NETWORK,NA_HOST_NETWORK,76492800/1652056064,phase4b
2026-08-09T23:24:48.124Z,D1,cc-unified,26.70,34.19,7815.99,NA_HOST_NETWORK,NA_HOST_NETWORK,618496/0,phase4b
2026-08-09T23:24:48.124Z,D1,HARNESS_bench.js,79.3,132.53,7815.99,NA,NA,threads=11,phase4b
2026-08-09T23:24:48.124Z,D1,peer0.org1.example.com,77.68,554.37,7815.99,NA_HOST_NETWORK,NA_HOST_NETWORK,91299840/1655255040,phase4b
2026-08-09T23:24:48.198Z,D2,cc-unified,5.45,23.62,15914.51,NA_HOST_NETWORK,NA_HOST_NETWORK,1605632/364544,phase4b
2026-08-09T23:24:48.198Z,D2,orderer2.example.com,3.22,401.45,15914.51,NA_HOST_NETWORK,NA_HOST_NETWORK,7970816/1655844864,phase4b
2026-08-09T23:24:48.198Z,D2,peer0.org2.example.com,40.10,464.95,15914.51,NA_HOST_NETWORK,NA_HOST_NETWORK,211566592/2547867648,phase4b
2026-08-09T23:24:48.793Z,D3,cc-unified,9.74,29.79,15823.57,NA_HOST_NETWORK,NA_HOST_NETWORK,3649536/339968,phase4b
2026-08-09T23:24:48.793Z,D3,orderer3.example.com,11.93,498.68,15823.57,NA_HOST_NETWORK,NA_HOST_NETWORK,1736704/1664901120,phase4b
2026-08-09T23:24:48.793Z,D3,peer0.org3.example.com,194.51,558.01,15823.57,NA_HOST_NETWORK,NA_HOST_NETWORK,120233984/1704591360,phase4b
2026-08-09T23:24:49.128Z,D4,cc-unified,2.53,29.25,15823.56,NA_HOST_NETWORK,NA_HOST_NETWORK,159744/0,phase4b
2026-08-09T23:24:49.128Z,D4,orderer.example.com,73.60,1100.96,15823.56,NA_HOST_NETWORK,NA_HOST_NETWORK,460144640/1165303808,phase4b
2026-08-09T23:24:49.128Z,D4,peer0.org4.example.com,175.24,826.97,15823.56,NA_HOST_NETWORK,NA_HOST_NETWORK,76492800/1707393024,phase4b
2026-08-09T23:24:50.243Z,D1,cc-unified,3.15,37.27,7815.99,NA_HOST_NETWORK,NA_HOST_NETWORK,618496/0,phase4b
2026-08-09T23:24:50.243Z,D1,HARNESS_bench.js,26.6,133.25,7815.99,NA,NA,threads=11,phase4b
2026-08-09T23:24:50.243Z,D1,peer0.org1.example.com,59.75,569.00,7815.99,NA_HOST_NETWORK,NA_HOST_NETWORK,91299840/1655963648,phase4b
2026-08-09T23:24:50.263Z,D2,cc-unified,2.27,23.88,15914.51,NA_HOST_NETWORK,NA_HOST_NETWORK,1605632/364544,phase4b
2026-08-09T23:24:50.263Z,D2,orderer2.example.com,2.90,408.73,15914.51,NA_HOST_NETWORK,NA_HOST_NETWORK,7970816/1658445824,phase4b
2026-08-09T23:24:50.263Z,D2,peer0.org2.example.com,26.65,465.04,15914.51,NA_HOST_NETWORK,NA_HOST_NETWORK,211566592/2548236288,phase4b
2026-08-09T23:24:50.848Z,D3,cc-unified,3.53,29.27,15823.57,NA_HOST_NETWORK,NA_HOST_NETWORK,3649536/339968,phase4b
2026-08-09T23:24:50.848Z,D3,orderer3.example.com,4.82,501.47,15823.57,NA_HOST_NETWORK,NA_HOST_NETWORK,1736704/1665929216,phase4b
2026-08-09T23:24:50.848Z,D3,peer0.org3.example.com,41.50,564.14,15823.57,NA_HOST_NETWORK,NA_HOST_NETWORK,120233984/1705381888,phase4b
2026-08-09T23:24:51.282Z,D4,cc-unified,3.07,29.52,15823.56,NA_HOST_NETWORK,NA_HOST_NETWORK,159744/0,phase4b
2026-08-09T23:24:51.282Z,D4,orderer.example.com,17.01,1102.11,15823.56,NA_HOST_NETWORK,NA_HOST_NETWORK,460144640/1166467072,phase4b
2026-08-09T23:24:51.282Z,D4,peer0.org4.example.com,40.63,832.06,15823.56,NA_HOST_NETWORK,NA_HOST_NETWORK,76492800/1708236800,phase4b
2026-08-09T23:24:52.308Z,D1,cc-unified,2.53,36.48,7815.99,NA_HOST_NETWORK,NA_HOST_NETWORK,618496/0,phase4b
2026-08-09T23:24:52.308Z,D1,HARNESS_bench.js,19.0,134.07,7815.99,NA,NA,threads=11,phase4b
2026-08-09T23:24:52.308Z,D1,peer0.org1.example.com,39.48,570.97,7815.99,NA_HOST_NETWORK,NA_HOST_NETWORK,91299840/1656598528,phase4b
2026-08-09T23:24:52.322Z,D2,cc-unified,1.96,23.64,15914.51,NA_HOST_NETWORK,NA_HOST_NETWORK,1605632/364544,phase4b
2026-08-09T23:24:52.322Z,D2,orderer2.example.com,1.93,412.19,15914.51,NA_HOST_NETWORK,NA_HOST_NETWORK,7970816/1659256832,phase4b
2026-08-09T23:24:52.322Z,D2,peer0.org2.example.com,18.35,479.82,15914.51,NA_HOST_NETWORK,NA_HOST_NETWORK,211566592/2548670464,phase4b
2026-08-09T23:24:52.894Z,D3,cc-unified,3.37,30.84,15823.57,NA_HOST_NETWORK,NA_HOST_NETWORK,3649536/339968,phase4b
2026-08-09T23:24:52.894Z,D3,orderer3.example.com,4.60,504.63,15823.57,NA_HOST_NETWORK,NA_HOST_NETWORK,1736704/1666949120,phase4b
2026-08-09T23:24:52.894Z,D3,peer0.org3.example.com,43.81,555.82,15823.57,NA_HOST_NETWORK,NA_HOST_NETWORK,120233984/1706160128,phase4b
2026-08-09T23:24:53.410Z,D4,cc-unified,2.11,28.80,15823.56,NA_HOST_NETWORK,NA_HOST_NETWORK,159744/0,phase4b
2026-08-09T23:24:53.410Z,D4,orderer.example.com,7.33,1102.40,15823.56,NA_HOST_NETWORK,NA_HOST_NETWORK,460144640/1167482880,phase4b
2026-08-09T23:24:53.410Z,D4,peer0.org4.example.com,21.00,839.66,15823.56,NA_HOST_NETWORK,NA_HOST_NETWORK,76492800/1709064192,phase4b
2026-08-09T23:24:54.461Z,D2,cc-unified,2.40,21.81,15914.51,NA_HOST_NETWORK,NA_HOST_NETWORK,1605632/364544,phase4b
2026-08-09T23:24:54.461Z,D2,orderer2.example.com,2.44,416.49,15914.51,NA_HOST_NETWORK,NA_HOST_NETWORK,7970816/1660125184,phase4b
2026-08-09T23:24:54.461Z,D2,peer0.org2.example.com,23.46,490.18,15914.51,NA_HOST_NETWORK,NA_HOST_NETWORK,211566592/2549030912,phase4b
2026-08-09T23:24:54.487Z,D1,cc-unified,2.01,38.21,7815.99,NA_HOST_NETWORK,NA_HOST_NETWORK,618496/0,phase4b
2026-08-09T23:24:54.487Z,D1,HARNESS_bench.js,19.6,135.36,7815.99,NA,NA,threads=11,phase4b
2026-08-09T23:24:54.487Z,D1,peer0.org1.example.com,37.40,570.99,7815.99,NA_HOST_NETWORK,NA_HOST_NETWORK,91299840/1658925056,phase4b
2026-08-09T23:24:55.024Z,D3,cc-unified,4.37,34.62,15823.57,NA_HOST_NETWORK,NA_HOST_NETWORK,3649536/339968,phase4b
2026-08-09T23:24:55.024Z,D3,orderer3.example.com,5.13,509.15,15823.57,NA_HOST_NETWORK,NA_HOST_NETWORK,1736704/1667969024,phase4b
2026-08-09T23:24:55.024Z,D3,peer0.org3.example.com,41.35,559.43,15823.57,NA_HOST_NETWORK,NA_HOST_NETWORK,120233984/1706975232,phase4b
2026-08-09T23:24:55.605Z,D4,cc-unified,1.85,31.33,15823.56,NA_HOST_NETWORK,NA_HOST_NETWORK,159744/0,phase4b
2026-08-09T23:24:55.605Z,D4,orderer.example.com,5.62,1104.82,15823.56,NA_HOST_NETWORK,NA_HOST_NETWORK,460144640/1168416768,phase4b
2026-08-09T23:24:55.605Z,D4,peer0.org4.example.com,10.84,841.38,15823.56,NA_HOST_NETWORK,NA_HOST_NETWORK,76492800/1709801472,phase4b
2026-08-09T23:24:56.520Z,D2,cc-unified,0.74,22.06,15914.51,NA_HOST_NETWORK,NA_HOST_NETWORK,1605632/364544,phase4b
2026-08-09T23:24:56.520Z,D2,orderer2.example.com,2.55,421.14,15914.51,NA_HOST_NETWORK,NA_HOST_NETWORK,7970816/1661784064,phase4b
2026-08-09T23:24:56.520Z,D2,peer0.org2.example.com,15.74,494.05,15914.51,NA_HOST_NETWORK,NA_HOST_NETWORK,211566592/2549379072,phase4b
2026-08-09T23:24:56.561Z,D1,cc-unified,1.99,38.27,7815.99,NA_HOST_NETWORK,NA_HOST_NETWORK,618496/0,phase4b
2026-08-09T23:24:56.561Z,D1,HARNESS_bench.js,15.0,137.01,7815.99,NA,NA,threads=11,phase4b
2026-08-09T23:24:56.561Z,D1,peer0.org1.example.com,47.59,593.06,7815.99,NA_HOST_NETWORK,NA_HOST_NETWORK,92700672/1678680064,phase4b
2026-08-09T23:24:57.121Z,D3,cc-unified,2.19,34.30,15823.57,NA_HOST_NETWORK,NA_HOST_NETWORK,3649536/339968,phase4b
2026-08-09T23:24:57.121Z,D3,orderer3.example.com,4.13,511.48,15823.57,NA_HOST_NETWORK,NA_HOST_NETWORK,1736704/1668620288,phase4b
2026-08-09T23:24:57.121Z,D3,peer0.org3.example.com,29.62,560.35,15823.57,NA_HOST_NETWORK,NA_HOST_NETWORK,120233984/1707499520,phase4b
2026-08-09T23:24:57.663Z,D4,cc-unified,1.68,30.31,15823.56,NA_HOST_NETWORK,NA_HOST_NETWORK,159744/0,phase4b
2026-08-09T23:24:57.663Z,D4,orderer.example.com,12.41,1107.40,15823.56,NA_HOST_NETWORK,NA_HOST_NETWORK,460144640/1169010688,phase4b
2026-08-09T23:24:57.663Z,D4,peer0.org4.example.com,23.46,840.74,15823.56,NA_HOST_NETWORK,NA_HOST_NETWORK,76492800/1710284800,phase4b
2026-08-09T23:24:58.581Z,D2,cc-unified,1.28,22.78,15914.51,NA_HOST_NETWORK,NA_HOST_NETWORK,1605632/364544,phase4b
2026-08-09T23:24:58.581Z,D2,orderer2.example.com,1.91,423.78,15914.51,NA_HOST_NETWORK,NA_HOST_NETWORK,7970816/1662287872,phase4b
2026-08-09T23:24:58.581Z,D2,peer0.org2.example.com,21.95,490.58,15914.51,NA_HOST_NETWORK,NA_HOST_NETWORK,211566592/2549747712,phase4b
2026-08-09T23:24:58.636Z,D1,cc-unified,1.25,32.08,7815.99,NA_HOST_NETWORK,NA_HOST_NETWORK,618496/0,phase4b
2026-08-09T23:24:58.636Z,D1,HARNESS_bench.js,12.1,138.54,7815.99,NA,NA,threads=11,phase4b
2026-08-09T23:24:58.636Z,D1,peer0.org1.example.com,41.52,613.77,7815.99,NA_HOST_NETWORK,NA_HOST_NETWORK,93655040/1698357248,phase4b
2026-08-09T23:24:59.284Z,D3,cc-unified,2.46,34.61,15823.57,NA_HOST_NETWORK,NA_HOST_NETWORK,3649536/339968,phase4b
2026-08-09T23:24:59.284Z,D3,orderer3.example.com,3.44,513.51,15823.57,NA_HOST_NETWORK,NA_HOST_NETWORK,1736704/1669230592,phase4b
2026-08-09T23:24:59.284Z,D3,peer0.org3.example.com,22.83,560.63,15823.57,NA_HOST_NETWORK,NA_HOST_NETWORK,120233984/1707937792,phase4b
2026-08-09T23:24:59.746Z,D4,cc-unified,1.07,30.37,15823.56,NA_HOST_NETWORK,NA_HOST_NETWORK,159744/0,phase4b
2026-08-09T23:24:59.746Z,D4,orderer.example.com,3.53,1111.96,15823.56,NA_HOST_NETWORK,NA_HOST_NETWORK,460144640/1169481728,phase4b
2026-08-09T23:24:59.746Z,D4,peer0.org4.example.com,7.60,840.81,15823.56,NA_HOST_NETWORK,NA_HOST_NETWORK,76492800/1710616576,phase4b
2026-08-09T23:25:00.662Z,D2,cc-unified,0.63,22.30,15914.51,NA_HOST_NETWORK,NA_HOST_NETWORK,1605632/364544,phase4b
2026-08-09T23:25:00.662Z,D2,orderer2.example.com,1.46,425.36,15914.51,NA_HOST_NETWORK,NA_HOST_NETWORK,7970816/1662689280,phase4b
2026-08-09T23:25:00.662Z,D2,peer0.org2.example.com,18.49,491.32,15914.51,NA_HOST_NETWORK,NA_HOST_NETWORK,211566592/2550087680,phase4b
2026-08-09T23:25:00.781Z,D1,cc-unified,0.51,31.69,7815.99,NA_HOST_NETWORK,NA_HOST_NETWORK,618496/0,phase4b
2026-08-09T23:25:00.781Z,D1,HARNESS_bench.js,12.8,141.79,7815.99,NA,NA,threads=11,phase4b
2026-08-09T23:25:00.781Z,D1,peer0.org1.example.com,27.57,626.41,7815.99,NA_HOST_NETWORK,NA_HOST_NETWORK,97894400/1707159552,phase4b
2026-08-09T23:25:01.426Z,D3,cc-unified,2.19,34.82,15823.57,NA_HOST_NETWORK,NA_HOST_NETWORK,3649536/339968,phase4b
2026-08-09T23:25:01.426Z,D3,orderer3.example.com,2.89,516.11,15823.57,NA_HOST_NETWORK,NA_HOST_NETWORK,1736704/1669697536,phase4b
2026-08-09T23:25:01.426Z,D3,peer0.org3.example.com,20.51,560.98,15823.57,NA_HOST_NETWORK,NA_HOST_NETWORK,120233984/1708314624,phase4b
2026-08-09T23:25:01.822Z,D4,cc-unified,3.12,29.78,15823.56,NA_HOST_NETWORK,NA_HOST_NETWORK,159744/0,phase4b
2026-08-09T23:25:01.822Z,D4,orderer.example.com,11.99,1118.26,15823.56,NA_HOST_NETWORK,NA_HOST_NETWORK,460144640/1170071552,phase4b
2026-08-09T23:25:01.822Z,D4,peer0.org4.example.com,22.09,840.13,15823.56,NA_HOST_NETWORK,NA_HOST_NETWORK,76492800/1711058944,phase4b
2026-08-09T23:25:02.737Z,D2,cc-unified,1.42,22.29,15914.51,NA_HOST_NETWORK,NA_HOST_NETWORK,1605632/364544,phase4b
2026-08-09T23:25:02.737Z,D2,orderer2.example.com,2.48,428.34,15914.51,NA_HOST_NETWORK,NA_HOST_NETWORK,7970816/1663266816,phase4b
2026-08-09T23:25:02.737Z,D2,peer0.org2.example.com,21.80,499.72,15914.51,NA_HOST_NETWORK,NA_HOST_NETWORK,211566592/2550472704,phase4b
2026-08-09T23:25:02.893Z,D1,cc-unified,2.48,30.89,7815.99,NA_HOST_NETWORK,NA_HOST_NETWORK,618496/0,phase4b
2026-08-09T23:25:02.893Z,D1,HARNESS_bench.js,15.2,145.01,7815.99,NA,NA,threads=11,phase4b
2026-08-09T23:25:02.893Z,D1,peer0.org1.example.com,42.28,588.67,7815.99,NA_HOST_NETWORK,NA_HOST_NETWORK,98066432/1710223360,phase4b
2026-08-09T23:25:03.582Z,D3,cc-unified,3.03,36.12,15823.57,NA_HOST_NETWORK,NA_HOST_NETWORK,3649536/339968,phase4b
2026-08-09T23:25:03.582Z,D3,orderer3.example.com,3.71,518.69,15823.57,NA_HOST_NETWORK,NA_HOST_NETWORK,1736704/1670418432,phase4b
2026-08-09T23:25:03.582Z,D3,peer0.org3.example.com,27.00,561.20,15823.57,NA_HOST_NETWORK,NA_HOST_NETWORK,120233984/1708879872,phase4b
2026-08-09T23:25:03.934Z,D4,cc-unified,2.00,32.00,15823.56,NA_HOST_NETWORK,NA_HOST_NETWORK,159744/0,phase4b
2026-08-09T23:25:03.934Z,D4,orderer.example.com,11.53,1124.32,15823.56,NA_HOST_NETWORK,NA_HOST_NETWORK,460144640/1170710528,phase4b
2026-08-09T23:25:03.934Z,D4,peer0.org4.example.com,19.72,842.21,15823.56,NA_HOST_NETWORK,NA_HOST_NETWORK,76492800/1711587328,phase4b
2026-08-09T23:25:04.818Z,D2,cc-unified,1.84,22.05,15914.51,NA_HOST_NETWORK,NA_HOST_NETWORK,1605632/364544,phase4b
2026-08-09T23:25:04.818Z,D2,orderer2.example.com,2.53,431.49,15914.51,NA_HOST_NETWORK,NA_HOST_NETWORK,7970816/1664401408,phase4b
2026-08-09T23:25:04.818Z,D2,peer0.org2.example.com,17.25,494.00,15914.51,NA_HOST_NETWORK,NA_HOST_NETWORK,211566592/2550824960,phase4b
2026-08-09T23:25:04.941Z,D1,cc-unified,2.92,31.65,7815.99,NA_HOST_NETWORK,NA_HOST_NETWORK,618496/0,phase4b
2026-08-09T23:25:04.941Z,D1,HARNESS_bench.js,20.1,147.42,7815.99,NA,NA,threads=11,phase4b
2026-08-09T23:25:04.941Z,D1,peer0.org1.example.com,36.75,581.14,7815.99,NA_HOST_NETWORK,NA_HOST_NETWORK,98066432/1710600192,phase4b
2026-08-09T23:25:05.740Z,D3,cc-unified,2.65,35.28,15823.57,NA_HOST_NETWORK,NA_HOST_NETWORK,3649536/339968,phase4b
2026-08-09T23:25:05.740Z,D3,orderer3.example.com,3.26,521.11,15823.57,NA_HOST_NETWORK,NA_HOST_NETWORK,1736704/1671053312,phase4b
2026-08-09T23:25:05.740Z,D3,peer0.org3.example.com,26.43,561.91,15823.57,NA_HOST_NETWORK,NA_HOST_NETWORK,120233984/1709375488,phase4b
2026-08-09T23:25:05.981Z,D4,cc-unified,3.38,26.11,15823.56,NA_HOST_NETWORK,NA_HOST_NETWORK,159744/0,phase4b
2026-08-09T23:25:05.981Z,D4,orderer.example.com,6.79,1132.25,15823.56,NA_HOST_NETWORK,NA_HOST_NETWORK,460144640/1171304448,phase4b
2026-08-09T23:25:05.981Z,D4,peer0.org4.example.com,20.02,848.95,15823.56,NA_HOST_NETWORK,NA_HOST_NETWORK,76492800/1712050176,phase4b
2026-08-09T23:25:06.904Z,D2,cc-unified,1.11,22.06,15914.51,NA_HOST_NETWORK,NA_HOST_NETWORK,1605632/364544,phase4b
2026-08-09T23:25:06.904Z,D2,orderer2.example.com,1.76,433.74,15914.51,NA_HOST_NETWORK,NA_HOST_NETWORK,7970816/1664831488,phase4b
2026-08-09T23:25:06.904Z,D2,peer0.org2.example.com,19.94,508.72,15914.51,NA_HOST_NETWORK,NA_HOST_NETWORK,211566592/2551140352,phase4b
2026-08-09T23:25:07.074Z,D1,cc-unified,3.50,28.93,7815.99,NA_HOST_NETWORK,NA_HOST_NETWORK,618496/0,phase4b
2026-08-09T23:25:07.074Z,D1,HARNESS_bench.js,15.1,151.13,7815.99,NA,NA,threads=11,phase4b
2026-08-09T23:25:07.074Z,D1,peer0.org1.example.com,34.78,571.80,7815.99,NA_HOST_NETWORK,NA_HOST_NETWORK,98066432/1711128576,phase4b
2026-08-09T23:25:07.874Z,D3,cc-unified,3.09,34.75,15823.57,NA_HOST_NETWORK,NA_HOST_NETWORK,3649536/339968,phase4b
2026-08-09T23:25:07.874Z,D3,orderer3.example.com,3.90,523.07,15823.57,NA_HOST_NETWORK,NA_HOST_NETWORK,1736704/1671749632,phase4b
2026-08-09T23:25:07.874Z,D3,peer0.org3.example.com,30.80,561.52,15823.57,NA_HOST_NETWORK,NA_HOST_NETWORK,120233984/1709953024,phase4b
2026-08-09T23:25:08.057Z,D4,cc-unified,1.62,26.40,15823.56,NA_HOST_NETWORK,NA_HOST_NETWORK,159744/0,phase4b
2026-08-09T23:25:08.057Z,D4,orderer.example.com,10.54,1134.25,15823.56,NA_HOST_NETWORK,NA_HOST_NETWORK,460144640/1172070400,phase4b
2026-08-09T23:25:08.057Z,D4,peer0.org4.example.com,17.97,850.80,15823.56,NA_HOST_NETWORK,NA_HOST_NETWORK,76492800/1712627712,phase4b
2026-08-09T23:25:08.982Z,D2,cc-unified,1.10,21.82,15914.51,NA_HOST_NETWORK,NA_HOST_NETWORK,1605632/364544,phase4b
2026-08-09T23:25:08.982Z,D2,orderer2.example.com,2.29,436.57,15914.51,NA_HOST_NETWORK,NA_HOST_NETWORK,7970816/1665445888,phase4b
2026-08-09T23:25:08.982Z,D2,peer0.org2.example.com,18.43,511.79,15914.51,NA_HOST_NETWORK,NA_HOST_NETWORK,211570688/2553049088,phase4b
2026-08-09T23:25:09.199Z,D1,cc-unified,1.75,28.69,7815.99,NA_HOST_NETWORK,NA_HOST_NETWORK,618496/0,phase4b
2026-08-09T23:25:09.199Z,D1,HARNESS_bench.js,13.1,153.68,7815.99,NA,NA,threads=11,phase4b
2026-08-09T23:25:09.199Z,D1,peer0.org1.example.com,36.21,561.26,7815.99,NA_HOST_NETWORK,NA_HOST_NETWORK,98066432/1711607808,phase4b
2026-08-09T23:25:10.032Z,D3,cc-unified,3.61,30.59,15823.57,NA_HOST_NETWORK,NA_HOST_NETWORK,3649536/339968,phase4b
2026-08-09T23:25:10.032Z,D3,orderer3.example.com,3.77,526.12,15823.57,NA_HOST_NETWORK,NA_HOST_NETWORK,1736704/1672396800,phase4b
2026-08-09T23:25:10.032Z,D3,peer0.org3.example.com,27.82,561.71,15823.57,NA_HOST_NETWORK,NA_HOST_NETWORK,120233984/1710456832,phase4b
2026-08-09T23:25:10.102Z,D4,cc-unified,1.01,26.66,15823.56,NA_HOST_NETWORK,NA_HOST_NETWORK,159744/0,phase4b
2026-08-09T23:25:10.102Z,D4,orderer.example.com,4.54,1134.57,15823.56,NA_HOST_NETWORK,NA_HOST_NETWORK,460144640/1172652032,phase4b
2026-08-09T23:25:10.102Z,D4,peer0.org4.example.com,9.09,851.53,15823.56,NA_HOST_NETWORK,NA_HOST_NETWORK,76492800/1713135616,phase4b
2026-08-09T23:25:11.040Z,D2,cc-unified,0.90,21.82,15914.51,NA_HOST_NETWORK,NA_HOST_NETWORK,1605632/364544,phase4b
2026-08-09T23:25:11.040Z,D2,orderer2.example.com,2.40,440.43,15914.51,NA_HOST_NETWORK,NA_HOST_NETWORK,7970816/1666404352,phase4b
2026-08-09T23:25:11.040Z,D2,peer0.org2.example.com,16.82,512.71,15914.51,NA_HOST_NETWORK,NA_HOST_NETWORK,211570688/2553294848,phase4b
2026-08-09T23:25:11.265Z,D1,cc-unified,1.52,28.22,7815.99,NA_HOST_NETWORK,NA_HOST_NETWORK,618496/0,phase4b
2026-08-09T23:25:11.265Z,D1,HARNESS_bench.js,12.0,156.03,7815.99,NA,NA,threads=11,phase4b
2026-08-09T23:25:11.265Z,D1,peer0.org1.example.com,25.10,562.04,7815.99,NA_HOST_NETWORK,NA_HOST_NETWORK,98066432/1711964160,phase4b
2026-08-09T23:25:12.152Z,D4,cc-unified,1.45,26.18,15823.56,NA_HOST_NETWORK,NA_HOST_NETWORK,159744/0,phase4b
2026-08-09T23:25:12.152Z,D4,orderer.example.com,4.80,1135.10,15823.56,NA_HOST_NETWORK,NA_HOST_NETWORK,460144640/1173041152,phase4b
2026-08-09T23:25:12.152Z,D4,peer0.org4.example.com,10.54,851.10,15823.56,NA_HOST_NETWORK,NA_HOST_NETWORK,76492800/1713463296,phase4b
2026-08-09T23:25:12.194Z,D3,cc-unified,2.43,31.80,15823.57,NA_HOST_NETWORK,NA_HOST_NETWORK,3649536/339968,phase4b
2026-08-09T23:25:12.194Z,D3,orderer3.example.com,2.75,527.72,15823.57,NA_HOST_NETWORK,NA_HOST_NETWORK,1736704/1672790016,phase4b
2026-08-09T23:25:12.194Z,D3,peer0.org3.example.com,18.50,559.71,15823.57,NA_HOST_NETWORK,NA_HOST_NETWORK,120233984/1712431104,phase4b
2026-08-09T23:25:13.117Z,D2,cc-unified,0.91,21.82,15914.51,NA_HOST_NETWORK,NA_HOST_NETWORK,1605632/364544,phase4b
2026-08-09T23:25:13.117Z,D2,orderer2.example.com,1.34,441.34,15914.51,NA_HOST_NETWORK,NA_HOST_NETWORK,7970816/1666650112,phase4b
2026-08-09T23:25:13.117Z,D2,peer0.org2.example.com,19.58,519.88,15914.51,NA_HOST_NETWORK,NA_HOST_NETWORK,211570688/2559893504,phase4b
2026-08-09T23:25:13.431Z,D1,cc-unified,1.70,27.47,7815.99,NA_HOST_NETWORK,NA_HOST_NETWORK,618496/0,phase4b
2026-08-09T23:25:13.431Z,D1,HARNESS_bench.js,15.6,159.64,7815.99,NA,NA,threads=11,phase4b
2026-08-09T23:25:13.431Z,D1,peer0.org1.example.com,33.32,564.68,7815.99,NA_HOST_NETWORK,NA_HOST_NETWORK,98066432/1712390144,phase4b
2026-08-09T23:25:14.296Z,D4,cc-unified,4.00,26.43,15823.56,NA_HOST_NETWORK,NA_HOST_NETWORK,159744/0,phase4b
2026-08-09T23:25:14.296Z,D4,orderer.example.com,9.74,1134.86,15823.56,NA_HOST_NETWORK,NA_HOST_NETWORK,460144640/1173635072,phase4b
2026-08-09T23:25:14.296Z,D4,peer0.org4.example.com,16.78,851.25,15823.56,NA_HOST_NETWORK,NA_HOST_NETWORK,76492800/1713967104,phase4b
2026-08-09T23:25:14.359Z,D3,cc-unified,2.89,31.04,15823.57,NA_HOST_NETWORK,NA_HOST_NETWORK,3649536/339968,phase4b
2026-08-09T23:25:14.359Z,D3,orderer3.example.com,4.03,529.64,15823.57,NA_HOST_NETWORK,NA_HOST_NETWORK,1736704/1673383936,phase4b
2026-08-09T23:25:14.359Z,D3,peer0.org3.example.com,29.00,560.82,15823.57,NA_HOST_NETWORK,NA_HOST_NETWORK,120233984/1712930816,phase4b
2026-08-09T23:25:15.276Z,D2,cc-unified,0.69,21.80,15914.51,NA_HOST_NETWORK,NA_HOST_NETWORK,1605632/393216,phase4b
2026-08-09T23:25:15.276Z,D2,orderer2.example.com,1.85,436.59,15914.51,NA_HOST_NETWORK,NA_HOST_NETWORK,7970816/1667051520,phase4b
2026-08-09T23:25:15.276Z,D2,peer0.org2.example.com,29.67,539.89,15914.51,NA_HOST_NETWORK,NA_HOST_NETWORK,211570688/2581639168,phase4b
2026-08-09T23:25:15.584Z,D1,cc-unified,2.65,28.47,7815.99,NA_HOST_NETWORK,NA_HOST_NETWORK,618496/0,phase4b
2026-08-09T23:25:15.584Z,D1,HARNESS_bench.js,10.5,161.84,7815.99,NA,NA,threads=11,phase4b
2026-08-09T23:25:15.584Z,D1,peer0.org1.example.com,35.21,567.21,7815.99,NA_HOST_NETWORK,NA_HOST_NETWORK,98066432/1712873472,phase4b
2026-08-09T23:25:16.433Z,D4,cc-unified,2.19,26.54,15823.56,NA_HOST_NETWORK,NA_HOST_NETWORK,159744/0,phase4b
2026-08-09T23:25:16.433Z,D4,orderer.example.com,7.17,1136.07,15823.56,NA_HOST_NETWORK,NA_HOST_NETWORK,460144640/1174269952,phase4b
2026-08-09T23:25:16.433Z,D4,peer0.org4.example.com,15.38,851.33,15823.56,NA_HOST_NETWORK,NA_HOST_NETWORK,76492800/1714483200,phase4b
2026-08-09T23:25:16.514Z,D3,cc-unified,2.03,30.85,15823.57,NA_HOST_NETWORK,NA_HOST_NETWORK,3649536/339968,phase4b
2026-08-09T23:25:16.514Z,D3,orderer3.example.com,3.40,533.07,15823.57,NA_HOST_NETWORK,NA_HOST_NETWORK,1736704/1674141696,phase4b
2026-08-09T23:25:16.514Z,D3,peer0.org3.example.com,44.18,564.50,15823.57,NA_HOST_NETWORK,NA_HOST_NETWORK,120238080/1763590144,phase4b
2026-08-09T23:25:17.333Z,D2,cc-unified,1.33,22.09,15914.51,NA_HOST_NETWORK,NA_HOST_NETWORK,1605632/393216,phase4b
2026-08-09T23:25:17.333Z,D2,orderer2.example.com,2.04,439.80,15914.51,NA_HOST_NETWORK,NA_HOST_NETWORK,7970816/1667710976,phase4b
2026-08-09T23:25:17.333Z,D2,peer0.org2.example.com,32.54,554.91,15914.51,NA_HOST_NETWORK,NA_HOST_NETWORK,211570688/2601029632,phase4b
2026-08-09T23:25:17.666Z,D1,cc-unified,1.97,29.01,7815.99,NA_HOST_NETWORK,NA_HOST_NETWORK,618496/0,phase4b
2026-08-09T23:25:17.666Z,D1,HARNESS_bench.js,12.1,165.07,7815.99,NA,NA,threads=11,phase4b
2026-08-09T23:25:17.666Z,D1,peer0.org1.example.com,26.25,567.69,7815.99,NA_HOST_NETWORK,NA_HOST_NETWORK,98066432/1713307648,phase4b
2026-08-09T23:25:18.485Z,D4,cc-unified,2.01,25.79,15823.56,NA_HOST_NETWORK,NA_HOST_NETWORK,159744/0,phase4b
2026-08-09T23:25:18.485Z,D4,orderer.example.com,8.91,1136.37,15823.56,NA_HOST_NETWORK,NA_HOST_NETWORK,460144640/1174921216,phase4b
2026-08-09T23:25:18.485Z,D4,peer0.org4.example.com,18.02,851.64,15823.56,NA_HOST_NETWORK,NA_HOST_NETWORK,76492800/1715023872,phase4b
2026-08-09T23:25:18.569Z,D3,cc-unified,2.85,30.36,15823.57,NA_HOST_NETWORK,NA_HOST_NETWORK,3649536/339968,phase4b
2026-08-09T23:25:18.569Z,D3,orderer3.example.com,4.96,534.19,15823.57,NA_HOST_NETWORK,NA_HOST_NETWORK,1736704/1674670080,phase4b
2026-08-09T23:25:18.569Z,D3,peer0.org3.example.com,21.05,566.30,15823.57,NA_HOST_NETWORK,NA_HOST_NETWORK,120238080/1764036608,phase4b
2026-08-09T23:25:19.421Z,D2,cc-unified,0.78,22.33,15914.51,NA_HOST_NETWORK,NA_HOST_NETWORK,1605632/393216,phase4b
2026-08-09T23:25:19.421Z,D2,orderer2.example.com,1.45,441.45,15914.51,NA_HOST_NETWORK,NA_HOST_NETWORK,7970816/1668173824,phase4b
2026-08-09T23:25:19.421Z,D2,peer0.org2.example.com,18.06,508.11,15914.51,NA_HOST_NETWORK,NA_HOST_NETWORK,211570688/2603831296,phase4b
2026-08-09T23:25:19.732Z,D1,cc-unified,1.60,29.01,7815.99,NA_HOST_NETWORK,NA_HOST_NETWORK,618496/0,phase4b
2026-08-09T23:25:19.732Z,D1,HARNESS_bench.js,12.4,168.06,7815.99,NA,NA,threads=11,phase4b
2026-08-09T23:25:19.732Z,D1,peer0.org1.example.com,26.87,564.29,7815.99,NA_HOST_NETWORK,NA_HOST_NETWORK,98066432/1713790976,phase4b
2026-08-09T23:25:20.626Z,D4,cc-unified,2.12,25.57,15823.56,NA_HOST_NETWORK,NA_HOST_NETWORK,159744/0,phase4b
2026-08-09T23:25:20.626Z,D4,orderer.example.com,11.93,1137.56,15823.56,NA_HOST_NETWORK,NA_HOST_NETWORK,460144640/1175568384,phase4b
2026-08-09T23:25:20.626Z,D4,peer0.org4.example.com,25.50,848.18,15823.56,NA_HOST_NETWORK,NA_HOST_NETWORK,76492800/1715544064,phase4b
2026-08-09T23:25:20.733Z,D3,cc-unified,3.33,30.57,15823.57,NA_HOST_NETWORK,NA_HOST_NETWORK,3649536/339968,phase4b
2026-08-09T23:25:20.733Z,D3,orderer3.example.com,3.84,536.16,15823.57,NA_HOST_NETWORK,NA_HOST_NETWORK,1736704/1675366400,phase4b
2026-08-09T23:25:20.733Z,D3,peer0.org3.example.com,31.00,567.34,15823.57,NA_HOST_NETWORK,NA_HOST_NETWORK,120238080/1764601856,phase4b
2026-08-09T23:25:21.502Z,D2,cc-unified,0.92,22.82,15914.51,NA_HOST_NETWORK,NA_HOST_NETWORK,1605632/393216,phase4b
2026-08-09T23:25:21.502Z,D2,orderer2.example.com,3.03,444.32,15914.51,NA_HOST_NETWORK,NA_HOST_NETWORK,7970816/1668673536,phase4b
2026-08-09T23:25:21.502Z,D2,peer0.org2.example.com,12.85,508.66,15914.51,NA_HOST_NETWORK,NA_HOST_NETWORK,211570688/2604093440,phase4b
2026-08-09T23:25:21.828Z,D1,cc-unified,1.33,29.14,7815.99,NA_HOST_NETWORK,NA_HOST_NETWORK,618496/0,phase4b
2026-08-09T23:25:21.828Z,D1,HARNESS_bench.js,13.3,167.34,7815.99,NA,NA,threads=11,phase4b
2026-08-09T23:25:21.828Z,D1,peer0.org1.example.com,35.80,565.65,7815.99,NA_HOST_NETWORK,NA_HOST_NETWORK,98066432/1714262016,phase4b
2026-08-09T23:25:22.673Z,D4,cc-unified,1.02,26.56,15823.56,NA_HOST_NETWORK,NA_HOST_NETWORK,159744/0,phase4b
2026-08-09T23:25:22.673Z,D4,orderer.example.com,3.56,1137.29,15823.56,NA_HOST_NETWORK,NA_HOST_NETWORK,460144640/1176158208,phase4b
2026-08-09T23:25:22.673Z,D4,peer0.org4.example.com,7.19,847.80,15823.56,NA_HOST_NETWORK,NA_HOST_NETWORK,76492800/1715982336,phase4b
2026-08-09T23:25:22.905Z,D3,cc-unified,2.99,30.43,15823.57,NA_HOST_NETWORK,NA_HOST_NETWORK,3649536/339968,phase4b
2026-08-09T23:25:22.905Z,D3,orderer3.example.com,3.03,537.32,15823.57,NA_HOST_NETWORK,NA_HOST_NETWORK,1736704/1676034048,phase4b
2026-08-09T23:25:22.905Z,D3,peer0.org3.example.com,25.70,567.07,15823.57,NA_HOST_NETWORK,NA_HOST_NETWORK,120238080/1765122048,phase4b
2026-08-09T23:25:23.589Z,D2,cc-unified,0.87,21.85,15914.51,NA_HOST_NETWORK,NA_HOST_NETWORK,1605632/393216,phase4b
2026-08-09T23:25:23.589Z,D2,orderer2.example.com,2.03,444.58,15914.51,NA_HOST_NETWORK,NA_HOST_NETWORK,7970816/1669496832,phase4b
2026-08-09T23:25:23.589Z,D2,peer0.org2.example.com,18.52,508.30,15914.51,NA_HOST_NETWORK,NA_HOST_NETWORK,211570688/2604343296,phase4b
2026-08-09T23:25:23.930Z,D1,cc-unified,3.14,29.16,7815.99,NA_HOST_NETWORK,NA_HOST_NETWORK,618496/0,phase4b
2026-08-09T23:25:23.930Z,D1,HARNESS_bench.js,9.2,167.70,7815.99,NA,NA,threads=11,phase4b
2026-08-09T23:25:23.930Z,D1,peer0.org1.example.com,28.65,565.75,7815.99,NA_HOST_NETWORK,NA_HOST_NETWORK,98066432/1714688000,phase4b
2026-08-09T23:25:24.720Z,D4,cc-unified,2.47,23.93,15823.56,NA_HOST_NETWORK,NA_HOST_NETWORK,159744/0,phase4b
2026-08-09T23:25:24.720Z,D4,orderer.example.com,7.37,1137.68,15823.56,NA_HOST_NETWORK,NA_HOST_NETWORK,460144640/1176682496,phase4b
2026-08-09T23:25:24.720Z,D4,peer0.org4.example.com,15.08,847.82,15823.56,NA_HOST_NETWORK,NA_HOST_NETWORK,76492800/1716441088,phase4b
2026-08-09T23:25:25.046Z,D3,cc-unified,1.99,30.93,15823.57,NA_HOST_NETWORK,NA_HOST_NETWORK,3649536/339968,phase4b
2026-08-09T23:25:25.046Z,D3,orderer3.example.com,3.21,538.21,15823.57,NA_HOST_NETWORK,NA_HOST_NETWORK,1736704/1676460032,phase4b
2026-08-09T23:25:25.046Z,D3,peer0.org3.example.com,23.47,567.92,15823.57,NA_HOST_NETWORK,NA_HOST_NETWORK,120242176/1765486592,phase4b
2026-08-09T23:25:25.657Z,D2,cc-unified,0.77,22.10,15914.51,NA_HOST_NETWORK,NA_HOST_NETWORK,1605632/393216,phase4b
2026-08-09T23:25:25.657Z,D2,orderer2.example.com,2.09,445.57,15914.51,NA_HOST_NETWORK,NA_HOST_NETWORK,7970816/1670025216,phase4b
2026-08-09T23:25:25.657Z,D2,peer0.org2.example.com,17.17,508.86,15914.51,NA_HOST_NETWORK,NA_HOST_NETWORK,211570688/2604609536,phase4b
2026-08-09T23:25:25.988Z,D1,cc-unified,2.23,29.36,7815.99,NA_HOST_NETWORK,NA_HOST_NETWORK,618496/0,phase4b
2026-08-09T23:25:25.988Z,D1,HARNESS_bench.js,15.2,140.68,7815.99,NA,NA,threads=11,phase4b
2026-08-09T23:25:25.988Z,D1,peer0.org1.example.com,31.90,566.89,7815.99,NA_HOST_NETWORK,NA_HOST_NETWORK,98066432/1715109888,phase4b
2026-08-09T23:25:26.863Z,D4,cc-unified,1.94,24.69,15823.56,NA_HOST_NETWORK,NA_HOST_NETWORK,159744/0,phase4b
2026-08-09T23:25:26.863Z,D4,orderer.example.com,9.16,1137.12,15823.56,NA_HOST_NETWORK,NA_HOST_NETWORK,460144640/1177219072,phase4b
2026-08-09T23:25:26.863Z,D4,peer0.org4.example.com,15.80,848.05,15823.56,NA_HOST_NETWORK,NA_HOST_NETWORK,76492800/1716871168,phase4b
2026-08-09T23:25:27.130Z,D3,cc-unified,1.05,29.42,15823.57,NA_HOST_NETWORK,NA_HOST_NETWORK,3649536/339968,phase4b
2026-08-09T23:25:27.130Z,D3,orderer3.example.com,3.27,538.35,15823.57,NA_HOST_NETWORK,NA_HOST_NETWORK,1736704/1677078528,phase4b
2026-08-09T23:25:27.130Z,D3,peer0.org3.example.com,24.52,567.84,15823.57,NA_HOST_NETWORK,NA_HOST_NETWORK,120242176/1765974016,phase4b
2026-08-09T23:25:27.743Z,D2,cc-unified,1.22,22.36,15914.51,NA_HOST_NETWORK,NA_HOST_NETWORK,1605632/393216,phase4b
2026-08-09T23:25:27.743Z,D2,orderer2.example.com,1.51,445.95,15914.51,NA_HOST_NETWORK,NA_HOST_NETWORK,7970816/1670361088,phase4b
2026-08-09T23:25:27.743Z,D2,peer0.org2.example.com,13.62,509.54,15914.51,NA_HOST_NETWORK,NA_HOST_NETWORK,211570688/2604826624,phase4b
2026-08-09T23:25:28.097Z,D1,cc-unified,1.87,29.37,7815.99,NA_HOST_NETWORK,NA_HOST_NETWORK,618496/0,phase4b
2026-08-09T23:25:28.097Z,D1,HARNESS_bench.js,14.4,140.84,7815.99,NA,NA,threads=11,phase4b
2026-08-09T23:25:28.097Z,D1,peer0.org1.example.com,28.86,566.78,7815.99,NA_HOST_NETWORK,NA_HOST_NETWORK,98066432/1715531776,phase4b
2026-08-09T23:25:28.910Z,D4,cc-unified,1.09,25.19,15823.56,NA_HOST_NETWORK,NA_HOST_NETWORK,159744/0,phase4b
2026-08-09T23:25:28.910Z,D4,orderer.example.com,3.76,1137.28,15823.56,NA_HOST_NETWORK,NA_HOST_NETWORK,460144640/1177669632,phase4b
2026-08-09T23:25:28.910Z,D4,peer0.org4.example.com,6.25,849.25,15823.56,NA_HOST_NETWORK,NA_HOST_NETWORK,76492800/1717264384,phase4b
2026-08-09T23:25:29.176Z,D3,cc-unified,1.49,29.20,15823.57,NA_HOST_NETWORK,NA_HOST_NETWORK,3649536/339968,phase4b
2026-08-09T23:25:29.176Z,D3,orderer3.example.com,3.22,539.62,15823.57,NA_HOST_NETWORK,NA_HOST_NETWORK,1736704/1677582336,phase4b
2026-08-09T23:25:29.176Z,D3,peer0.org3.example.com,18.86,576.37,15823.57,NA_HOST_NETWORK,NA_HOST_NETWORK,120242176/1766395904,phase4b
2026-08-09T23:25:29.831Z,D2,cc-unified,1.12,22.35,15914.51,NA_HOST_NETWORK,NA_HOST_NETWORK,1605632/393216,phase4b
2026-08-09T23:25:29.831Z,D2,orderer2.example.com,2.44,446.49,15914.51,NA_HOST_NETWORK,NA_HOST_NETWORK,7970816/1671233536,phase4b
2026-08-09T23:25:29.831Z,D2,peer0.org2.example.com,17.59,509.48,15914.51,NA_HOST_NETWORK,NA_HOST_NETWORK,211570688/2605047808,phase4b
2026-08-09T23:25:30.244Z,D1,cc-unified,2.66,29.17,7815.99,NA_HOST_NETWORK,NA_HOST_NETWORK,618496/0,phase4b
2026-08-09T23:25:30.244Z,D1,HARNESS_bench.js,14.0,140.94,7815.99,NA,NA,threads=11,phase4b
2026-08-09T23:25:30.244Z,D1,peer0.org1.example.com,35.61,566.93,7815.99,NA_HOST_NETWORK,NA_HOST_NETWORK,98066432/1716047872,phase4b
2026-08-09T23:25:31.019Z,D4,cc-unified,3.41,25.41,15823.56,NA_HOST_NETWORK,NA_HOST_NETWORK,159744/0,phase4b
2026-08-09T23:25:31.019Z,D4,orderer.example.com,14.62,1139.75,15823.56,NA_HOST_NETWORK,NA_HOST_NETWORK,460144640/1178390528,phase4b
2026-08-09T23:25:31.019Z,D4,peer0.org4.example.com,28.86,850.04,15823.56,NA_HOST_NETWORK,NA_HOST_NETWORK,76492800/1717837824,phase4b
2026-08-09T23:25:31.221Z,D3,cc-unified,2.23,29.95,15823.57,NA_HOST_NETWORK,NA_HOST_NETWORK,3649536/339968,phase4b
2026-08-09T23:25:31.221Z,D3,orderer3.example.com,3.37,539.66,15823.57,NA_HOST_NETWORK,NA_HOST_NETWORK,1736704/1678135296,phase4b
2026-08-09T23:25:31.221Z,D3,peer0.org3.example.com,25.71,569.64,15823.57,NA_HOST_NETWORK,NA_HOST_NETWORK,120242176/1766850560,phase4b
2026-08-09T23:25:31.916Z,D2,cc-unified,1.99,21.86,15914.51,NA_HOST_NETWORK,NA_HOST_NETWORK,1605632/393216,phase4b
2026-08-09T23:25:31.916Z,D2,orderer2.example.com,1.94,447.04,15914.51,NA_HOST_NETWORK,NA_HOST_NETWORK,7970816/1671843840,phase4b
2026-08-09T23:25:31.916Z,D2,peer0.org2.example.com,16.84,517.14,15914.51,NA_HOST_NETWORK,NA_HOST_NETWORK,211570688/2605256704,phase4b
2026-08-09T23:25:32.391Z,D1,cc-unified,1.85,28.52,7815.99,NA_HOST_NETWORK,NA_HOST_NETWORK,618496/0,phase4b
2026-08-09T23:25:32.391Z,D1,HARNESS_bench.js,12.3,140.94,7815.99,NA,NA,threads=11,phase4b
2026-08-09T23:25:32.391Z,D1,peer0.org1.example.com,24.10,566.75,7815.99,NA_HOST_NETWORK,NA_HOST_NETWORK,98066432/1716396032,phase4b
2026-08-09T23:25:33.153Z,D4,cc-unified,1.03,25.64,15823.56,NA_HOST_NETWORK,NA_HOST_NETWORK,159744/0,phase4b
2026-08-09T23:25:33.153Z,D4,orderer.example.com,6.14,1140.11,15823.56,NA_HOST_NETWORK,NA_HOST_NETWORK,460144640/1178722304,phase4b
2026-08-09T23:25:33.153Z,D4,peer0.org4.example.com,12.14,849.81,15823.56,NA_HOST_NETWORK,NA_HOST_NETWORK,76492800/1718104064,phase4b
2026-08-09T23:25:33.270Z,D3,cc-unified,1.28,29.93,15823.57,NA_HOST_NETWORK,NA_HOST_NETWORK,3649536/339968,phase4b
2026-08-09T23:25:33.270Z,D3,orderer3.example.com,2.45,540.41,15823.57,NA_HOST_NETWORK,NA_HOST_NETWORK,1736704/1678516224,phase4b
2026-08-09T23:25:33.270Z,D3,peer0.org3.example.com,16.61,569.34,15823.57,NA_HOST_NETWORK,NA_HOST_NETWORK,120242176/1767157760,phase4b
2026-08-09T23:25:34.003Z,D2,cc-unified,0.72,22.11,15914.51,NA_HOST_NETWORK,NA_HOST_NETWORK,1605632/393216,phase4b
2026-08-09T23:25:34.003Z,D2,orderer2.example.com,1.80,447.01,15914.51,NA_HOST_NETWORK,NA_HOST_NETWORK,7970816/1672228864,phase4b
2026-08-09T23:25:34.003Z,D2,peer0.org2.example.com,11.68,509.81,15914.51,NA_HOST_NETWORK,NA_HOST_NETWORK,211570688/2605490176,phase4b
2026-08-09T23:25:34.510Z,D1,cc-unified,1.08,29.21,7815.99,NA_HOST_NETWORK,NA_HOST_NETWORK,618496/0,phase4b
2026-08-09T23:25:34.510Z,D1,HARNESS_bench.js,8.4,140.94,7815.99,NA,NA,threads=11,phase4b
2026-08-09T23:25:34.510Z,D1,peer0.org1.example.com,22.88,566.84,7815.99,NA_HOST_NETWORK,NA_HOST_NETWORK,98066432/1716736000,phase4b
2026-08-09T23:25:35.209Z,D4,cc-unified,1.21,26.06,15823.56,NA_HOST_NETWORK,NA_HOST_NETWORK,159744/0,phase4b
2026-08-09T23:25:35.209Z,D4,orderer.example.com,4.12,1124.84,15823.56,NA_HOST_NETWORK,NA_HOST_NETWORK,460144640/1179185152,phase4b
2026-08-09T23:25:35.209Z,D4,peer0.org4.example.com,6.30,850.54,15823.56,NA_HOST_NETWORK,NA_HOST_NETWORK,76492800/1718501376,phase4b
2026-08-09T23:25:35.436Z,D3,cc-unified,1.66,30.65,15823.57,NA_HOST_NETWORK,NA_HOST_NETWORK,3649536/339968,phase4b
2026-08-09T23:25:35.436Z,D3,orderer3.example.com,3.28,541.39,15823.57,NA_HOST_NETWORK,NA_HOST_NETWORK,1736704/1678958592,phase4b
2026-08-09T23:25:35.436Z,D3,peer0.org3.example.com,16.52,569.83,15823.57,NA_HOST_NETWORK,NA_HOST_NETWORK,120242176/1767542784,phase4b
2026-08-09T23:25:36.156Z,D2,cc-unified,1.07,22.34,15914.51,NA_HOST_NETWORK,NA_HOST_NETWORK,1605632/393216,phase4b
2026-08-09T23:25:36.156Z,D2,orderer2.example.com,2.12,447.66,15914.51,NA_HOST_NETWORK,NA_HOST_NETWORK,7970816/1672949760,phase4b
2026-08-09T23:25:36.156Z,D2,peer0.org2.example.com,16.43,509.96,15914.51,NA_HOST_NETWORK,NA_HOST_NETWORK,211570688/2605690880,phase4b
2026-08-09T23:25:36.697Z,D1,cc-unified,2.38,28.50,7815.99,NA_HOST_NETWORK,NA_HOST_NETWORK,618496/0,phase4b
2026-08-09T23:25:36.697Z,D1,HARNESS_bench.js,14.3,140.94,7815.99,NA,NA,threads=11,phase4b
2026-08-09T23:25:36.697Z,D1,peer0.org1.example.com,31.45,568.27,7815.99,NA_HOST_NETWORK,NA_HOST_NETWORK,98066432/1717141504,phase4b
2026-08-09T23:25:37.316Z,D4,cc-unified,1.63,25.87,15823.56,NA_HOST_NETWORK,NA_HOST_NETWORK,159744/0,phase4b
2026-08-09T23:25:37.316Z,D4,orderer.example.com,5.56,1126.13,15823.56,NA_HOST_NETWORK,NA_HOST_NETWORK,460144640/1179725824,phase4b
2026-08-09T23:25:37.316Z,D4,peer0.org4.example.com,9.72,850.77,15823.56,NA_HOST_NETWORK,NA_HOST_NETWORK,76492800/1718890496,phase4b
2026-08-09T23:25:37.652Z,D3,cc-unified,1.09,29.92,15823.57,NA_HOST_NETWORK,NA_HOST_NETWORK,3649536/339968,phase4b
2026-08-09T23:25:37.652Z,D3,orderer3.example.com,2.71,542.28,15823.57,NA_HOST_NETWORK,NA_HOST_NETWORK,1736704/1679474688,phase4b
2026-08-09T23:25:37.652Z,D3,peer0.org3.example.com,18.31,569.60,15823.57,NA_HOST_NETWORK,NA_HOST_NETWORK,120242176/1767960576,phase4b
2026-08-09T23:25:38.213Z,D2,cc-unified,1.02,21.86,15914.51,NA_HOST_NETWORK,NA_HOST_NETWORK,1605632/393216,phase4b
2026-08-09T23:25:38.213Z,D2,orderer2.example.com,1.94,448.33,15914.51,NA_HOST_NETWORK,NA_HOST_NETWORK,7970816/1673437184,phase4b
2026-08-09T23:25:38.213Z,D2,peer0.org2.example.com,14.70,518.28,15914.51,NA_HOST_NETWORK,NA_HOST_NETWORK,211570688/2605891584,phase4b
2026-08-09T23:25:38.763Z,D1,cc-unified,3.47,28.02,7815.99,NA_HOST_NETWORK,NA_HOST_NETWORK,618496/0,phase4b
2026-08-09T23:25:38.763Z,D1,HARNESS_bench.js,13.0,140.47,7815.99,NA,NA,threads=11,phase4b
2026-08-09T23:25:38.763Z,D1,peer0.org1.example.com,39.65,567.64,7815.99,NA_HOST_NETWORK,NA_HOST_NETWORK,98066432/1717518336,phase4b
2026-08-09T23:25:39.361Z,D4,cc-unified,2.43,25.59,15823.56,NA_HOST_NETWORK,NA_HOST_NETWORK,159744/0,phase4b
2026-08-09T23:25:39.361Z,D4,orderer.example.com,10.37,1129.32,15823.56,NA_HOST_NETWORK,NA_HOST_NETWORK,460144640/1180184576,phase4b
2026-08-09T23:25:39.361Z,D4,peer0.org4.example.com,18.41,850.39,15823.56,NA_HOST_NETWORK,NA_HOST_NETWORK,76492800/1719259136,phase4b
2026-08-09T23:25:39.704Z,D3,cc-unified,4.15,31.19,15823.57,NA_HOST_NETWORK,NA_HOST_NETWORK,3649536/339968,phase4b
2026-08-09T23:25:39.704Z,D3,orderer3.example.com,3.34,542.74,15823.57,NA_HOST_NETWORK,NA_HOST_NETWORK,1736704/1680044032,phase4b
2026-08-09T23:25:39.704Z,D3,peer0.org3.example.com,23.33,570.60,15823.57,NA_HOST_NETWORK,NA_HOST_NETWORK,120246272/1768419328,phase4b
2026-08-09T23:25:40.285Z,D2,cc-unified,1.35,22.32,15914.51,NA_HOST_NETWORK,NA_HOST_NETWORK,1605632/393216,phase4b
2026-08-09T23:25:40.285Z,D2,orderer2.example.com,2.17,448.64,15914.51,NA_HOST_NETWORK,NA_HOST_NETWORK,7970816/1674006528,phase4b
2026-08-09T23:25:40.285Z,D2,peer0.org2.example.com,11.75,509.76,15914.51,NA_HOST_NETWORK,NA_HOST_NETWORK,211570688/2606075904,phase4b
2026-08-09T23:25:40.911Z,D1,cc-unified,1.71,27.29,7815.99,NA_HOST_NETWORK,NA_HOST_NETWORK,618496/0,phase4b
2026-08-09T23:25:40.911Z,D1,HARNESS_bench.js,10.3,140.71,7815.99,NA,NA,threads=11,phase4b
2026-08-09T23:25:40.911Z,D1,peer0.org1.example.com,28.16,568.26,7815.99,NA_HOST_NETWORK,NA_HOST_NETWORK,98066432/1717940224,phase4b
2026-08-09T23:25:41.479Z,D4,cc-unified,0.97,23.88,15823.56,NA_HOST_NETWORK,NA_HOST_NETWORK,159744/0,phase4b
2026-08-09T23:25:41.479Z,D4,orderer.example.com,3.92,1129.52,15823.56,NA_HOST_NETWORK,NA_HOST_NETWORK,460144640/1180569600,phase4b
2026-08-09T23:25:41.479Z,D4,peer0.org4.example.com,8.95,849.42,15823.56,NA_HOST_NETWORK,NA_HOST_NETWORK,76492800/1719660544,phase4b
2026-08-09T23:25:41.867Z,D3,cc-unified,1.34,30.36,15823.57,NA_HOST_NETWORK,NA_HOST_NETWORK,3649536/339968,phase4b
2026-08-09T23:25:41.867Z,D3,orderer3.example.com,2.86,543.43,15823.57,NA_HOST_NETWORK,NA_HOST_NETWORK,1736704/1680523264,phase4b
2026-08-09T23:25:41.867Z,D3,peer0.org3.example.com,18.23,570.23,15823.57,NA_HOST_NETWORK,NA_HOST_NETWORK,120246272/1768828928,phase4b
2026-08-09T23:25:42.357Z,D2,cc-unified,0.89,21.86,15914.51,NA_HOST_NETWORK,NA_HOST_NETWORK,1605632/393216,phase4b
2026-08-09T23:25:42.357Z,D2,orderer2.example.com,1.86,449.26,15914.51,NA_HOST_NETWORK,NA_HOST_NETWORK,7970816/1674506240,phase4b
2026-08-09T23:25:42.357Z,D2,peer0.org2.example.com,15.28,510.16,15914.51,NA_HOST_NETWORK,NA_HOST_NETWORK,211570688/2606329856,phase4b
2026-08-09T23:25:43.053Z,D1,cc-unified,1.98,27.03,7815.99,NA_HOST_NETWORK,NA_HOST_NETWORK,618496/0,phase4b
2026-08-09T23:25:43.053Z,D1,HARNESS_bench.js,15.0,140.71,7815.99,NA,NA,threads=11,phase4b
2026-08-09T23:25:43.053Z,D1,peer0.org1.example.com,32.64,568.08,7815.99,NA_HOST_NETWORK,NA_HOST_NETWORK,98066432/1718427648,phase4b
2026-08-09T23:25:43.620Z,D4,cc-unified,2.41,23.89,15823.56,NA_HOST_NETWORK,NA_HOST_NETWORK,159744/0,phase4b
2026-08-09T23:25:43.620Z,D4,orderer.example.com,12.06,1129.91,15823.56,NA_HOST_NETWORK,NA_HOST_NETWORK,460144640/1181159424,phase4b
2026-08-09T23:25:43.620Z,D4,peer0.org4.example.com,23.17,850.88,15823.56,NA_HOST_NETWORK,NA_HOST_NETWORK,76492800/1720143872,phase4b
2026-08-09T23:25:44.029Z,D3,cc-unified,1.22,28.63,15823.57,NA_HOST_NETWORK,NA_HOST_NETWORK,3649536/339968,phase4b
2026-08-09T23:25:44.029Z,D3,orderer3.example.com,2.60,543.48,15823.57,NA_HOST_NETWORK,NA_HOST_NETWORK,1736704/1680912384,phase4b
2026-08-09T23:25:44.029Z,D3,peer0.org3.example.com,18.66,570.45,15823.57,NA_HOST_NETWORK,NA_HOST_NETWORK,120246272/1769156608,phase4b
2026-08-09T23:25:44.430Z,D2,cc-unified,0.68,22.11,15914.51,NA_HOST_NETWORK,NA_HOST_NETWORK,1605632/393216,phase4b
2026-08-09T23:25:44.430Z,D2,orderer2.example.com,1.89,449.54,15914.51,NA_HOST_NETWORK,NA_HOST_NETWORK,7970816/1674919936,phase4b
2026-08-09T23:25:44.430Z,D2,peer0.org2.example.com,13.10,517.91,15914.51,NA_HOST_NETWORK,NA_HOST_NETWORK,211570688/2606505984,phase4b
2026-08-09T23:25:45.193Z,D1,cc-unified,0.98,26.80,7815.99,NA_HOST_NETWORK,NA_HOST_NETWORK,618496/0,phase4b
2026-08-09T23:25:45.193Z,D1,HARNESS_bench.js,7.9,141.21,7815.99,NA,NA,threads=11,phase4b
2026-08-09T23:25:45.193Z,D1,peer0.org1.example.com,22.76,568.83,7815.99,NA_HOST_NETWORK,NA_HOST_NETWORK,98066432/1718702080,phase4b
2026-08-09T23:25:45.769Z,D4,cc-unified,1.92,25.36,15823.56,NA_HOST_NETWORK,NA_HOST_NETWORK,159744/0,phase4b
2026-08-09T23:25:45.769Z,D4,orderer.example.com,5.98,1130.09,15823.56,NA_HOST_NETWORK,NA_HOST_NETWORK,460144640/1181573120,phase4b
2026-08-09T23:25:45.769Z,D4,peer0.org4.example.com,11.39,851.60,15823.56,NA_HOST_NETWORK,NA_HOST_NETWORK,76492800/1720455168,phase4b
2026-08-09T23:25:46.113Z,D3,cc-unified,2.07,30.36,15823.57,NA_HOST_NETWORK,NA_HOST_NETWORK,3649536/339968,phase4b
2026-08-09T23:25:46.113Z,D3,orderer3.example.com,2.95,544.48,15823.57,NA_HOST_NETWORK,NA_HOST_NETWORK,1736704/1681350656,phase4b
2026-08-09T23:25:46.113Z,D3,peer0.org3.example.com,19.98,571.89,15823.57,NA_HOST_NETWORK,NA_HOST_NETWORK,120246272/1769533440,phase4b
2026-08-09T23:25:46.491Z,D2,cc-unified,1.95,21.85,15914.51,NA_HOST_NETWORK,NA_HOST_NETWORK,1605632/393216,phase4b
2026-08-09T23:25:46.491Z,D2,orderer2.example.com,1.70,449.87,15914.51,NA_HOST_NETWORK,NA_HOST_NETWORK,7970816/1675317248,phase4b
2026-08-09T23:25:46.491Z,D2,peer0.org2.example.com,11.04,510.27,15914.51,NA_HOST_NETWORK,NA_HOST_NETWORK,211570688/2606657536,phase4b
2026-08-09T23:25:47.335Z,D1,cc-unified,1.68,28.25,7815.99,NA_HOST_NETWORK,NA_HOST_NETWORK,618496/0,phase4b
2026-08-09T23:25:47.335Z,D1,HARNESS_bench.js,14.1,141.86,7815.99,NA,NA,threads=11,phase4b
2026-08-09T23:25:47.335Z,D1,peer0.org1.example.com,33.47,568.72,7815.99,NA_HOST_NETWORK,NA_HOST_NETWORK,98066432/1719169024,phase4b
2026-08-09T23:25:47.815Z,D4,cc-unified,1.10,24.88,15823.56,NA_HOST_NETWORK,NA_HOST_NETWORK,159744/0,phase4b
2026-08-09T23:25:47.815Z,D4,orderer.example.com,6.83,1130.43,15823.56,NA_HOST_NETWORK,NA_HOST_NETWORK,460144640/1182240768,phase4b
2026-08-09T23:25:47.815Z,D4,peer0.org4.example.com,11.65,851.48,15823.56,NA_HOST_NETWORK,NA_HOST_NETWORK,76492800/1721040896,phase4b
2026-08-09T23:25:48.263Z,D3,cc-unified,2.57,30.10,15823.57,NA_HOST_NETWORK,NA_HOST_NETWORK,3649536/339968,phase4b
2026-08-09T23:25:48.263Z,D3,orderer3.example.com,4.16,544.29,15823.57,NA_HOST_NETWORK,NA_HOST_NETWORK,1736704/1682096128,phase4b
2026-08-09T23:25:48.263Z,D3,peer0.org3.example.com,31.84,569.66,15823.57,NA_HOST_NETWORK,NA_HOST_NETWORK,120246272/1770151936,phase4b
2026-08-09T23:25:48.554Z,D2,cc-unified,1.20,22.09,15914.51,NA_HOST_NETWORK,NA_HOST_NETWORK,1605632/393216,phase4b
2026-08-09T23:25:48.554Z,D2,orderer2.example.com,2.45,450.50,15914.51,NA_HOST_NETWORK,NA_HOST_NETWORK,7970816/1675943936,phase4b
2026-08-09T23:25:48.554Z,D2,peer0.org2.example.com,20.18,507.57,15914.51,NA_HOST_NETWORK,NA_HOST_NETWORK,211570688/2606874624,phase4b
2026-08-09T23:25:49.394Z,D1,cc-unified,2.39,27.98,7815.99,NA_HOST_NETWORK,NA_HOST_NETWORK,618496/0,phase4b
2026-08-09T23:25:49.394Z,D1,HARNESS_bench.js,16.1,141.11,7815.99,NA,NA,threads=11,phase4b
2026-08-09T23:25:49.394Z,D1,peer0.org1.example.com,29.55,569.29,7815.99,NA_HOST_NETWORK,NA_HOST_NETWORK,98066432/1719599104,phase4b
2026-08-09T23:25:49.947Z,D4,cc-unified,1.44,24.88,15823.56,NA_HOST_NETWORK,NA_HOST_NETWORK,159744/0,phase4b
2026-08-09T23:25:49.947Z,D4,orderer.example.com,3.95,1130.86,15823.56,NA_HOST_NETWORK,NA_HOST_NETWORK,460144640/1182711808,phase4b
2026-08-09T23:25:49.947Z,D4,peer0.org4.example.com,8.42,851.59,15823.56,NA_HOST_NETWORK,NA_HOST_NETWORK,76492800/1721450496,phase4b
2026-08-09T23:25:50.357Z,D3,cc-unified,2.37,30.15,15823.57,NA_HOST_NETWORK,NA_HOST_NETWORK,3649536/339968,phase4b
2026-08-09T23:25:50.357Z,D3,orderer3.example.com,3.48,544.69,15823.57,NA_HOST_NETWORK,NA_HOST_NETWORK,1736704/1682530304,phase4b
2026-08-09T23:25:50.357Z,D3,peer0.org3.example.com,20.61,570.19,15823.57,NA_HOST_NETWORK,NA_HOST_NETWORK,120246272/1770528768,phase4b
2026-08-09T23:25:50.638Z,D2,cc-unified,1.07,21.85,15914.51,NA_HOST_NETWORK,NA_HOST_NETWORK,1605632/393216,phase4b
2026-08-09T23:25:50.638Z,D2,orderer2.example.com,2.31,450.59,15914.51,NA_HOST_NETWORK,NA_HOST_NETWORK,7970816/1676394496,phase4b
2026-08-09T23:25:50.638Z,D2,peer0.org2.example.com,13.04,510.91,15914.51,NA_HOST_NETWORK,NA_HOST_NETWORK,211570688/2607120384,phase4b
2026-08-09T23:25:51.509Z,D1,cc-unified,1.77,27.11,7815.99,NA_HOST_NETWORK,NA_HOST_NETWORK,618496/0,phase4b
2026-08-09T23:25:51.509Z,D1,HARNESS_bench.js,14.6,141.53,7815.99,NA,NA,threads=11,phase4b
2026-08-09T23:25:51.509Z,D1,peer0.org1.example.com,38.51,569.76,7815.99,NA_HOST_NETWORK,NA_HOST_NETWORK,98066432/1720025088,phase4b
2026-08-09T23:25:52.089Z,D4,cc-unified,2.35,25.70,15823.56,NA_HOST_NETWORK,NA_HOST_NETWORK,159744/0,phase4b
2026-08-09T23:25:52.089Z,D4,orderer.example.com,13.55,1131.48,15823.56,NA_HOST_NETWORK,NA_HOST_NETWORK,460144640/1183330304,phase4b
2026-08-09T23:25:52.089Z,D4,peer0.org4.example.com,23.01,852.10,15823.56,NA_HOST_NETWORK,NA_HOST_NETWORK,76492800/1721966592,phase4b
2026-08-09T23:25:52.520Z,D3,cc-unified,1.80,29.86,15823.57,NA_HOST_NETWORK,NA_HOST_NETWORK,3649536/339968,phase4b
2026-08-09T23:25:52.520Z,D3,orderer3.example.com,3.67,545.12,15823.57,NA_HOST_NETWORK,NA_HOST_NETWORK,1736704/1683120128,phase4b
2026-08-09T23:25:52.520Z,D3,peer0.org3.example.com,22.97,570.58,15823.57,NA_HOST_NETWORK,NA_HOST_NETWORK,120246272/1771020288,phase4b
2026-08-09T23:25:52.709Z,D2,cc-unified,0.62,22.09,15914.51,NA_HOST_NETWORK,NA_HOST_NETWORK,1605632/393216,phase4b
2026-08-09T23:25:52.709Z,D2,orderer2.example.com,1.60,450.86,15914.51,NA_HOST_NETWORK,NA_HOST_NETWORK,7970816/1676845056,phase4b
2026-08-09T23:25:52.709Z,D2,peer0.org2.example.com,15.30,510.84,15914.51,NA_HOST_NETWORK,NA_HOST_NETWORK,211570688/2607247360,phase4b
2026-08-09T23:25:53.627Z,D1,cc-unified,1.85,28.81,7815.99,NA_HOST_NETWORK,NA_HOST_NETWORK,618496/0,phase4b
2026-08-09T23:25:53.627Z,D1,HARNESS_bench.js,9.5,141.40,7815.99,NA,NA,threads=11,phase4b
2026-08-09T23:25:53.627Z,D1,peer0.org1.example.com,22.64,570.66,7815.99,NA_HOST_NETWORK,NA_HOST_NETWORK,98066432/1720438784,phase4b
2026-08-09T23:25:54.135Z,D4,cc-unified,3.18,25.20,15823.56,NA_HOST_NETWORK,NA_HOST_NETWORK,159744/0,phase4b
2026-08-09T23:25:54.135Z,D4,orderer.example.com,4.79,1131.02,15823.56,NA_HOST_NETWORK,NA_HOST_NETWORK,460144640/1183830016,phase4b
2026-08-09T23:25:54.135Z,D4,peer0.org4.example.com,8.42,851.38,15823.56,NA_HOST_NETWORK,NA_HOST_NETWORK,76492800/1722384384,phase4b
2026-08-09T23:25:54.678Z,D3,cc-unified,2.37,29.40,15823.57,NA_HOST_NETWORK,NA_HOST_NETWORK,3649536/339968,phase4b
2026-08-09T23:25:54.678Z,D3,orderer3.example.com,3.52,545.36,15823.57,NA_HOST_NETWORK,NA_HOST_NETWORK,1736704/1683697664,phase4b
2026-08-09T23:25:54.678Z,D3,peer0.org3.example.com,20.92,570.05,15823.57,NA_HOST_NETWORK,NA_HOST_NETWORK,120246272/1771499520,phase4b
2026-08-09T23:25:54.798Z,D2,cc-unified,1.27,22.58,15914.51,NA_HOST_NETWORK,NA_HOST_NETWORK,1605632/393216,phase4b
2026-08-09T23:25:54.798Z,D2,orderer2.example.com,2.04,451.76,15914.51,NA_HOST_NETWORK,NA_HOST_NETWORK,7970816/1677352960,phase4b
2026-08-09T23:25:54.798Z,D2,peer0.org2.example.com,16.11,511.46,15914.51,NA_HOST_NETWORK,NA_HOST_NETWORK,211570688/2607448064,phase4b
2026-08-09T23:25:55.730Z,D1,cc-unified,2.15,28.15,7815.99,NA_HOST_NETWORK,NA_HOST_NETWORK,618496/0,phase4b
2026-08-09T23:25:55.730Z,D1,HARNESS_bench.js,13.9,141.07,7815.99,NA,NA,threads=11,phase4b
2026-08-09T23:25:55.730Z,D1,peer0.org1.example.com,32.21,570.75,7815.99,NA_HOST_NETWORK,NA_HOST_NETWORK,98066432/1720864768,phase4b
2026-08-09T23:25:56.244Z,D4,cc-unified,2.96,25.88,15823.56,NA_HOST_NETWORK,NA_HOST_NETWORK,159744/0,phase4b
2026-08-09T23:25:56.244Z,D4,orderer.example.com,10.84,1134.71,15823.56,NA_HOST_NETWORK,NA_HOST_NETWORK,460144640/1184399360,phase4b
2026-08-09T23:25:56.244Z,D4,peer0.org4.example.com,21.46,852.68,15823.56,NA_HOST_NETWORK,NA_HOST_NETWORK,76492800/1722806272,phase4b
2026-08-09T23:25:56.796Z,D3,cc-unified,2.06,29.09,15823.57,NA_HOST_NETWORK,NA_HOST_NETWORK,3649536/339968,phase4b
2026-08-09T23:25:56.796Z,D3,orderer3.example.com,2.96,546.51,15823.57,NA_HOST_NETWORK,NA_HOST_NETWORK,1736704/1684172800,phase4b
2026-08-09T23:25:56.796Z,D3,peer0.org3.example.com,18.41,571.32,15823.57,NA_HOST_NETWORK,NA_HOST_NETWORK,120246272/1771888640,phase4b
2026-08-09T23:25:56.950Z,D2,cc-unified,0.70,22.34,15914.51,NA_HOST_NETWORK,NA_HOST_NETWORK,1605632/393216,phase4b
2026-08-09T23:25:56.950Z,D2,orderer2.example.com,1.78,451.61,15914.51,NA_HOST_NETWORK,NA_HOST_NETWORK,7970816/1677717504,phase4b
2026-08-09T23:25:56.950Z,D2,peer0.org2.example.com,14.58,510.62,15914.51,NA_HOST_NETWORK,NA_HOST_NETWORK,211570688/2607603712,phase4b
2026-08-09T23:25:57.881Z,D1,cc-unified,2.38,27.32,7815.99,NA_HOST_NETWORK,NA_HOST_NETWORK,618496/0,phase4b
2026-08-09T23:25:57.881Z,D1,HARNESS_bench.js,15.1,141.07,7815.99,NA,NA,threads=11,phase4b
2026-08-09T23:25:57.881Z,D1,peer0.org1.example.com,33.07,571.17,7815.99,NA_HOST_NETWORK,NA_HOST_NETWORK,98066432/1721274368,phase4b
2026-08-09T23:25:58.453Z,D4,cc-unified,1.20,24.48,15823.56,NA_HOST_NETWORK,NA_HOST_NETWORK,159744/0,phase4b
2026-08-09T23:25:58.453Z,D4,orderer.example.com,8.11,1133.08,15823.56,NA_HOST_NETWORK,NA_HOST_NETWORK,460144640/1184837632,phase4b
2026-08-09T23:25:58.453Z,D4,peer0.org4.example.com,11.83,851.89,15823.56,NA_HOST_NETWORK,NA_HOST_NETWORK,76492800/1723228160,phase4b
2026-08-09T23:25:59.006Z,D2,cc-unified,0.70,22.59,15914.51,NA_HOST_NETWORK,NA_HOST_NETWORK,1605632/393216,phase4b
2026-08-09T23:25:59.006Z,D2,orderer2.example.com,1.93,452.50,15914.51,NA_HOST_NETWORK,NA_HOST_NETWORK,7970816/1678409728,phase4b
2026-08-09T23:25:59.006Z,D2,peer0.org2.example.com,10.64,511.45,15914.51,NA_HOST_NETWORK,NA_HOST_NETWORK,211570688/2607837184,phase4b
2026-08-09T23:25:59.055Z,D3,cc-unified,1.54,28.84,15823.57,NA_HOST_NETWORK,NA_HOST_NETWORK,3649536/339968,phase4b
2026-08-09T23:25:59.055Z,D3,orderer3.example.com,4.13,546.34,15823.57,NA_HOST_NETWORK,NA_HOST_NETWORK,1736704/1684815872,phase4b
2026-08-09T23:25:59.055Z,D3,peer0.org3.example.com,23.66,570.61,15823.57,NA_HOST_NETWORK,NA_HOST_NETWORK,120246272/1772433408,phase4b
2026-08-09T23:25:59.935Z,D1,cc-unified,1.32,27.71,7815.99,NA_HOST_NETWORK,NA_HOST_NETWORK,618496/0,phase4b
2026-08-09T23:25:59.935Z,D1,HARNESS_bench.js,9.5,141.07,7815.99,NA,NA,threads=11,phase4b
2026-08-09T23:25:59.935Z,D1,peer0.org1.example.com,19.00,571.63,7815.99,NA_HOST_NETWORK,NA_HOST_NETWORK,98066432/1721634816,phase4b
2026-08-09T23:26:00.507Z,D4,cc-unified,2.19,26.25,15823.56,NA_HOST_NETWORK,NA_HOST_NETWORK,159744/0,phase4b
2026-08-09T23:26:00.507Z,D4,orderer.example.com,8.35,1134.05,15823.56,NA_HOST_NETWORK,NA_HOST_NETWORK,460144640/1185382400,phase4b
2026-08-09T23:26:00.507Z,D4,peer0.org4.example.com,10.12,853.29,15823.56,NA_HOST_NETWORK,NA_HOST_NETWORK,76492800/1723617280,phase4b
2026-08-09T23:26:01.090Z,D2,cc-unified,0.39,21.86,15914.51,NA_HOST_NETWORK,NA_HOST_NETWORK,1605632/393216,phase4b
2026-08-09T23:26:01.090Z,D2,orderer2.example.com,1.82,452.81,15914.51,NA_HOST_NETWORK,NA_HOST_NETWORK,7970816/1678680064,phase4b
2026-08-09T23:26:01.090Z,D2,peer0.org2.example.com,15.98,511.84,15914.51,NA_HOST_NETWORK,NA_HOST_NETWORK,211570688/2608058368,phase4b
2026-08-09T23:26:01.133Z,D3,cc-unified,1.46,29.07,15823.57,NA_HOST_NETWORK,NA_HOST_NETWORK,3649536/339968,phase4b
2026-08-09T23:26:01.133Z,D3,orderer3.example.com,3.39,546.92,15823.57,NA_HOST_NETWORK,NA_HOST_NETWORK,1736704/1685258240,phase4b
2026-08-09T23:26:01.133Z,D3,peer0.org3.example.com,22.61,571.75,15823.57,NA_HOST_NETWORK,NA_HOST_NETWORK,120246272/1772871680,phase4b
2026-08-09T23:26:02.047Z,D1,cc-unified,1.99,29.00,7815.99,NA_HOST_NETWORK,NA_HOST_NETWORK,618496/0,phase4b
2026-08-09T23:26:02.047Z,D1,HARNESS_bench.js,11.8,141.02,7815.99,NA,NA,threads=11,phase4b
2026-08-09T23:26:02.047Z,D1,peer0.org1.example.com,25.46,572.01,7815.99,NA_HOST_NETWORK,NA_HOST_NETWORK,98066432/1722126336,phase4b
2026-08-09T23:26:02.610Z,D4,cc-unified,0.96,26.05,15823.56,NA_HOST_NETWORK,NA_HOST_NETWORK,159744/0,phase4b
2026-08-09T23:26:02.610Z,D4,orderer.example.com,7.61,1135.06,15823.56,NA_HOST_NETWORK,NA_HOST_NETWORK,460144640/1185980416,phase4b
2026-08-09T23:26:02.610Z,D4,peer0.org4.example.com,17.88,853.71,15823.56,NA_HOST_NETWORK,NA_HOST_NETWORK,76492800/1724207104,phase4b
2026-08-09T23:26:03.171Z,D2,cc-unified,1.35,22.07,15914.51,NA_HOST_NETWORK,NA_HOST_NETWORK,1605632/393216,phase4b
2026-08-09T23:26:03.171Z,D2,orderer2.example.com,2.11,452.50,15914.51,NA_HOST_NETWORK,NA_HOST_NETWORK,7970816/1679151104,phase4b
2026-08-09T23:26:03.171Z,D2,peer0.org2.example.com,17.09,511.05,15914.51,NA_HOST_NETWORK,NA_HOST_NETWORK,211570688/2608267264,phase4b
2026-08-09T23:26:03.295Z,D3,cc-unified,1.55,28.07,15823.57,NA_HOST_NETWORK,NA_HOST_NETWORK,3649536/339968,phase4b
2026-08-09T23:26:03.295Z,D3,orderer3.example.com,3.50,547.77,15823.57,NA_HOST_NETWORK,NA_HOST_NETWORK,1736704/1685823488,phase4b
2026-08-09T23:26:03.295Z,D3,peer0.org3.example.com,24.10,572.16,15823.57,NA_HOST_NETWORK,NA_HOST_NETWORK,120246272/1773350912,phase4b
2026-08-09T23:26:04.168Z,D1,cc-unified,1.83,28.71,7815.99,NA_HOST_NETWORK,NA_HOST_NETWORK,618496/0,phase4b
2026-08-09T23:26:04.168Z,D1,HARNESS_bench.js,12.1,141.20,7815.99,NA,NA,threads=11,phase4b
2026-08-09T23:26:04.168Z,D1,peer0.org1.example.com,25.55,572.00,7815.99,NA_HOST_NETWORK,NA_HOST_NETWORK,98066432/1722494976,phase4b
2026-08-09T23:26:04.653Z,D4,cc-unified,0.62,27.09,15823.56,NA_HOST_NETWORK,NA_HOST_NETWORK,159744/0,phase4b
2026-08-09T23:26:04.653Z,D4,orderer.example.com,2.61,1135.27,15823.56,NA_HOST_NETWORK,NA_HOST_NETWORK,460144640/1186369536,phase4b
2026-08-09T23:26:04.653Z,D4,peer0.org4.example.com,5.58,853.59,15823.56,NA_HOST_NETWORK,NA_HOST_NETWORK,76492800/1724538880,phase4b
2026-08-09T23:26:05.239Z,D2,cc-unified,1.99,23.50,15914.51,NA_HOST_NETWORK,NA_HOST_NETWORK,1605632/393216,phase4b
2026-08-09T23:26:05.239Z,D2,orderer2.example.com,1.92,453.19,15914.51,NA_HOST_NETWORK,NA_HOST_NETWORK,7970816/1679663104,phase4b
2026-08-09T23:26:05.239Z,D2,peer0.org2.example.com,9.71,511.59,15914.51,NA_HOST_NETWORK,NA_HOST_NETWORK,211570688/2608414720,phase4b
2026-08-09T23:26:05.455Z,D3,cc-unified,1.26,28.56,15823.57,NA_HOST_NETWORK,NA_HOST_NETWORK,3649536/372736,phase4b
2026-08-09T23:26:05.455Z,D3,orderer3.example.com,2.81,538.95,15823.57,NA_HOST_NETWORK,NA_HOST_NETWORK,1736704/1686179840,phase4b
2026-08-09T23:26:05.455Z,D3,peer0.org3.example.com,14.98,562.96,15823.57,NA_HOST_NETWORK,NA_HOST_NETWORK,120246272/1773608960,phase4b
2026-08-09T23:26:06.316Z,D1,cc-unified,0.71,28.47,7815.99,NA_HOST_NETWORK,NA_HOST_NETWORK,618496/0,phase4b
2026-08-09T23:26:06.316Z,D1,HARNESS_bench.js,2.9,141.20,7815.99,NA,NA,threads=11,phase4b
2026-08-09T23:26:06.316Z,D1,peer0.org1.example.com,14.78,573.06,7815.99,NA_HOST_NETWORK,NA_HOST_NETWORK,98066432/1722687488,phase4b
2026-08-09T23:26:06.702Z,D4,cc-unified,1.17,26.18,15823.56,NA_HOST_NETWORK,NA_HOST_NETWORK,159744/0,phase4b
2026-08-09T23:26:06.702Z,D4,orderer.example.com,5.78,1135.29,15823.56,NA_HOST_NETWORK,NA_HOST_NETWORK,460144640/1186611200,phase4b
2026-08-09T23:26:06.702Z,D4,peer0.org4.example.com,9.34,854.19,15823.56,NA_HOST_NETWORK,NA_HOST_NETWORK,76492800/1724731392,phase4b
2026-08-09T23:26:07.325Z,D2,cc-unified,0.74,23.42,15914.51,NA_HOST_NETWORK,NA_HOST_NETWORK,1605632/393216,phase4b
2026-08-09T23:26:07.325Z,D2,orderer2.example.com,2.50,454.24,15914.51,NA_HOST_NETWORK,NA_HOST_NETWORK,7970816/1680277504,phase4b
2026-08-09T23:26:07.325Z,D2,peer0.org2.example.com,15.43,512.01,15914.51,NA_HOST_NETWORK,NA_HOST_NETWORK,211570688/2608680960,phase4b
2026-08-09T23:26:07.560Z,D3,cc-unified,1.67,27.56,15823.57,NA_HOST_NETWORK,NA_HOST_NETWORK,3649536/372736,phase4b
2026-08-09T23:26:07.560Z,D3,orderer3.example.com,2.63,538.52,15823.57,NA_HOST_NETWORK,NA_HOST_NETWORK,1736704/1686532096,phase4b
2026-08-09T23:26:07.560Z,D3,peer0.org3.example.com,20.64,562.28,15823.57,NA_HOST_NETWORK,NA_HOST_NETWORK,120246272/1773899776,phase4b
2026-08-09T23:26:08.372Z,D1,cc-unified,1.15,28.45,7815.99,NA_HOST_NETWORK,NA_HOST_NETWORK,618496/0,phase4b
2026-08-09T23:26:08.372Z,D1,HARNESS_bench.js,9.2,141.21,7815.99,NA,NA,threads=11,phase4b
2026-08-09T23:26:08.372Z,D1,peer0.org1.example.com,23.76,572.77,7815.99,NA_HOST_NETWORK,NA_HOST_NETWORK,98066432/1723080704,phase4b
2026-08-09T23:26:08.843Z,D4,cc-unified,2.46,26.16,15823.56,NA_HOST_NETWORK,NA_HOST_NETWORK,159744/0,phase4b
2026-08-09T23:26:08.843Z,D4,orderer.example.com,11.44,1135.41,15823.56,NA_HOST_NETWORK,NA_HOST_NETWORK,460144640/1187106816,phase4b
2026-08-09T23:26:08.843Z,D4,peer0.org4.example.com,20.05,854.14,15823.56,NA_HOST_NETWORK,NA_HOST_NETWORK,76492800/1725153280,phase4b
2026-08-09T23:26:09.408Z,D2,cc-unified,0.82,23.37,15914.51,NA_HOST_NETWORK,NA_HOST_NETWORK,1605632/393216,phase4b
2026-08-09T23:26:09.408Z,D2,orderer2.example.com,2.07,454.64,15914.51,NA_HOST_NETWORK,NA_HOST_NETWORK,7970816/1680695296,phase4b
2026-08-09T23:26:09.408Z,D2,peer0.org2.example.com,15.13,511.73,15914.51,NA_HOST_NETWORK,NA_HOST_NETWORK,211570688/2608877568,phase4b
2026-08-09T23:26:09.605Z,D3,cc-unified,1.98,27.56,15823.57,NA_HOST_NETWORK,NA_HOST_NETWORK,3649536/372736,phase4b
2026-08-09T23:26:09.605Z,D3,orderer3.example.com,3.41,538.88,15823.57,NA_HOST_NETWORK,NA_HOST_NETWORK,1736704/1687007232,phase4b
2026-08-09T23:26:09.605Z,D3,peer0.org3.example.com,21.82,562.98,15823.57,NA_HOST_NETWORK,NA_HOST_NETWORK,120246272/1774305280,phase4b
2026-08-09T23:26:10.436Z,D1,cc-unified,2.57,28.21,7815.99,NA_HOST_NETWORK,NA_HOST_NETWORK,618496/0,phase4b
2026-08-09T23:26:10.436Z,D1,HARNESS_bench.js,15.7,141.64,7815.99,NA,NA,threads=11,phase4b
2026-08-09T23:26:10.436Z,D1,peer0.org1.example.com,35.81,572.60,7815.99,NA_HOST_NETWORK,NA_HOST_NETWORK,98066432/1723502592,phase4b
2026-08-09T23:26:10.993Z,D4,cc-unified,2.40,26.66,15823.56,NA_HOST_NETWORK,NA_HOST_NETWORK,159744/0,phase4b
2026-08-09T23:26:10.993Z,D4,orderer.example.com,5.42,1136.37,15823.56,NA_HOST_NETWORK,NA_HOST_NETWORK,460144640/1187524608,phase4b
2026-08-09T23:26:10.993Z,D4,peer0.org4.example.com,10.10,855.20,15823.56,NA_HOST_NETWORK,NA_HOST_NETWORK,76492800/1725509632,phase4b
2026-08-09T23:26:11.480Z,D2,cc-unified,0.99,23.35,15914.51,NA_HOST_NETWORK,NA_HOST_NETWORK,1605632/393216,phase4b
2026-08-09T23:26:11.480Z,D2,orderer2.example.com,2.66,455.46,15914.51,NA_HOST_NETWORK,NA_HOST_NETWORK,7970816/1681268736,phase4b
2026-08-09T23:26:11.480Z,D2,peer0.org2.example.com,12.04,512.27,15914.51,NA_HOST_NETWORK,NA_HOST_NETWORK,211570688/2609119232,phase4b
2026-08-09T23:26:11.649Z,D3,cc-unified,1.91,28.77,15823.57,NA_HOST_NETWORK,NA_HOST_NETWORK,3649536/372736,phase4b
2026-08-09T23:26:11.649Z,D3,orderer3.example.com,3.12,540.45,15823.57,NA_HOST_NETWORK,NA_HOST_NETWORK,1736704/1687490560,phase4b
2026-08-09T23:26:11.649Z,D3,peer0.org3.example.com,19.50,563.24,15823.57,NA_HOST_NETWORK,NA_HOST_NETWORK,120246272/1774698496,phase4b
2026-08-09T23:26:12.543Z,D1,cc-unified,1.84,27.02,7815.99,NA_HOST_NETWORK,NA_HOST_NETWORK,618496/0,phase4b
2026-08-09T23:26:12.543Z,D1,HARNESS_bench.js,9.2,141.29,7815.99,NA,NA,threads=11,phase4b
2026-08-09T23:26:12.543Z,D1,peer0.org1.example.com,27.77,572.99,7815.99,NA_HOST_NETWORK,NA_HOST_NETWORK,98066432/1723895808,phase4b
2026-08-09T23:26:13.040Z,D4,cc-unified,1.13,26.02,15823.56,NA_HOST_NETWORK,NA_HOST_NETWORK,159744/0,phase4b
2026-08-09T23:26:13.040Z,D4,orderer.example.com,5.46,1135.75,15823.56,NA_HOST_NETWORK,NA_HOST_NETWORK,460144640/1187921920,phase4b
2026-08-09T23:26:13.040Z,D4,peer0.org4.example.com,11.92,853.93,15823.56,NA_HOST_NETWORK,NA_HOST_NETWORK,76492800/1725816832,phase4b
2026-08-09T23:26:13.567Z,D2,cc-unified,0.46,23.10,15914.51,NA_HOST_NETWORK,NA_HOST_NETWORK,1605632/393216,phase4b
2026-08-09T23:26:13.567Z,D2,orderer2.example.com,1.60,455.27,15914.51,NA_HOST_NETWORK,NA_HOST_NETWORK,7970816/1681547264,phase4b
2026-08-09T23:26:13.567Z,D2,peer0.org2.example.com,13.98,510.27,15914.51,NA_HOST_NETWORK,NA_HOST_NETWORK,211570688/2609287168,phase4b
2026-08-09T23:26:13.771Z,D3,cc-unified,0.55,27.56,15823.57,NA_HOST_NETWORK,NA_HOST_NETWORK,3649536/372736,phase4b
2026-08-09T23:26:13.771Z,D3,orderer3.example.com,2.04,540.68,15823.57,NA_HOST_NETWORK,NA_HOST_NETWORK,1736704/1687670784,phase4b
2026-08-09T23:26:13.771Z,D3,peer0.org3.example.com,12.45,562.94,15823.57,NA_HOST_NETWORK,NA_HOST_NETWORK,120246272/1774829568,phase4b
2026-08-09T23:26:14.611Z,D1,cc-unified,0.00,27.02,7815.99,NA_HOST_NETWORK,NA_HOST_NETWORK,618496/0,phase4b
2026-08-09T23:26:14.611Z,D1,HARNESS_bench.js,0.5,141.29,7815.99,NA,NA,threads=11,phase4b
2026-08-09T23:26:14.611Z,D1,peer0.org1.example.com,9.93,573.18,7815.99,NA_HOST_NETWORK,NA_HOST_NETWORK,98066432/1724280832,phase4b
2026-08-09T23:26:15.191Z,D4,cc-unified,0.00,25.06,15823.56,NA_HOST_NETWORK,NA_HOST_NETWORK,159744/0,phase4b
2026-08-09T23:26:15.191Z,D4,orderer.example.com,2.31,1136.80,15823.56,NA_HOST_NETWORK,NA_HOST_NETWORK,460144640/1187921920,phase4b
2026-08-09T23:26:15.191Z,D4,peer0.org4.example.com,2.40,854.29,15823.56,NA_HOST_NETWORK,NA_HOST_NETWORK,76492800/1725816832,phase4b
2026-08-09T23:26:15.626Z,D2,cc-unified,0.00,23.10,15914.51,NA_HOST_NETWORK,NA_HOST_NETWORK,1605632/393216,phase4b
2026-08-09T23:26:15.626Z,D2,orderer2.example.com,1.05,455.59,15914.51,NA_HOST_NETWORK,NA_HOST_NETWORK,7970816/1681547264,phase4b
2026-08-09T23:26:15.626Z,D2,peer0.org2.example.com,15.64,518.85,15914.51,NA_HOST_NETWORK,NA_HOST_NETWORK,211570688/2609639424,phase4b
2026-08-09T23:26:15.856Z,D3,cc-unified,0.00,27.56,15823.57,NA_HOST_NETWORK,NA_HOST_NETWORK,3649536/372736,phase4b
2026-08-09T23:26:15.856Z,D3,orderer3.example.com,1.73,540.19,15823.57,NA_HOST_NETWORK,NA_HOST_NETWORK,1736704/1687670784,phase4b
2026-08-09T23:26:15.856Z,D3,peer0.org3.example.com,6.43,563.16,15823.57,NA_HOST_NETWORK,NA_HOST_NETWORK,120246272/1774829568,phase4b
2026-08-09T23:26:16.755Z,D1,cc-unified,0.00,27.02,7815.99,NA_HOST_NETWORK,NA_HOST_NETWORK,618496/0,phase4b
2026-08-09T23:26:16.755Z,D1,HARNESS_bench.js,0.9,141.29,7815.99,NA,NA,threads=11,phase4b
2026-08-09T23:26:16.755Z,D1,peer0.org1.example.com,13.83,571.90,7815.99,NA_HOST_NETWORK,NA_HOST_NETWORK,98066432/1724534784,phase4b
2026-08-09T23:26:17.234Z,D4,cc-unified,0.00,25.06,15823.56,NA_HOST_NETWORK,NA_HOST_NETWORK,159744/0,phase4b
2026-08-09T23:26:17.234Z,D4,orderer.example.com,0.81,1136.53,15823.56,NA_HOST_NETWORK,NA_HOST_NETWORK,460144640/1187921920,phase4b
2026-08-09T23:26:17.234Z,D4,peer0.org4.example.com,0.89,853.05,15823.56,NA_HOST_NETWORK,NA_HOST_NETWORK,76492800/1725816832,phase4b
2026-08-09T23:26:17.784Z,D2,cc-unified,0.00,23.10,15914.51,NA_HOST_NETWORK,NA_HOST_NETWORK,1605632/393216,phase4b
2026-08-09T23:26:17.784Z,D2,orderer2.example.com,1.02,456.38,15914.51,NA_HOST_NETWORK,NA_HOST_NETWORK,7970816/1681547264,phase4b
2026-08-09T23:26:17.784Z,D2,peer0.org2.example.com,12.13,510.81,15914.51,NA_HOST_NETWORK,NA_HOST_NETWORK,211570688/2610069504,phase4b
2026-08-09T23:26:18.022Z,D3,cc-unified,0.00,27.56,15823.57,NA_HOST_NETWORK,NA_HOST_NETWORK,3649536/372736,phase4b
2026-08-09T23:26:18.022Z,D3,orderer3.example.com,1.54,539.95,15823.57,NA_HOST_NETWORK,NA_HOST_NETWORK,1736704/1687670784,phase4b
2026-08-09T23:26:18.022Z,D3,peer0.org3.example.com,6.84,563.01,15823.57,NA_HOST_NETWORK,NA_HOST_NETWORK,120246272/1774829568,phase4b
2026-08-09T23:26:18.948Z,D1,cc-unified,0.00,27.02,7815.99,NA_HOST_NETWORK,NA_HOST_NETWORK,618496/0,phase4b
2026-08-09T23:26:18.948Z,D1,HARNESS_bench.js,0.9,140.96,7815.99,NA,NA,threads=11,phase4b
2026-08-09T23:26:18.948Z,D1,peer0.org1.example.com,15.46,572.62,7815.99,NA_HOST_NETWORK,NA_HOST_NETWORK,98066432/1724899328,phase4b
2026-08-09T23:26:19.333Z,D4,cc-unified,0.00,25.06,15823.56,NA_HOST_NETWORK,NA_HOST_NETWORK,159744/0,phase4b
2026-08-09T23:26:19.333Z,D4,orderer.example.com,2.14,1135.77,15823.56,NA_HOST_NETWORK,NA_HOST_NETWORK,460144640/1187921920,phase4b
2026-08-09T23:26:19.333Z,D4,peer0.org4.example.com,2.83,853.78,15823.56,NA_HOST_NETWORK,NA_HOST_NETWORK,76492800/1725816832,phase4b
2026-08-09T23:26:19.844Z,D2,cc-unified,0.00,23.10,15914.51,NA_HOST_NETWORK,NA_HOST_NETWORK,1605632/393216,phase4b
2026-08-09T23:26:19.844Z,D2,orderer2.example.com,1.11,456.04,15914.51,NA_HOST_NETWORK,NA_HOST_NETWORK,7970816/1681547264,phase4b
2026-08-09T23:26:19.844Z,D2,peer0.org2.example.com,14.30,511.40,15914.51,NA_HOST_NETWORK,NA_HOST_NETWORK,211570688/2610372608,phase4b
2026-08-09T23:26:20.234Z,D3,cc-unified,0.00,27.56,15823.57,NA_HOST_NETWORK,NA_HOST_NETWORK,3649536/372736,phase4b
2026-08-09T23:26:20.234Z,D3,orderer3.example.com,1.69,539.96,15823.57,NA_HOST_NETWORK,NA_HOST_NETWORK,1736704/1687670784,phase4b
2026-08-09T23:26:20.234Z,D3,peer0.org3.example.com,6.39,563.20,15823.57,NA_HOST_NETWORK,NA_HOST_NETWORK,120246272/1774829568,phase4b
2026-08-09T23:26:21.010Z,D1,cc-unified,0.00,27.02,7815.99,NA_HOST_NETWORK,NA_HOST_NETWORK,618496/0,phase4b
2026-08-09T23:26:21.010Z,D1,HARNESS_bench.js,0.9,140.96,7815.99,NA,NA,threads=11,phase4b
2026-08-09T23:26:21.010Z,D1,peer0.org1.example.com,17.85,573.15,7815.99,NA_HOST_NETWORK,NA_HOST_NETWORK,98066432/1725349888,phase4b
2026-08-09T23:26:21.390Z,D4,cc-unified,0.00,25.06,15823.56,NA_HOST_NETWORK,NA_HOST_NETWORK,159744/0,phase4b
2026-08-09T23:26:21.390Z,D4,orderer.example.com,2.65,1135.77,15823.56,NA_HOST_NETWORK,NA_HOST_NETWORK,460144640/1187921920,phase4b
2026-08-09T23:26:21.390Z,D4,peer0.org4.example.com,3.28,853.05,15823.56,NA_HOST_NETWORK,NA_HOST_NETWORK,76492800/1725816832,phase4b
2026-08-09T23:26:21.915Z,D2,cc-unified,0.00,23.10,15914.51,NA_HOST_NETWORK,NA_HOST_NETWORK,1605632/393216,phase4b
2026-08-09T23:26:21.915Z,D2,orderer2.example.com,1.09,456.34,15914.51,NA_HOST_NETWORK,NA_HOST_NETWORK,7970816/1681547264,phase4b
2026-08-09T23:26:21.915Z,D2,peer0.org2.example.com,8.69,510.96,15914.51,NA_HOST_NETWORK,NA_HOST_NETWORK,211570688/2610708480,phase4b
2026-08-09T23:26:22.278Z,D3,cc-unified,0.00,27.56,15823.57,NA_HOST_NETWORK,NA_HOST_NETWORK,3649536/372736,phase4b
2026-08-09T23:26:22.278Z,D3,orderer3.example.com,1.52,539.95,15823.57,NA_HOST_NETWORK,NA_HOST_NETWORK,1736704/1687670784,phase4b
2026-08-09T23:26:22.278Z,D3,peer0.org3.example.com,7.97,563.15,15823.57,NA_HOST_NETWORK,NA_HOST_NETWORK,120246272/1774829568,phase4b
2026-08-09T23:26:23.123Z,D1,cc-unified,0.00,27.02,7815.99,NA_HOST_NETWORK,NA_HOST_NETWORK,618496/0,phase4b
2026-08-09T23:26:23.123Z,D1,HARNESS_bench.js,7.0,98.16,7815.99,NA,NA,threads=11,phase4b
2026-08-09T23:26:23.123Z,D1,peer0.org1.example.com,15.92,574.36,7815.99,NA_HOST_NETWORK,NA_HOST_NETWORK,98066432/1725714432,phase4b
2026-08-09T23:26:23.545Z,D4,cc-unified,0.00,25.06,15823.56,NA_HOST_NETWORK,NA_HOST_NETWORK,159744/0,phase4b
2026-08-09T23:26:23.545Z,D4,orderer.example.com,1.32,1136.28,15823.56,NA_HOST_NETWORK,NA_HOST_NETWORK,460144640/1187921920,phase4b
2026-08-09T23:26:23.545Z,D4,peer0.org4.example.com,1.73,854.05,15823.56,NA_HOST_NETWORK,NA_HOST_NETWORK,76492800/1725816832,phase4b
2026-08-09T23:26:23.982Z,D2,cc-unified,0.00,23.10,15914.51,NA_HOST_NETWORK,NA_HOST_NETWORK,1605632/393216,phase4b
2026-08-09T23:26:23.982Z,D2,orderer2.example.com,1.05,456.15,15914.51,NA_HOST_NETWORK,NA_HOST_NETWORK,7970816/1681547264,phase4b
2026-08-09T23:26:23.982Z,D2,peer0.org2.example.com,17.67,511.53,15914.51,NA_HOST_NETWORK,NA_HOST_NETWORK,211570688/2611200000,phase4b
2026-08-09T23:26:24.337Z,D3,cc-unified,0.00,27.56,15823.57,NA_HOST_NETWORK,NA_HOST_NETWORK,3649536/372736,phase4b
2026-08-09T23:26:24.337Z,D3,orderer3.example.com,1.60,539.93,15823.57,NA_HOST_NETWORK,NA_HOST_NETWORK,1736704/1687670784,phase4b
2026-08-09T23:26:24.337Z,D3,peer0.org3.example.com,6.48,563.25,15823.57,NA_HOST_NETWORK,NA_HOST_NETWORK,120246272/1774829568,phase4b
2026-08-09T23:26:25.267Z,D1,cc-unified,0.00,27.02,7815.99,NA_HOST_NETWORK,NA_HOST_NETWORK,618496/0,phase4b
2026-08-09T23:26:25.267Z,D1,HARNESS_bench.js,1.4,98.04,7815.99,NA,NA,threads=11,phase4b
2026-08-09T23:26:25.267Z,D1,peer0.org1.example.com,15.98,574.56,7815.99,NA_HOST_NETWORK,NA_HOST_NETWORK,98066432/1726144512,phase4b
2026-08-09T23:26:25.591Z,D4,cc-unified,0.00,25.06,15823.56,NA_HOST_NETWORK,NA_HOST_NETWORK,159744/0,phase4b
2026-08-09T23:26:25.591Z,D4,orderer.example.com,1.98,1135.62,15823.56,NA_HOST_NETWORK,NA_HOST_NETWORK,460144640/1187921920,phase4b
2026-08-09T23:26:25.591Z,D4,peer0.org4.example.com,2.73,854.03,15823.56,NA_HOST_NETWORK,NA_HOST_NETWORK,76492800/1725816832,phase4b
2026-08-09T23:26:26.068Z,D2,cc-unified,0.00,23.10,15914.51,NA_HOST_NETWORK,NA_HOST_NETWORK,1605632/393216,phase4b
2026-08-09T23:26:26.068Z,D2,orderer2.example.com,1.06,456.52,15914.51,NA_HOST_NETWORK,NA_HOST_NETWORK,7970816/1681547264,phase4b
2026-08-09T23:26:26.068Z,D2,peer0.org2.example.com,16.02,511.93,15914.51,NA_HOST_NETWORK,NA_HOST_NETWORK,211570688/2611507200,phase4b
2026-08-09T23:26:26.503Z,D3,cc-unified,0.00,27.56,15823.57,NA_HOST_NETWORK,NA_HOST_NETWORK,3649536/372736,phase4b
2026-08-09T23:26:26.503Z,D3,orderer3.example.com,1.54,540.46,15823.57,NA_HOST_NETWORK,NA_HOST_NETWORK,1736704/1687670784,phase4b
2026-08-09T23:26:26.503Z,D3,peer0.org3.example.com,6.32,563.18,15823.57,NA_HOST_NETWORK,NA_HOST_NETWORK,120246272/1774829568,phase4b
2026-08-09T23:26:27.361Z,D1,cc-unified,0.00,27.02,7815.99,NA_HOST_NETWORK,NA_HOST_NETWORK,618496/0,phase4b
2026-08-09T23:26:27.361Z,D1,HARNESS_bench.js,1.0,98.53,7815.99,NA,NA,threads=11,phase4b
2026-08-09T23:26:27.361Z,D1,peer0.org1.example.com,10.43,574.53,7815.99,NA_HOST_NETWORK,NA_HOST_NETWORK,98066432/1726439424,phase4b
2026-08-09T23:26:27.682Z,D4,cc-unified,0.00,25.06,15823.56,NA_HOST_NETWORK,NA_HOST_NETWORK,159744/0,phase4b
2026-08-09T23:26:27.682Z,D4,orderer.example.com,2.71,1135.82,15823.56,NA_HOST_NETWORK,NA_HOST_NETWORK,460144640/1187921920,phase4b
2026-08-09T23:26:27.682Z,D4,peer0.org4.example.com,3.67,854.29,15823.56,NA_HOST_NETWORK,NA_HOST_NETWORK,76492800/1725816832,phase4b
2026-08-09T23:26:28.132Z,D2,cc-unified,0.00,23.10,15914.51,NA_HOST_NETWORK,NA_HOST_NETWORK,1605632/393216,phase4b
2026-08-09T23:26:28.132Z,D2,orderer2.example.com,1.09,456.59,15914.51,NA_HOST_NETWORK,NA_HOST_NETWORK,7970816/1681547264,phase4b
2026-08-09T23:26:28.132Z,D2,peer0.org2.example.com,10.38,512.35,15914.51,NA_HOST_NETWORK,NA_HOST_NETWORK,211570688/2611826688,phase4b
2026-08-09T23:26:28.641Z,D3,cc-unified,0.00,27.56,15823.57,NA_HOST_NETWORK,NA_HOST_NETWORK,3649536/372736,phase4b
2026-08-09T23:26:28.641Z,D3,orderer3.example.com,1.55,539.98,15823.57,NA_HOST_NETWORK,NA_HOST_NETWORK,1736704/1687670784,phase4b
2026-08-09T23:26:28.641Z,D3,peer0.org3.example.com,7.26,563.30,15823.57,NA_HOST_NETWORK,NA_HOST_NETWORK,120246272/1774829568,phase4b
2026-08-09T23:26:29.424Z,D1,cc-unified,0.00,27.02,7815.99,NA_HOST_NETWORK,NA_HOST_NETWORK,618496/0,phase4b
2026-08-09T23:26:29.424Z,D1,HARNESS_bench.js,0.9,98.18,7815.99,NA,NA,threads=11,phase4b
2026-08-09T23:26:29.424Z,D1,peer0.org1.example.com,14.44,575.21,7815.99,NA_HOST_NETWORK,NA_HOST_NETWORK,98066432/1726754816,phase4b
2026-08-09T23:26:29.809Z,D4,cc-unified,0.00,25.06,15823.56,NA_HOST_NETWORK,NA_HOST_NETWORK,159744/0,phase4b
2026-08-09T23:26:29.809Z,D4,orderer.example.com,0.91,1136.27,15823.56,NA_HOST_NETWORK,NA_HOST_NETWORK,460144640/1187921920,phase4b
2026-08-09T23:26:29.809Z,D4,peer0.org4.example.com,1.04,854.53,15823.56,NA_HOST_NETWORK,NA_HOST_NETWORK,76492800/1725816832,phase4b
2026-08-09T23:26:30.214Z,D2,cc-unified,0.00,23.10,15914.51,NA_HOST_NETWORK,NA_HOST_NETWORK,1605632/393216,phase4b
2026-08-09T23:26:30.214Z,D2,orderer2.example.com,1.05,456.19,15914.51,NA_HOST_NETWORK,NA_HOST_NETWORK,7970816/1681547264,phase4b
2026-08-09T23:26:30.214Z,D2,peer0.org2.example.com,12.47,512.07,15914.51,NA_HOST_NETWORK,NA_HOST_NETWORK,211570688/2612027392,phase4b
2026-08-09T23:26:30.807Z,D3,cc-unified,0.00,27.56,15823.57,NA_HOST_NETWORK,NA_HOST_NETWORK,3649536/372736,phase4b
2026-08-09T23:26:30.807Z,D3,orderer3.example.com,1.63,540.96,15823.57,NA_HOST_NETWORK,NA_HOST_NETWORK,1736704/1687670784,phase4b
2026-08-09T23:26:30.807Z,D3,peer0.org3.example.com,6.54,562.20,15823.57,NA_HOST_NETWORK,NA_HOST_NETWORK,120246272/1774829568,phase4b
2026-08-09T23:26:31.563Z,D1,cc-unified,0.00,27.02,7815.99,NA_HOST_NETWORK,NA_HOST_NETWORK,618496/0,phase4b
2026-08-09T23:26:31.563Z,D1,HARNESS_bench.js,0.9,98.69,7815.99,NA,NA,threads=11,phase4b
2026-08-09T23:26:31.563Z,D1,peer0.org1.example.com,18.11,577.16,7815.99,NA_HOST_NETWORK,NA_HOST_NETWORK,98066432/1727107072,phase4b
2026-08-09T23:26:31.865Z,D4,cc-unified,0.00,25.06,15823.56,NA_HOST_NETWORK,NA_HOST_NETWORK,159744/0,phase4b
2026-08-09T23:26:31.865Z,D4,orderer.example.com,1.60,1136.24,15823.56,NA_HOST_NETWORK,NA_HOST_NETWORK,460144640/1187921920,phase4b
2026-08-09T23:26:31.865Z,D4,peer0.org4.example.com,2.67,854.54,15823.56,NA_HOST_NETWORK,NA_HOST_NETWORK,76492800/1725816832,phase4b
2026-08-09T23:26:32.278Z,D2,cc-unified,0.00,23.10,15914.51,NA_HOST_NETWORK,NA_HOST_NETWORK,1605632/393216,phase4b
2026-08-09T23:26:32.278Z,D2,orderer2.example.com,1.06,456.51,15914.51,NA_HOST_NETWORK,NA_HOST_NETWORK,7970816/1681547264,phase4b
2026-08-09T23:26:32.278Z,D2,peer0.org2.example.com,14.85,512.52,15914.51,NA_HOST_NETWORK,NA_HOST_NETWORK,211570688/2612387840,phase4b
2026-08-09T23:26:32.967Z,D3,cc-unified,0.00,27.56,15823.57,NA_HOST_NETWORK,NA_HOST_NETWORK,3649536/372736,phase4b
2026-08-09T23:26:32.967Z,D3,orderer3.example.com,1.54,540.27,15823.57,NA_HOST_NETWORK,NA_HOST_NETWORK,1736704/1687670784,phase4b
2026-08-09T23:26:32.967Z,D3,peer0.org3.example.com,7.35,562.86,15823.57,NA_HOST_NETWORK,NA_HOST_NETWORK,120246272/1774829568,phase4b
2026-08-09T23:26:33.712Z,D1,cc-unified,0.00,27.02,7815.99,NA_HOST_NETWORK,NA_HOST_NETWORK,618496/0,phase4b
2026-08-09T23:26:33.712Z,D1,HARNESS_bench.js,1.9,98.54,7815.99,NA,NA,threads=11,phase4b
2026-08-09T23:26:33.712Z,D1,peer0.org1.example.com,18.44,577.61,7815.99,NA_HOST_NETWORK,NA_HOST_NETWORK,98066432/1727537152,phase4b
2026-08-09T23:26:34.011Z,D4,cc-unified,0.00,25.06,15823.56,NA_HOST_NETWORK,NA_HOST_NETWORK,159744/0,phase4b
2026-08-09T23:26:34.011Z,D4,orderer.example.com,2.85,1136.75,15823.56,NA_HOST_NETWORK,NA_HOST_NETWORK,460144640/1187921920,phase4b
2026-08-09T23:26:34.011Z,D4,peer0.org4.example.com,3.82,854.29,15823.56,NA_HOST_NETWORK,NA_HOST_NETWORK,76492800/1725816832,phase4b
2026-08-09T23:26:34.366Z,D2,cc-unified,0.00,23.10,15914.51,NA_HOST_NETWORK,NA_HOST_NETWORK,1605632/393216,phase4b
2026-08-09T23:26:34.366Z,D2,orderer2.example.com,1.13,456.54,15914.51,NA_HOST_NETWORK,NA_HOST_NETWORK,7970816/1681547264,phase4b
2026-08-09T23:26:34.366Z,D2,peer0.org2.example.com,15.39,512.86,15914.51,NA_HOST_NETWORK,NA_HOST_NETWORK,211570688/2612850688,phase4b
2026-08-09T23:26:35.124Z,D3,cc-unified,0.00,27.56,15823.57,NA_HOST_NETWORK,NA_HOST_NETWORK,3649536/372736,phase4b
2026-08-09T23:26:35.124Z,D3,orderer3.example.com,1.55,540.54,15823.57,NA_HOST_NETWORK,NA_HOST_NETWORK,1736704/1687670784,phase4b
2026-08-09T23:26:35.124Z,D3,peer0.org3.example.com,5.96,562.77,15823.57,NA_HOST_NETWORK,NA_HOST_NETWORK,120246272/1774829568,phase4b
2026-08-09T23:26:35.779Z,D1,cc-unified,0.00,27.02,7815.99,NA_HOST_NETWORK,NA_HOST_NETWORK,618496/0,phase4b
2026-08-09T23:26:35.779Z,D1,HARNESS_bench.js,1.9,98.32,7815.99,NA,NA,threads=11,phase4b
2026-08-09T23:26:35.779Z,D1,peer0.org1.example.com,15.00,577.89,7815.99,NA_HOST_NETWORK,NA_HOST_NETWORK,98066432/1727926272,phase4b
2026-08-09T23:26:36.157Z,D4,cc-unified,0.00,25.06,15823.56,NA_HOST_NETWORK,NA_HOST_NETWORK,159744/0,phase4b
2026-08-09T23:26:36.157Z,D4,orderer.example.com,1.03,1136.69,15823.56,NA_HOST_NETWORK,NA_HOST_NETWORK,460144640/1187921920,phase4b
2026-08-09T23:26:36.157Z,D4,peer0.org4.example.com,1.25,854.29,15823.56,NA_HOST_NETWORK,NA_HOST_NETWORK,76492800/1725816832,phase4b
2026-08-09T23:26:36.439Z,D2,cc-unified,0.00,23.10,15914.51,NA_HOST_NETWORK,NA_HOST_NETWORK,1605632/393216,phase4b
2026-08-09T23:26:36.439Z,D2,orderer2.example.com,1.00,456.92,15914.51,NA_HOST_NETWORK,NA_HOST_NETWORK,7970816/1681547264,phase4b
2026-08-09T23:26:36.439Z,D2,peer0.org2.example.com,15.03,513.02,15914.51,NA_HOST_NETWORK,NA_HOST_NETWORK,211570688/2613186560,phase4b
2026-08-09T23:26:37.288Z,D3,cc-unified,0.00,27.56,15823.57,NA_HOST_NETWORK,NA_HOST_NETWORK,3649536/372736,phase4b
2026-08-09T23:26:37.288Z,D3,orderer3.example.com,1.51,540.33,15823.57,NA_HOST_NETWORK,NA_HOST_NETWORK,1736704/1687670784,phase4b
2026-08-09T23:26:37.288Z,D3,peer0.org3.example.com,7.85,562.94,15823.57,NA_HOST_NETWORK,NA_HOST_NETWORK,120246272/1774829568,phase4b
2026-08-09T23:26:37.917Z,D1,cc-unified,0.00,27.02,7815.99,NA_HOST_NETWORK,NA_HOST_NETWORK,618496/0,phase4b
2026-08-09T23:26:37.917Z,D1,HARNESS_bench.js,0.5,98.70,7815.99,NA,NA,threads=11,phase4b
2026-08-09T23:26:37.917Z,D1,peer0.org1.example.com,10.09,577.66,7815.99,NA_HOST_NETWORK,NA_HOST_NETWORK,98066432/1728180224,phase4b
2026-08-09T23:26:38.206Z,D4,cc-unified,0.00,25.06,15823.56,NA_HOST_NETWORK,NA_HOST_NETWORK,159744/0,phase4b
2026-08-09T23:26:38.206Z,D4,orderer.example.com,2.13,1136.76,15823.56,NA_HOST_NETWORK,NA_HOST_NETWORK,460144640/1187921920,phase4b
2026-08-09T23:26:38.206Z,D4,peer0.org4.example.com,2.67,854.04,15823.56,NA_HOST_NETWORK,NA_HOST_NETWORK,76492800/1725816832,phase4b
2026-08-09T23:26:38.596Z,D2,cc-unified,0.00,23.10,15914.51,NA_HOST_NETWORK,NA_HOST_NETWORK,1605632/393216,phase4b
2026-08-09T23:26:38.596Z,D2,orderer2.example.com,1.06,456.77,15914.51,NA_HOST_NETWORK,NA_HOST_NETWORK,7970816/1681547264,phase4b
2026-08-09T23:26:38.596Z,D2,peer0.org2.example.com,16.10,512.91,15914.51,NA_HOST_NETWORK,NA_HOST_NETWORK,211570688/2613657600,phase4b
2026-08-09T23:26:39.449Z,D3,cc-unified,0.00,27.56,15823.57,NA_HOST_NETWORK,NA_HOST_NETWORK,3649536/372736,phase4b
2026-08-09T23:26:39.449Z,D3,orderer3.example.com,1.65,539.85,15823.57,NA_HOST_NETWORK,NA_HOST_NETWORK,1736704/1687670784,phase4b
2026-08-09T23:26:39.449Z,D3,peer0.org3.example.com,5.63,562.93,15823.57,NA_HOST_NETWORK,NA_HOST_NETWORK,120246272/1774829568,phase4b
2026-08-09T23:26:40.106Z,D1,cc-unified,0.00,27.02,7815.99,NA_HOST_NETWORK,NA_HOST_NETWORK,618496/0,phase4b
2026-08-09T23:26:40.106Z,D1,HARNESS_bench.js,1.4,98.43,7815.99,NA,NA,threads=11,phase4b
2026-08-09T23:26:40.106Z,D1,peer0.org1.example.com,17.12,577.50,7815.99,NA_HOST_NETWORK,NA_HOST_NETWORK,98066432/1728495616,phase4b
2026-08-09T23:26:40.430Z,D4,cc-unified,0.00,25.06,15823.56,NA_HOST_NETWORK,NA_HOST_NETWORK,159744/0,phase4b
2026-08-09T23:26:40.430Z,D4,orderer.example.com,2.25,1136.02,15823.56,NA_HOST_NETWORK,NA_HOST_NETWORK,460144640/1187921920,phase4b
2026-08-09T23:26:40.430Z,D4,peer0.org4.example.com,3.34,853.30,15823.56,NA_HOST_NETWORK,NA_HOST_NETWORK,76492800/1725816832,phase4b
2026-08-09T23:26:40.660Z,D2,cc-unified,0.00,23.10,15914.51,NA_HOST_NETWORK,NA_HOST_NETWORK,1605632/393216,phase4b
2026-08-09T23:26:40.660Z,D2,orderer2.example.com,1.07,457.12,15914.51,NA_HOST_NETWORK,NA_HOST_NETWORK,7970816/1681547264,phase4b
2026-08-09T23:26:40.660Z,D2,peer0.org2.example.com,10.52,513.70,15914.51,NA_HOST_NETWORK,NA_HOST_NETWORK,211570688/2614030336,phase4b
2026-08-09T23:26:41.659Z,D3,cc-unified,0.00,27.56,15823.57,NA_HOST_NETWORK,NA_HOST_NETWORK,3649536/372736,phase4b
2026-08-09T23:26:41.659Z,D3,orderer3.example.com,1.39,540.11,15823.57,NA_HOST_NETWORK,NA_HOST_NETWORK,1736704/1687670784,phase4b
2026-08-09T23:26:41.659Z,D3,peer0.org3.example.com,6.63,562.19,15823.57,NA_HOST_NETWORK,NA_HOST_NETWORK,120246272/1774829568,phase4b
2026-08-09T23:26:42.150Z,D1,cc-unified,0.00,27.02,7815.99,NA_HOST_NETWORK,NA_HOST_NETWORK,618496/0,phase4b
2026-08-09T23:26:42.150Z,D1,HARNESS_bench.js,1.5,99.10,7815.99,NA,NA,threads=11,phase4b
2026-08-09T23:26:42.150Z,D1,peer0.org1.example.com,10.18,577.59,7815.99,NA_HOST_NETWORK,NA_HOST_NETWORK,98066432/1728839680,phase4b
2026-08-09T23:26:42.476Z,D4,cc-unified,0.00,25.06,15823.56,NA_HOST_NETWORK,NA_HOST_NETWORK,159744/0,phase4b
2026-08-09T23:26:42.476Z,D4,orderer.example.com,0.78,1136.21,15823.56,NA_HOST_NETWORK,NA_HOST_NETWORK,460144640/1187921920,phase4b
2026-08-09T23:26:42.476Z,D4,peer0.org4.example.com,0.81,853.80,15823.56,NA_HOST_NETWORK,NA_HOST_NETWORK,76492800/1725816832,phase4b
2026-08-09T23:26:42.748Z,D2,cc-unified,0.00,23.10,15914.51,NA_HOST_NETWORK,NA_HOST_NETWORK,1605632/393216,phase4b
2026-08-09T23:26:42.748Z,D2,orderer2.example.com,1.16,456.93,15914.51,NA_HOST_NETWORK,NA_HOST_NETWORK,7970816/1681547264,phase4b
2026-08-09T23:26:42.748Z,D2,peer0.org2.example.com,13.82,513.31,15914.51,NA_HOST_NETWORK,NA_HOST_NETWORK,211570688/2614321152,phase4b
2026-08-09T23:26:43.705Z,D3,cc-unified,0.00,27.56,15823.57,NA_HOST_NETWORK,NA_HOST_NETWORK,3649536/372736,phase4b
2026-08-09T23:26:43.705Z,D3,orderer3.example.com,1.65,540.38,15823.57,NA_HOST_NETWORK,NA_HOST_NETWORK,1736704/1687670784,phase4b
2026-08-09T23:26:43.705Z,D3,peer0.org3.example.com,7.39,562.44,15823.57,NA_HOST_NETWORK,NA_HOST_NETWORK,120246272/1774829568,phase4b
2026-08-09T23:26:44.198Z,D1,cc-unified,0.00,27.02,7815.99,NA_HOST_NETWORK,NA_HOST_NETWORK,618496/0,phase4b
2026-08-09T23:26:44.198Z,D1,HARNESS_bench.js,0.0,98.30,7815.99,NA,NA,threads=11,phase4b
2026-08-09T23:26:44.198Z,D1,peer0.org1.example.com,2.99,576.92,7815.99,NA_HOST_NETWORK,NA_HOST_NETWORK,98066432/1728839680,phase4b
2026-08-09T23:26:44.524Z,D4,cc-unified,0.00,25.06,15823.56,NA_HOST_NETWORK,NA_HOST_NETWORK,159744/0,phase4b
2026-08-09T23:26:44.524Z,D4,orderer.example.com,1.23,1135.74,15823.56,NA_HOST_NETWORK,NA_HOST_NETWORK,460144640/1187921920,phase4b
2026-08-09T23:26:44.524Z,D4,peer0.org4.example.com,1.98,853.54,15823.56,NA_HOST_NETWORK,NA_HOST_NETWORK,76492800/1725816832,phase4b
2026-08-09T23:26:44.834Z,D2,cc-unified,0.00,23.07,15914.51,NA_HOST_NETWORK,NA_HOST_NETWORK,1605632/417792,phase4b
2026-08-09T23:26:44.834Z,D2,orderer2.example.com,1.08,450.36,15914.51,NA_HOST_NETWORK,NA_HOST_NETWORK,7970816/1681547264,phase4b
2026-08-09T23:26:44.834Z,D2,peer0.org2.example.com,15.68,505.66,15914.51,NA_HOST_NETWORK,NA_HOST_NETWORK,211570688/2614624256,phase4b
2026-08-09T23:26:45.796Z,D3,cc-unified,0.00,27.56,15823.57,NA_HOST_NETWORK,NA_HOST_NETWORK,3649536/372736,phase4b
2026-08-09T23:26:45.796Z,D3,orderer3.example.com,2.08,540.39,15823.57,NA_HOST_NETWORK,NA_HOST_NETWORK,1736704/1687670784,phase4b
2026-08-09T23:26:45.796Z,D3,peer0.org3.example.com,7.25,562.69,15823.57,NA_HOST_NETWORK,NA_HOST_NETWORK,120246272/1774829568,phase4b
2026-08-09T23:26:46.316Z,D1,cc-unified,0.00,27.02,7815.99,NA_HOST_NETWORK,NA_HOST_NETWORK,618496/0,phase4b
2026-08-09T23:26:46.316Z,D1,HARNESS_bench.js,0.9,98.35,7815.99,NA,NA,threads=11,phase4b
2026-08-09T23:26:46.316Z,D1,peer0.org1.example.com,6.29,577.45,7815.99,NA_HOST_NETWORK,NA_HOST_NETWORK,98066432/1728839680,phase4b
2026-08-09T23:26:46.595Z,D4,cc-unified,0.00,25.06,15823.56,NA_HOST_NETWORK,NA_HOST_NETWORK,159744/0,phase4b
2026-08-09T23:26:46.595Z,D4,orderer.example.com,2.17,1136.50,15823.56,NA_HOST_NETWORK,NA_HOST_NETWORK,460144640/1187921920,phase4b
2026-08-09T23:26:46.595Z,D4,peer0.org4.example.com,2.45,853.54,15823.56,NA_HOST_NETWORK,NA_HOST_NETWORK,76492800/1725816832,phase4b
2026-08-09T23:26:46.917Z,D2,cc-unified,0.03,23.07,15914.51,NA_HOST_NETWORK,NA_HOST_NETWORK,1605632/417792,phase4b
2026-08-09T23:26:46.917Z,D2,orderer2.example.com,1.37,450.47,15914.51,NA_HOST_NETWORK,NA_HOST_NETWORK,7970816/1681547264,phase4b
2026-08-09T23:26:46.917Z,D2,peer0.org2.example.com,12.06,506.20,15914.51,NA_HOST_NETWORK,NA_HOST_NETWORK,211570688/2615042048,phase4b
2026-08-09T23:26:47.926Z,D3,cc-unified,0.05,27.56,15823.57,NA_HOST_NETWORK,NA_HOST_NETWORK,3649536/372736,phase4b
2026-08-09T23:26:47.926Z,D3,orderer3.example.com,1.77,540.69,15823.57,NA_HOST_NETWORK,NA_HOST_NETWORK,1736704/1687670784,phase4b
2026-08-09T23:26:47.926Z,D3,peer0.org3.example.com,10.17,563.73,15823.57,NA_HOST_NETWORK,NA_HOST_NETWORK,120246272/1774829568,phase4b
2026-08-09T23:26:48.442Z,D1,cc-unified,0.00,27.02,7815.99,NA_HOST_NETWORK,NA_HOST_NETWORK,618496/0,phase4b
2026-08-09T23:26:48.442Z,D1,HARNESS_bench.js,0.0,98.38,7815.99,NA,NA,threads=11,phase4b
2026-08-09T23:26:48.442Z,D1,peer0.org1.example.com,3.35,577.17,7815.99,NA_HOST_NETWORK,NA_HOST_NETWORK,98066432/1728839680,phase4b
2026-08-09T23:26:48.644Z,D4,cc-unified,0.01,25.06,15823.56,NA_HOST_NETWORK,NA_HOST_NETWORK,159744/0,phase4b
2026-08-09T23:26:48.644Z,D4,orderer.example.com,1.41,1136.25,15823.56,NA_HOST_NETWORK,NA_HOST_NETWORK,460144640/1187921920,phase4b
2026-08-09T23:26:48.644Z,D4,peer0.org4.example.com,1.77,853.54,15823.56,NA_HOST_NETWORK,NA_HOST_NETWORK,76492800/1725816832,phase4b
2026-08-09T23:26:49.003Z,D2,cc-unified,0.00,23.07,15914.51,NA_HOST_NETWORK,NA_HOST_NETWORK,1605632/417792,phase4b
2026-08-09T23:26:49.003Z,D2,orderer2.example.com,1.21,450.60,15914.51,NA_HOST_NETWORK,NA_HOST_NETWORK,7970816/1681547264,phase4b
2026-08-09T23:26:49.003Z,D2,peer0.org2.example.com,16.04,506.45,15914.51,NA_HOST_NETWORK,NA_HOST_NETWORK,211570688/2615402496,phase4b
2026-08-09T23:26:49.972Z,D3,cc-unified,0.00,27.56,15823.57,NA_HOST_NETWORK,NA_HOST_NETWORK,3649536/372736,phase4b
2026-08-09T23:26:49.972Z,D3,orderer3.example.com,1.92,540.05,15823.57,NA_HOST_NETWORK,NA_HOST_NETWORK,1736704/1687670784,phase4b
2026-08-09T23:26:49.972Z,D3,peer0.org3.example.com,7.08,562.99,15823.57,NA_HOST_NETWORK,NA_HOST_NETWORK,120246272/1774829568,phase4b
2026-08-09T23:26:50.502Z,D1,cc-unified,0.00,27.02,7815.99,NA_HOST_NETWORK,NA_HOST_NETWORK,618496/0,phase4b
2026-08-09T23:26:50.502Z,D1,HARNESS_bench.js,0.5,98.43,7815.99,NA,NA,threads=11,phase4b
2026-08-09T23:26:50.502Z,D1,peer0.org1.example.com,3.07,576.42,7815.99,NA_HOST_NETWORK,NA_HOST_NETWORK,98066432/1728839680,phase4b
2026-08-09T23:26:50.786Z,D4,cc-unified,0.00,25.06,15823.56,NA_HOST_NETWORK,NA_HOST_NETWORK,159744/0,phase4b
2026-08-09T23:26:50.786Z,D4,orderer.example.com,2.70,1135.75,15823.56,NA_HOST_NETWORK,NA_HOST_NETWORK,460144640/1187921920,phase4b
2026-08-09T23:26:50.786Z,D4,peer0.org4.example.com,3.22,853.05,15823.56,NA_HOST_NETWORK,NA_HOST_NETWORK,76492800/1725816832,phase4b
2026-08-09T23:26:51.089Z,D2,cc-unified,0.00,23.07,15914.51,NA_HOST_NETWORK,NA_HOST_NETWORK,1605632/417792,phase4b
2026-08-09T23:26:51.089Z,D2,orderer2.example.com,1.21,450.29,15914.51,NA_HOST_NETWORK,NA_HOST_NETWORK,7970816/1681547264,phase4b
2026-08-09T23:26:51.089Z,D2,peer0.org2.example.com,15.42,506.00,15914.51,NA_HOST_NETWORK,NA_HOST_NETWORK,211570688/2615730176,phase4b
2026-08-09T23:26:52.021Z,D3,cc-unified,0.00,27.56,15823.57,NA_HOST_NETWORK,NA_HOST_NETWORK,3649536/372736,phase4b
2026-08-09T23:26:52.021Z,D3,orderer3.example.com,1.89,540.80,15823.57,NA_HOST_NETWORK,NA_HOST_NETWORK,1736704/1687670784,phase4b
2026-08-09T23:26:52.021Z,D3,peer0.org3.example.com,6.88,563.32,15823.57,NA_HOST_NETWORK,NA_HOST_NETWORK,120246272/1774829568,phase4b
2026-08-09T23:26:52.653Z,D1,cc-unified,0.00,27.02,7815.99,NA_HOST_NETWORK,NA_HOST_NETWORK,618496/0,phase4b
2026-08-09T23:26:52.653Z,D1,HARNESS_bench.js,0.5,98.48,7815.99,NA,NA,threads=11,phase4b
2026-08-09T23:26:52.653Z,D1,peer0.org1.example.com,6.02,577.04,7815.99,NA_HOST_NETWORK,NA_HOST_NETWORK,98066432/1728839680,phase4b
2026-08-09T23:26:52.939Z,D4,cc-unified,0.00,25.06,15823.56,NA_HOST_NETWORK,NA_HOST_NETWORK,159744/0,phase4b
2026-08-09T23:26:52.939Z,D4,orderer.example.com,1.61,1136.22,15823.56,NA_HOST_NETWORK,NA_HOST_NETWORK,460144640/1187921920,phase4b
2026-08-09T23:26:52.939Z,D4,peer0.org4.example.com,2.57,854.04,15823.56,NA_HOST_NETWORK,NA_HOST_NETWORK,76492800/1725816832,phase4b
2026-08-09T23:26:53.170Z,D2,cc-unified,0.00,23.07,15914.51,NA_HOST_NETWORK,NA_HOST_NETWORK,1605632/417792,phase4b
2026-08-09T23:26:53.170Z,D2,orderer2.example.com,1.37,450.71,15914.51,NA_HOST_NETWORK,NA_HOST_NETWORK,7970816/1681547264,phase4b
2026-08-09T23:26:53.170Z,D2,peer0.org2.example.com,10.60,506.84,15914.51,NA_HOST_NETWORK,NA_HOST_NETWORK,211570688/2616061952,phase4b
2026-08-09T23:26:54.079Z,D3,cc-unified,0.00,27.56,15823.57,NA_HOST_NETWORK,NA_HOST_NETWORK,3649536/372736,phase4b
2026-08-09T23:26:54.079Z,D3,orderer3.example.com,2.03,540.68,15823.57,NA_HOST_NETWORK,NA_HOST_NETWORK,1736704/1687670784,phase4b
2026-08-09T23:26:54.079Z,D3,peer0.org3.example.com,6.68,563.60,15823.57,NA_HOST_NETWORK,NA_HOST_NETWORK,120246272/1774829568,phase4b
2026-08-09T23:26:54.742Z,D1,cc-unified,0.00,27.02,7815.99,NA_HOST_NETWORK,NA_HOST_NETWORK,618496/0,phase4b
2026-08-09T23:26:54.742Z,D1,HARNESS_bench.js,0.5,98.52,7815.99,NA,NA,threads=11,phase4b
2026-08-09T23:26:54.742Z,D1,peer0.org1.example.com,2.13,576.67,7815.99,NA_HOST_NETWORK,NA_HOST_NETWORK,98066432/1728839680,phase4b
2026-08-09T23:26:54.988Z,D4,cc-unified,0.00,25.06,15823.56,NA_HOST_NETWORK,NA_HOST_NETWORK,159744/0,phase4b
2026-08-09T23:26:54.988Z,D4,orderer.example.com,2.26,1135.76,15823.56,NA_HOST_NETWORK,NA_HOST_NETWORK,460144640/1187921920,phase4b
2026-08-09T23:26:54.988Z,D4,peer0.org4.example.com,2.30,853.05,15823.56,NA_HOST_NETWORK,NA_HOST_NETWORK,76492800/1725816832,phase4b
2026-08-09T23:26:55.257Z,D2,cc-unified,0.00,23.07,15914.51,NA_HOST_NETWORK,NA_HOST_NETWORK,1605632/417792,phase4b
2026-08-09T23:26:55.257Z,D2,orderer2.example.com,1.21,451.00,15914.51,NA_HOST_NETWORK,NA_HOST_NETWORK,7970816/1681547264,phase4b
2026-08-09T23:26:55.257Z,D2,peer0.org2.example.com,19.13,506.82,15914.51,NA_HOST_NETWORK,NA_HOST_NETWORK,211570688/2616434688,phase4b
2026-08-09T23:26:56.238Z,D3,cc-unified,0.00,27.56,15823.57,NA_HOST_NETWORK,NA_HOST_NETWORK,3649536/372736,phase4b
2026-08-09T23:26:56.238Z,D3,orderer3.example.com,1.81,540.49,15823.57,NA_HOST_NETWORK,NA_HOST_NETWORK,1736704/1687670784,phase4b
2026-08-09T23:26:56.238Z,D3,peer0.org3.example.com,6.60,563.27,15823.57,NA_HOST_NETWORK,NA_HOST_NETWORK,120246272/1774829568,phase4b
2026-08-09T23:26:56.858Z,D1,cc-unified,0.00,27.02,7815.99,NA_HOST_NETWORK,NA_HOST_NETWORK,618496/0,phase4b
2026-08-09T23:26:56.858Z,D1,HARNESS_bench.js,0.0,98.56,7815.99,NA,NA,threads=11,phase4b
2026-08-09T23:26:56.858Z,D1,peer0.org1.example.com,4.30,584.78,7815.99,NA_HOST_NETWORK,NA_HOST_NETWORK,98066432/1728839680,phase4b
2026-08-09T23:26:57.107Z,D4,cc-unified,0.00,25.06,15823.56,NA_HOST_NETWORK,NA_HOST_NETWORK,159744/0,phase4b
2026-08-09T23:26:57.107Z,D4,orderer.example.com,1.33,1135.03,15823.56,NA_HOST_NETWORK,NA_HOST_NETWORK,460144640/1187921920,phase4b
2026-08-09T23:26:57.107Z,D4,peer0.org4.example.com,2.46,853.80,15823.56,NA_HOST_NETWORK,NA_HOST_NETWORK,76492800/1725816832,phase4b
2026-08-09T23:26:57.343Z,D2,cc-unified,0.00,23.07,15914.51,NA_HOST_NETWORK,NA_HOST_NETWORK,1605632/417792,phase4b
2026-08-09T23:26:57.343Z,D2,orderer2.example.com,1.25,450.60,15914.51,NA_HOST_NETWORK,NA_HOST_NETWORK,7970816/1681547264,phase4b
2026-08-09T23:26:57.343Z,D2,peer0.org2.example.com,14.69,506.96,15914.51,NA_HOST_NETWORK,NA_HOST_NETWORK,211570688/2616750080,phase4b
2026-08-09T23:26:58.401Z,D3,cc-unified,0.00,27.56,15823.57,NA_HOST_NETWORK,NA_HOST_NETWORK,3649536/372736,phase4b
2026-08-09T23:26:58.401Z,D3,orderer3.example.com,1.96,541.06,15823.57,NA_HOST_NETWORK,NA_HOST_NETWORK,1736704/1687670784,phase4b
2026-08-09T23:26:58.401Z,D3,peer0.org3.example.com,6.97,562.07,15823.57,NA_HOST_NETWORK,NA_HOST_NETWORK,120246272/1774829568,phase4b
2026-08-09T23:26:58.908Z,D1,cc-unified,0.00,27.02,7815.99,NA_HOST_NETWORK,NA_HOST_NETWORK,618496/0,phase4b
2026-08-09T23:26:58.908Z,D1,HARNESS_bench.js,1.0,98.61,7815.99,NA,NA,threads=11,phase4b
2026-08-09T23:26:58.908Z,D1,peer0.org1.example.com,4.65,576.43,7815.99,NA_HOST_NETWORK,NA_HOST_NETWORK,98066432/1728839680,phase4b
2026-08-09T23:26:59.159Z,D4,cc-unified,0.00,25.06,15823.56,NA_HOST_NETWORK,NA_HOST_NETWORK,159744/0,phase4b
2026-08-09T23:26:59.159Z,D4,orderer.example.com,0.97,1135.98,15823.56,NA_HOST_NETWORK,NA_HOST_NETWORK,460144640/1187921920,phase4b
2026-08-09T23:26:59.159Z,D4,peer0.org4.example.com,1.94,854.05,15823.56,NA_HOST_NETWORK,NA_HOST_NETWORK,76492800/1725816832,phase4b
2026-08-09T23:26:59.474Z,D2,cc-unified,0.00,23.07,15914.51,NA_HOST_NETWORK,NA_HOST_NETWORK,1605632/417792,phase4b
2026-08-09T23:26:59.474Z,D2,orderer2.example.com,1.19,450.89,15914.51,NA_HOST_NETWORK,NA_HOST_NETWORK,7970816/1681547264,phase4b
2026-08-09T23:26:59.474Z,D2,peer0.org2.example.com,7.83,507.64,15914.51,NA_HOST_NETWORK,NA_HOST_NETWORK,211570688/2617044992,phase4b
2026-08-09T23:27:00.567Z,D3,cc-unified,0.00,27.56,15823.57,NA_HOST_NETWORK,NA_HOST_NETWORK,3649536/372736,phase4b
2026-08-09T23:27:00.567Z,D3,orderer3.example.com,1.80,541.41,15823.57,NA_HOST_NETWORK,NA_HOST_NETWORK,1736704/1687670784,phase4b
2026-08-09T23:27:00.567Z,D3,peer0.org3.example.com,6.66,562.00,15823.57,NA_HOST_NETWORK,NA_HOST_NETWORK,120246272/1774829568,phase4b
2026-08-09T23:27:01.039Z,D1,cc-unified,0.00,27.02,7815.99,NA_HOST_NETWORK,NA_HOST_NETWORK,618496/0,phase4b
2026-08-09T23:27:01.039Z,D1,HARNESS_bench.js,0.5,98.67,7815.99,NA,NA,threads=11,phase4b
2026-08-09T23:27:01.039Z,D1,peer0.org1.example.com,3.38,577.42,7815.99,NA_HOST_NETWORK,NA_HOST_NETWORK,98066432/1728839680,phase4b
2026-08-09T23:27:01.343Z,D4,cc-unified,0.00,25.06,15823.56,NA_HOST_NETWORK,NA_HOST_NETWORK,159744/0,phase4b
2026-08-09T23:27:01.343Z,D4,orderer.example.com,2.58,1136.23,15823.56,NA_HOST_NETWORK,NA_HOST_NETWORK,460144640/1187921920,phase4b
2026-08-09T23:27:01.343Z,D4,peer0.org4.example.com,3.30,853.79,15823.56,NA_HOST_NETWORK,NA_HOST_NETWORK,76492800/1725816832,phase4b
2026-08-09T23:27:01.532Z,D2,cc-unified,0.00,23.07,15914.51,NA_HOST_NETWORK,NA_HOST_NETWORK,1605632/417792,phase4b
2026-08-09T23:27:01.532Z,D2,orderer2.example.com,1.34,450.96,15914.51,NA_HOST_NETWORK,NA_HOST_NETWORK,7970816/1681547264,phase4b
2026-08-09T23:27:01.532Z,D2,peer0.org2.example.com,16.84,507.76,15914.51,NA_HOST_NETWORK,NA_HOST_NETWORK,211570688/2617458688,phase4b
2026-08-09T23:27:02.767Z,D3,cc-unified,0.00,27.56,15823.57,NA_HOST_NETWORK,NA_HOST_NETWORK,3649536/372736,phase4b
2026-08-09T23:27:02.767Z,D3,orderer3.example.com,1.85,540.96,15823.57,NA_HOST_NETWORK,NA_HOST_NETWORK,1736704/1687670784,phase4b
2026-08-09T23:27:02.767Z,D3,peer0.org3.example.com,7.31,561.61,15823.57,NA_HOST_NETWORK,NA_HOST_NETWORK,120246272/1774829568,phase4b
2026-08-09T23:27:03.131Z,D1,cc-unified,0.00,27.02,7815.99,NA_HOST_NETWORK,NA_HOST_NETWORK,618496/0,phase4b
2026-08-09T23:27:03.131Z,D1,HARNESS_bench.js,0.0,98.69,7815.99,NA,NA,threads=11,phase4b
2026-08-09T23:27:03.131Z,D1,peer0.org1.example.com,5.02,577.50,7815.99,NA_HOST_NETWORK,NA_HOST_NETWORK,98066432/1728839680,phase4b
2026-08-09T23:27:03.387Z,D4,cc-unified,0.00,25.06,15823.56,NA_HOST_NETWORK,NA_HOST_NETWORK,159744/0,phase4b
2026-08-09T23:27:03.387Z,D4,orderer.example.com,2.63,1135.48,15823.56,NA_HOST_NETWORK,NA_HOST_NETWORK,460144640/1187921920,phase4b
2026-08-09T23:27:03.387Z,D4,peer0.org4.example.com,3.11,853.56,15823.56,NA_HOST_NETWORK,NA_HOST_NETWORK,76492800/1725816832,phase4b
2026-08-09T23:27:03.607Z,D2,cc-unified,0.00,23.07,15914.51,NA_HOST_NETWORK,NA_HOST_NETWORK,1605632/417792,phase4b
2026-08-09T23:27:03.607Z,D2,orderer2.example.com,1.19,451.25,15914.51,NA_HOST_NETWORK,NA_HOST_NETWORK,7970816/1681547264,phase4b
2026-08-09T23:27:03.607Z,D2,peer0.org2.example.com,13.57,507.94,15914.51,NA_HOST_NETWORK,NA_HOST_NETWORK,211570688/2617757696,phase4b
2026-08-09T23:27:04.815Z,D3,cc-unified,0.00,27.56,15823.57,NA_HOST_NETWORK,NA_HOST_NETWORK,3649536/372736,phase4b
2026-08-09T23:27:04.815Z,D3,orderer3.example.com,1.83,541.22,15823.57,NA_HOST_NETWORK,NA_HOST_NETWORK,1736704/1687670784,phase4b
2026-08-09T23:27:04.815Z,D3,peer0.org3.example.com,7.34,562.32,15823.57,NA_HOST_NETWORK,NA_HOST_NETWORK,120246272/1774829568,phase4b
2026-08-09T23:27:05.178Z,D1,cc-unified,0.00,27.02,7815.99,NA_HOST_NETWORK,NA_HOST_NETWORK,618496/0,phase4b
2026-08-09T23:27:05.178Z,D1,HARNESS_bench.js,0.5,98.75,7815.99,NA,NA,threads=11,phase4b
2026-08-09T23:27:05.178Z,D1,peer0.org1.example.com,3.22,576.89,7815.99,NA_HOST_NETWORK,NA_HOST_NETWORK,98066432/1728839680,phase4b
2026-08-09T23:27:05.434Z,D4,cc-unified,0.00,25.06,15823.56,NA_HOST_NETWORK,NA_HOST_NETWORK,159744/0,phase4b
2026-08-09T23:27:05.434Z,D4,orderer.example.com,1.40,1136.02,15823.56,NA_HOST_NETWORK,NA_HOST_NETWORK,460144640/1187921920,phase4b
2026-08-09T23:27:05.434Z,D4,peer0.org4.example.com,1.51,853.30,15823.56,NA_HOST_NETWORK,NA_HOST_NETWORK,76492800/1725816832,phase4b
2026-08-09T23:27:05.703Z,D2,cc-unified,0.00,23.07,15914.51,NA_HOST_NETWORK,NA_HOST_NETWORK,1605632/417792,phase4b
2026-08-09T23:27:05.703Z,D2,orderer2.example.com,1.33,450.57,15914.51,NA_HOST_NETWORK,NA_HOST_NETWORK,7970816/1681547264,phase4b
2026-08-09T23:27:05.703Z,D2,peer0.org2.example.com,12.02,507.58,15914.51,NA_HOST_NETWORK,NA_HOST_NETWORK,211570688/2618187776,phase4b
2026-08-09T23:27:06.982Z,D3,cc-unified,0.00,27.56,15823.57,NA_HOST_NETWORK,NA_HOST_NETWORK,3649536/372736,phase4b
2026-08-09T23:27:06.982Z,D3,orderer3.example.com,1.85,541.21,15823.57,NA_HOST_NETWORK,NA_HOST_NETWORK,1736704/1687670784,phase4b
2026-08-09T23:27:06.982Z,D3,peer0.org3.example.com,6.02,562.42,15823.57,NA_HOST_NETWORK,NA_HOST_NETWORK,120246272/1774829568,phase4b
2026-08-09T23:27:07.268Z,D1,cc-unified,0.03,27.02,7815.99,NA_HOST_NETWORK,NA_HOST_NETWORK,618496/0,phase4b
2026-08-09T23:27:07.268Z,D1,HARNESS_bench.js,0.5,98.79,7815.99,NA,NA,threads=11,phase4b
2026-08-09T23:27:07.268Z,D1,peer0.org1.example.com,2.82,577.42,7815.99,NA_HOST_NETWORK,NA_HOST_NETWORK,98066432/1728839680,phase4b
2026-08-09T23:27:07.581Z,D4,cc-unified,0.00,25.06,15823.56,NA_HOST_NETWORK,NA_HOST_NETWORK,159744/0,phase4b
2026-08-09T23:27:07.581Z,D4,orderer.example.com,2.79,1136.70,15823.56,NA_HOST_NETWORK,NA_HOST_NETWORK,460144640/1187921920,phase4b
2026-08-09T23:27:07.581Z,D4,peer0.org4.example.com,3.54,854.28,15823.56,NA_HOST_NETWORK,NA_HOST_NETWORK,76492800/1725816832,phase4b
2026-08-09T23:27:07.769Z,D2,cc-unified,0.00,23.07,15914.51,NA_HOST_NETWORK,NA_HOST_NETWORK,1605632/417792,phase4b
2026-08-09T23:27:07.769Z,D2,orderer2.example.com,1.21,451.36,15914.51,NA_HOST_NETWORK,NA_HOST_NETWORK,7970816/1681547264,phase4b
2026-08-09T23:27:07.769Z,D2,peer0.org2.example.com,14.89,508.40,15914.51,NA_HOST_NETWORK,NA_HOST_NETWORK,211570688/2618511360,phase4b
2026-08-09T23:27:09.146Z,D3,cc-unified,0.00,27.56,15823.57,NA_HOST_NETWORK,NA_HOST_NETWORK,3649536/372736,phase4b
2026-08-09T23:27:09.146Z,D3,orderer3.example.com,1.68,541.27,15823.57,NA_HOST_NETWORK,NA_HOST_NETWORK,1736704/1687670784,phase4b
2026-08-09T23:27:09.146Z,D3,peer0.org3.example.com,6.56,561.90,15823.57,NA_HOST_NETWORK,NA_HOST_NETWORK,120246272/1774829568,phase4b
2026-08-09T23:27:09.413Z,D1,cc-unified,0.00,27.02,7815.99,NA_HOST_NETWORK,NA_HOST_NETWORK,618496/0,phase4b
2026-08-09T23:27:09.413Z,D1,HARNESS_bench.js,0.5,98.85,7815.99,NA,NA,threads=11,phase4b
2026-08-09T23:27:09.413Z,D1,peer0.org1.example.com,5.27,577.32,7815.99,NA_HOST_NETWORK,NA_HOST_NETWORK,98066432/1728839680,phase4b
2026-08-09T23:27:09.732Z,D4,cc-unified,0.00,25.06,15823.56,NA_HOST_NETWORK,NA_HOST_NETWORK,159744/0,phase4b
2026-08-09T23:27:09.732Z,D4,orderer.example.com,1.91,1136.34,15823.56,NA_HOST_NETWORK,NA_HOST_NETWORK,460144640/1187921920,phase4b
2026-08-09T23:27:09.732Z,D4,peer0.org4.example.com,2.41,854.04,15823.56,NA_HOST_NETWORK,NA_HOST_NETWORK,76492800/1725816832,phase4b
2026-08-09T23:27:09.844Z,D2,cc-unified,0.00,23.07,15914.51,NA_HOST_NETWORK,NA_HOST_NETWORK,1605632/417792,phase4b
2026-08-09T23:27:09.844Z,D2,orderer2.example.com,1.25,451.40,15914.51,NA_HOST_NETWORK,NA_HOST_NETWORK,7970816/1681547264,phase4b
2026-08-09T23:27:09.844Z,D2,peer0.org2.example.com,17.81,508.65,15914.51,NA_HOST_NETWORK,NA_HOST_NETWORK,211570688/2618933248,phase4b
2026-08-09T23:27:11.309Z,D3,cc-unified,0.00,27.56,15823.57,NA_HOST_NETWORK,NA_HOST_NETWORK,3649536/372736,phase4b
2026-08-09T23:27:11.309Z,D3,orderer3.example.com,1.98,541.07,15823.57,NA_HOST_NETWORK,NA_HOST_NETWORK,1736704/1687670784,phase4b
2026-08-09T23:27:11.309Z,D3,peer0.org3.example.com,5.86,561.66,15823.57,NA_HOST_NETWORK,NA_HOST_NETWORK,120246272/1774829568,phase4b
2026-08-09T23:27:11.511Z,D1,cc-unified,0.00,27.02,7815.99,NA_HOST_NETWORK,NA_HOST_NETWORK,618496/0,phase4b
2026-08-09T23:27:11.511Z,D1,HARNESS_bench.js,0.0,98.88,7815.99,NA,NA,threads=11,phase4b
2026-08-09T23:27:11.511Z,D1,peer0.org1.example.com,2.69,577.91,7815.99,NA_HOST_NETWORK,NA_HOST_NETWORK,98066432/1728839680,phase4b
2026-08-09T23:27:11.786Z,D4,cc-unified,0.00,25.06,15823.56,NA_HOST_NETWORK,NA_HOST_NETWORK,159744/0,phase4b
2026-08-09T23:27:11.786Z,D4,orderer.example.com,1.13,1136.02,15823.56,NA_HOST_NETWORK,NA_HOST_NETWORK,460144640/1187921920,phase4b
2026-08-09T23:27:11.786Z,D4,peer0.org4.example.com,1.27,854.05,15823.56,NA_HOST_NETWORK,NA_HOST_NETWORK,76492800/1725816832,phase4b
2026-08-09T23:27:11.932Z,D2,cc-unified,0.00,23.07,15914.51,NA_HOST_NETWORK,NA_HOST_NETWORK,1605632/417792,phase4b
2026-08-09T23:27:11.932Z,D2,orderer2.example.com,1.16,451.18,15914.51,NA_HOST_NETWORK,NA_HOST_NETWORK,7970816/1681547264,phase4b
2026-08-09T23:27:11.932Z,D2,peer0.org2.example.com,8.30,509.73,15914.51,NA_HOST_NETWORK,NA_HOST_NETWORK,211570688/2619179008,phase4b
2026-08-09T23:27:13.473Z,D3,cc-unified,0.00,27.56,15823.57,NA_HOST_NETWORK,NA_HOST_NETWORK,3649536/372736,phase4b
2026-08-09T23:27:13.473Z,D3,orderer3.example.com,1.82,541.10,15823.57,NA_HOST_NETWORK,NA_HOST_NETWORK,1736704/1687670784,phase4b
2026-08-09T23:27:13.473Z,D3,peer0.org3.example.com,6.94,561.69,15823.57,NA_HOST_NETWORK,NA_HOST_NETWORK,120246272/1774829568,phase4b
2026-08-09T23:27:13.653Z,D1,cc-unified,0.02,27.02,7815.99,NA_HOST_NETWORK,NA_HOST_NETWORK,618496/0,phase4b
2026-08-09T23:27:13.653Z,D1,HARNESS_bench.js,0.9,98.93,7815.99,NA,NA,threads=11,phase4b
2026-08-09T23:27:13.653Z,D1,peer0.org1.example.com,3.22,577.67,7815.99,NA_HOST_NETWORK,NA_HOST_NETWORK,98066432/1728839680,phase4b
2026-08-09T23:27:13.928Z,D4,cc-unified,0.02,25.06,15823.56,NA_HOST_NETWORK,NA_HOST_NETWORK,159744/0,phase4b
2026-08-09T23:27:13.928Z,D4,orderer.example.com,2.98,1136.25,15823.56,NA_HOST_NETWORK,NA_HOST_NETWORK,460144640/1187921920,phase4b
2026-08-09T23:27:13.928Z,D4,peer0.org4.example.com,3.80,853.54,15823.56,NA_HOST_NETWORK,NA_HOST_NETWORK,76492800/1725816832,phase4b
2026-08-09T23:27:14.006Z,D2,cc-unified,0.01,23.07,15914.51,NA_HOST_NETWORK,NA_HOST_NETWORK,1605632/417792,phase4b
2026-08-09T23:27:14.006Z,D2,orderer2.example.com,1.37,451.05,15914.51,NA_HOST_NETWORK,NA_HOST_NETWORK,7970816/1681547264,phase4b
2026-08-09T23:27:14.006Z,D2,peer0.org2.example.com,15.42,509.59,15914.51,NA_HOST_NETWORK,NA_HOST_NETWORK,211570688/2619588608,phase4b
2026-08-09T23:27:15.631Z,D3,cc-unified,0.00,27.56,15823.57,NA_HOST_NETWORK,NA_HOST_NETWORK,3649536/372736,phase4b
2026-08-09T23:27:15.631Z,D3,orderer3.example.com,1.92,541.33,15823.57,NA_HOST_NETWORK,NA_HOST_NETWORK,1736704/1687670784,phase4b
2026-08-09T23:27:15.631Z,D3,peer0.org3.example.com,6.10,562.12,15823.57,NA_HOST_NETWORK,NA_HOST_NETWORK,120246272/1774829568,phase4b
2026-08-09T23:27:15.794Z,D1,cc-unified,0.00,27.02,7815.99,NA_HOST_NETWORK,NA_HOST_NETWORK,618496/0,phase4b
2026-08-09T23:27:15.794Z,D1,HARNESS_bench.js,0.5,98.97,7815.99,NA,NA,threads=11,phase4b
2026-08-09T23:27:15.794Z,D1,peer0.org1.example.com,7.29,577.40,7815.99,NA_HOST_NETWORK,NA_HOST_NETWORK,98066432/1728839680,phase4b
2026-08-09T23:27:16.080Z,D4,cc-unified,0.00,25.06,15823.56,NA_HOST_NETWORK,NA_HOST_NETWORK,159744/0,phase4b
2026-08-09T23:27:16.080Z,D4,orderer.example.com,2.13,1136.51,15823.56,NA_HOST_NETWORK,NA_HOST_NETWORK,460144640/1187921920,phase4b
2026-08-09T23:27:16.080Z,D4,peer0.org4.example.com,2.98,853.80,15823.56,NA_HOST_NETWORK,NA_HOST_NETWORK,76492800/1725816832,phase4b
2026-08-09T23:27:16.091Z,D2,cc-unified,0.00,23.07,15914.51,NA_HOST_NETWORK,NA_HOST_NETWORK,1605632/417792,phase4b
2026-08-09T23:27:16.091Z,D2,orderer2.example.com,1.12,451.05,15914.51,NA_HOST_NETWORK,NA_HOST_NETWORK,7970816/1681547264,phase4b
2026-08-09T23:27:16.091Z,D2,peer0.org2.example.com,13.18,510.20,15914.51,NA_HOST_NETWORK,NA_HOST_NETWORK,211570688/2619904000,phase4b
2026-08-09T23:27:17.717Z,D3,cc-unified,0.00,27.56,15823.57,NA_HOST_NETWORK,NA_HOST_NETWORK,3649536/372736,phase4b
2026-08-09T23:27:17.717Z,D3,orderer3.example.com,2.46,541.16,15823.57,NA_HOST_NETWORK,NA_HOST_NETWORK,1736704/1687670784,phase4b
2026-08-09T23:27:17.717Z,D3,peer0.org3.example.com,8.01,561.66,15823.57,NA_HOST_NETWORK,NA_HOST_NETWORK,120246272/1774829568,phase4b
2026-08-09T23:27:17.937Z,D1,cc-unified,0.00,27.02,7815.99,NA_HOST_NETWORK,NA_HOST_NETWORK,618496/0,phase4b
2026-08-09T23:27:17.937Z,D1,HARNESS_bench.js,0.5,99.02,7815.99,NA,NA,threads=11,phase4b
2026-08-09T23:27:17.937Z,D1,peer0.org1.example.com,3.04,577.40,7815.99,NA_HOST_NETWORK,NA_HOST_NETWORK,98066432/1728839680,phase4b
2026-08-09T23:27:18.128Z,D4,cc-unified,0.00,25.06,15823.56,NA_HOST_NETWORK,NA_HOST_NETWORK,159744/0,phase4b
2026-08-09T23:27:18.128Z,D4,orderer.example.com,1.72,1135.50,15823.56,NA_HOST_NETWORK,NA_HOST_NETWORK,460144640/1187921920,phase4b
2026-08-09T23:27:18.128Z,D4,peer0.org4.example.com,2.13,853.54,15823.56,NA_HOST_NETWORK,NA_HOST_NETWORK,76492800/1725816832,phase4b
2026-08-09T23:27:18.166Z,D2,cc-unified,0.00,23.07,15914.51,NA_HOST_NETWORK,NA_HOST_NETWORK,1605632/417792,phase4b
2026-08-09T23:27:18.166Z,D2,orderer2.example.com,1.38,451.59,15914.51,NA_HOST_NETWORK,NA_HOST_NETWORK,7970816/1681547264,phase4b
2026-08-09T23:27:18.166Z,D2,peer0.org2.example.com,11.70,510.38,15914.51,NA_HOST_NETWORK,NA_HOST_NETWORK,211570688/2620252160,phase4b
2026-08-09T23:27:19.876Z,D3,cc-unified,0.00,27.56,15823.57,NA_HOST_NETWORK,NA_HOST_NETWORK,3649536/372736,phase4b
2026-08-09T23:27:19.876Z,D3,orderer3.example.com,1.81,541.43,15823.57,NA_HOST_NETWORK,NA_HOST_NETWORK,1736704/1687670784,phase4b
2026-08-09T23:27:19.876Z,D3,peer0.org3.example.com,6.99,562.56,15823.57,NA_HOST_NETWORK,NA_HOST_NETWORK,120246272/1774829568,phase4b
2026-08-09T23:27:20.047Z,D1,cc-unified,0.00,27.02,7815.99,NA_HOST_NETWORK,NA_HOST_NETWORK,618496/0,phase4b
2026-08-09T23:27:20.047Z,D1,HARNESS_bench.js,0.0,99.05,7815.99,NA,NA,threads=11,phase4b
2026-08-09T23:27:20.047Z,D1,peer0.org1.example.com,2.84,576.66,7815.99,NA_HOST_NETWORK,NA_HOST_NETWORK,98066432/1728839680,phase4b
2026-08-09T23:27:20.275Z,D4,cc-unified,0.00,25.06,15823.56,NA_HOST_NETWORK,NA_HOST_NETWORK,159744/0,phase4b
2026-08-09T23:27:20.275Z,D4,orderer.example.com,2.54,1136.24,15823.56,NA_HOST_NETWORK,NA_HOST_NETWORK,460144640/1187921920,phase4b
2026-08-09T23:27:20.275Z,D4,peer0.org4.example.com,3.93,853.30,15823.56,NA_HOST_NETWORK,NA_HOST_NETWORK,76492800/1725816832,phase4b
2026-08-09T23:27:20.319Z,D2,cc-unified,0.00,23.07,15914.51,NA_HOST_NETWORK,NA_HOST_NETWORK,1605632/417792,phase4b
2026-08-09T23:27:20.319Z,D2,orderer2.example.com,1.16,451.16,15914.51,NA_HOST_NETWORK,NA_HOST_NETWORK,7970816/1681547264,phase4b
2026-08-09T23:27:20.319Z,D2,peer0.org2.example.com,14.56,510.21,15914.51,NA_HOST_NETWORK,NA_HOST_NETWORK,211570688/2620645376,phase4b
2026-08-09T23:27:22.015Z,D3,cc-unified,0.00,27.56,15823.57,NA_HOST_NETWORK,NA_HOST_NETWORK,3649536/372736,phase4b
2026-08-09T23:27:22.015Z,D3,orderer3.example.com,1.72,541.44,15823.57,NA_HOST_NETWORK,NA_HOST_NETWORK,1736704/1687670784,phase4b
2026-08-09T23:27:22.015Z,D3,peer0.org3.example.com,7.73,562.15,15823.57,NA_HOST_NETWORK,NA_HOST_NETWORK,120246272/1774829568,phase4b
2026-08-09T23:27:22.211Z,D1,cc-unified,0.00,27.02,7815.99,NA_HOST_NETWORK,NA_HOST_NETWORK,618496/0,phase4b
2026-08-09T23:27:22.211Z,D1,HARNESS_bench.js,0.5,99.11,7815.99,NA,NA,threads=11,phase4b
2026-08-09T23:27:22.211Z,D1,peer0.org1.example.com,6.02,577.30,7815.99,NA_HOST_NETWORK,NA_HOST_NETWORK,98066432/1728839680,phase4b
2026-08-09T23:27:22.378Z,D2,cc-unified,0.00,23.07,15914.51,NA_HOST_NETWORK,NA_HOST_NETWORK,1605632/417792,phase4b
2026-08-09T23:27:22.378Z,D2,orderer2.example.com,2.10,451.19,15914.51,NA_HOST_NETWORK,NA_HOST_NETWORK,7970816/1681547264,phase4b
2026-08-09T23:27:22.378Z,D2,peer0.org2.example.com,13.19,511.06,15914.51,NA_HOST_NETWORK,NA_HOST_NETWORK,211570688/2620944384,phase4b
2026-08-09T23:27:22.474Z,D4,cc-unified,0.00,25.06,15823.56,NA_HOST_NETWORK,NA_HOST_NETWORK,159744/0,phase4b
2026-08-09T23:27:22.474Z,D4,orderer.example.com,1.90,1135.02,15823.56,NA_HOST_NETWORK,NA_HOST_NETWORK,460144640/1187921920,phase4b
2026-08-09T23:27:22.474Z,D4,peer0.org4.example.com,2.43,853.30,15823.56,NA_HOST_NETWORK,NA_HOST_NETWORK,76492800/1725816832,phase4b
2026-08-09T23:27:24.124Z,D3,cc-unified,0.00,27.56,15823.57,NA_HOST_NETWORK,NA_HOST_NETWORK,3649536/372736,phase4b
2026-08-09T23:27:24.124Z,D3,orderer3.example.com,1.88,541.43,15823.57,NA_HOST_NETWORK,NA_HOST_NETWORK,1736704/1687670784,phase4b
2026-08-09T23:27:24.124Z,D3,peer0.org3.example.com,7.33,562.01,15823.57,NA_HOST_NETWORK,NA_HOST_NETWORK,120246272/1774829568,phase4b
2026-08-09T23:27:24.308Z,D1,cc-unified,0.00,27.02,7815.99,NA_HOST_NETWORK,NA_HOST_NETWORK,618496/0,phase4b
2026-08-09T23:27:24.308Z,D1,HARNESS_bench.js,0.5,99.15,7815.99,NA,NA,threads=11,phase4b
2026-08-09T23:27:24.308Z,D1,peer0.org1.example.com,3.07,577.15,7815.99,NA_HOST_NETWORK,NA_HOST_NETWORK,98066432/1728839680,phase4b
2026-08-09T23:27:24.446Z,D2,cc-unified,0.00,23.07,15914.51,NA_HOST_NETWORK,NA_HOST_NETWORK,1605632/417792,phase4b
2026-08-09T23:27:24.446Z,D2,orderer2.example.com,1.18,451.20,15914.51,NA_HOST_NETWORK,NA_HOST_NETWORK,7970816/1681547264,phase4b
2026-08-09T23:27:24.446Z,D2,peer0.org2.example.com,11.23,510.81,15914.51,NA_HOST_NETWORK,NA_HOST_NETWORK,211570688/2621292544,phase4b
2026-08-09T23:27:24.521Z,D4,cc-unified,0.00,25.06,15823.56,NA_HOST_NETWORK,NA_HOST_NETWORK,159744/0,phase4b
2026-08-09T23:27:24.521Z,D4,orderer.example.com,0.79,1136.01,15823.56,NA_HOST_NETWORK,NA_HOST_NETWORK,460144640/1187921920,phase4b
2026-08-09T23:27:24.521Z,D4,peer0.org4.example.com,1.13,854.05,15823.56,NA_HOST_NETWORK,NA_HOST_NETWORK,76492800/1725816832,phase4b
2026-08-09T23:27:26.210Z,D3,cc-unified,0.00,27.56,15823.57,NA_HOST_NETWORK,NA_HOST_NETWORK,3649536/372736,phase4b
2026-08-09T23:27:26.210Z,D3,orderer3.example.com,1.92,540.20,15823.57,NA_HOST_NETWORK,NA_HOST_NETWORK,1736704/1687670784,phase4b
2026-08-09T23:27:26.210Z,D3,peer0.org3.example.com,8.04,561.18,15823.57,NA_HOST_NETWORK,NA_HOST_NETWORK,120246272/1774829568,phase4b
2026-08-09T23:27:26.392Z,D1,cc-unified,0.00,27.02,7815.99,NA_HOST_NETWORK,NA_HOST_NETWORK,618496/0,phase4b
2026-08-09T23:27:26.392Z,D1,HARNESS_bench.js,0.5,98.23,7815.99,NA,NA,threads=11,phase4b
2026-08-09T23:27:26.392Z,D1,peer0.org1.example.com,2.65,577.40,7815.99,NA_HOST_NETWORK,NA_HOST_NETWORK,98066432/1728839680,phase4b
2026-08-09T23:27:26.514Z,D2,cc-unified,0.00,23.07,15914.51,NA_HOST_NETWORK,NA_HOST_NETWORK,1605632/417792,phase4b
2026-08-09T23:27:26.514Z,D2,orderer2.example.com,1.23,451.47,15914.51,NA_HOST_NETWORK,NA_HOST_NETWORK,7970816/1681547264,phase4b
2026-08-09T23:27:26.514Z,D2,peer0.org2.example.com,15.09,510.88,15914.51,NA_HOST_NETWORK,NA_HOST_NETWORK,211570688/2621677568,phase4b
2026-08-09T23:27:26.576Z,D4,cc-unified,0.00,25.06,15823.56,NA_HOST_NETWORK,NA_HOST_NETWORK,159744/0,phase4b
2026-08-09T23:27:26.576Z,D4,orderer.example.com,2.29,1136.98,15823.56,NA_HOST_NETWORK,NA_HOST_NETWORK,460144640/1187921920,phase4b
2026-08-09T23:27:26.576Z,D4,peer0.org4.example.com,2.42,853.55,15823.56,NA_HOST_NETWORK,NA_HOST_NETWORK,76492800/1725816832,phase4b
2026-08-09T23:27:28.258Z,D3,cc-unified,0.00,27.56,15823.57,NA_HOST_NETWORK,NA_HOST_NETWORK,3649536/372736,phase4b
2026-08-09T23:27:28.258Z,D3,orderer3.example.com,1.85,541.68,15823.57,NA_HOST_NETWORK,NA_HOST_NETWORK,1736704/1687670784,phase4b
2026-08-09T23:27:28.258Z,D3,peer0.org3.example.com,7.33,563.34,15823.57,NA_HOST_NETWORK,NA_HOST_NETWORK,120246272/1774829568,phase4b
2026-08-09T23:27:28.539Z,D1,cc-unified,28.60,29.14,7815.99,NA_HOST_NETWORK,NA_HOST_NETWORK,618496/0,phase4b
2026-08-09T23:27:28.539Z,D1,HARNESS_bench.js,0.9,99.94,7815.99,NA,NA,threads=11,phase4b
2026-08-09T23:27:28.539Z,D1,peer0.org1.example.com,27.37,556.45,7815.99,NA_HOST_NETWORK,NA_HOST_NETWORK,98066432/1728839680,phase4b
2026-08-09T23:27:28.596Z,D2,cc-unified,0.00,23.07,15914.51,NA_HOST_NETWORK,NA_HOST_NETWORK,1605632/417792,phase4b
2026-08-09T23:27:28.596Z,D2,orderer2.example.com,1.18,451.45,15914.51,NA_HOST_NETWORK,NA_HOST_NETWORK,7970816/1681547264,phase4b
2026-08-09T23:27:28.596Z,D2,peer0.org2.example.com,8.20,510.71,15914.51,NA_HOST_NETWORK,NA_HOST_NETWORK,211570688/2621693952,phase4b
2026-08-09T23:27:28.707Z,D4,cc-unified,0.00,25.06,15823.56,NA_HOST_NETWORK,NA_HOST_NETWORK,159744/0,phase4b
2026-08-09T23:27:28.707Z,D4,orderer.example.com,1.69,1136.51,15823.56,NA_HOST_NETWORK,NA_HOST_NETWORK,460144640/1187921920,phase4b
2026-08-09T23:27:28.707Z,D4,peer0.org4.example.com,3.28,854.04,15823.56,NA_HOST_NETWORK,NA_HOST_NETWORK,76492800/1725816832,phase4b
2026-08-09T23:27:30.312Z,D3,cc-unified,0.00,27.56,15823.57,NA_HOST_NETWORK,NA_HOST_NETWORK,3649536/372736,phase4b
2026-08-09T23:27:30.312Z,D3,orderer3.example.com,1.62,540.69,15823.57,NA_HOST_NETWORK,NA_HOST_NETWORK,1736704/1687670784,phase4b
2026-08-09T23:27:30.312Z,D3,peer0.org3.example.com,6.51,562.91,15823.57,NA_HOST_NETWORK,NA_HOST_NETWORK,120246272/1774829568,phase4b
2026-08-09T23:27:30.653Z,D1,cc-unified,0.00,28.26,7815.99,NA_HOST_NETWORK,NA_HOST_NETWORK,618496/0,phase4b
2026-08-09T23:27:30.653Z,D1,HARNESS_bench.js,0.0,99.94,7815.99,NA,NA,threads=11,phase4b
2026-08-09T23:27:30.653Z,D1,peer0.org1.example.com,1.76,556.21,7815.99,NA_HOST_NETWORK,NA_HOST_NETWORK,98066432/1728839680,phase4b
2026-08-09T23:27:30.681Z,D2,cc-unified,0.00,23.07,15914.51,NA_HOST_NETWORK,NA_HOST_NETWORK,1605632/417792,phase4b
2026-08-09T23:27:30.681Z,D2,orderer2.example.com,1.06,451.46,15914.51,NA_HOST_NETWORK,NA_HOST_NETWORK,7970816/1681547264,phase4b
2026-08-09T23:27:30.681Z,D2,peer0.org2.example.com,2.56,512.11,15914.51,NA_HOST_NETWORK,NA_HOST_NETWORK,211570688/2621693952,phase4b
2026-08-09T23:27:30.758Z,D4,cc-unified,0.00,25.06,15823.56,NA_HOST_NETWORK,NA_HOST_NETWORK,159744/0,phase4b
2026-08-09T23:27:30.758Z,D4,orderer.example.com,1.50,1136.48,15823.56,NA_HOST_NETWORK,NA_HOST_NETWORK,460144640/1187921920,phase4b
2026-08-09T23:27:30.758Z,D4,peer0.org4.example.com,1.46,853.55,15823.56,NA_HOST_NETWORK,NA_HOST_NETWORK,76492800/1725816832,phase4b
2026-08-09T23:27:32.403Z,D3,cc-unified,0.00,27.56,15823.57,NA_HOST_NETWORK,NA_HOST_NETWORK,3649536/372736,phase4b
2026-08-09T23:27:32.403Z,D3,orderer3.example.com,1.63,541.18,15823.57,NA_HOST_NETWORK,NA_HOST_NETWORK,1736704/1687670784,phase4b
2026-08-09T23:27:32.403Z,D3,peer0.org3.example.com,9.79,562.05,15823.57,NA_HOST_NETWORK,NA_HOST_NETWORK,120246272/1774829568,phase4b
2026-08-09T23:27:32.701Z,D1,cc-unified,0.00,28.26,7815.99,NA_HOST_NETWORK,NA_HOST_NETWORK,618496/0,phase4b
2026-08-09T23:27:32.701Z,D1,HARNESS_bench.js,0.0,99.94,7815.99,NA,NA,threads=11,phase4b
2026-08-09T23:27:32.701Z,D1,peer0.org1.example.com,2.94,556.45,7815.99,NA_HOST_NETWORK,NA_HOST_NETWORK,98066432/1728839680,phase4b
2026-08-09T23:27:32.742Z,D2,cc-unified,0.00,23.07,15914.51,NA_HOST_NETWORK,NA_HOST_NETWORK,1605632/417792,phase4b
2026-08-09T23:27:32.742Z,D2,orderer2.example.com,1.03,451.71,15914.51,NA_HOST_NETWORK,NA_HOST_NETWORK,7970816/1681547264,phase4b
2026-08-09T23:27:32.742Z,D2,peer0.org2.example.com,7.24,510.88,15914.51,NA_HOST_NETWORK,NA_HOST_NETWORK,211570688/2621693952,phase4b
2026-08-09T23:27:32.906Z,D4,cc-unified,0.01,25.06,15823.56,NA_HOST_NETWORK,NA_HOST_NETWORK,159744/0,phase4b
2026-08-09T23:27:32.906Z,D4,orderer.example.com,2.42,1136.24,15823.56,NA_HOST_NETWORK,NA_HOST_NETWORK,460144640/1187921920,phase4b
2026-08-09T23:27:32.906Z,D4,peer0.org4.example.com,3.80,854.05,15823.56,NA_HOST_NETWORK,NA_HOST_NETWORK,76492800/1725816832,phase4b
2026-08-09T23:27:34.449Z,D3,cc-unified,0.00,27.56,15823.57,NA_HOST_NETWORK,NA_HOST_NETWORK,3649536/372736,phase4b
2026-08-09T23:27:34.449Z,D3,orderer3.example.com,1.51,540.94,15823.57,NA_HOST_NETWORK,NA_HOST_NETWORK,1736704/1687670784,phase4b
2026-08-09T23:27:34.449Z,D3,peer0.org3.example.com,7.97,562.18,15823.57,NA_HOST_NETWORK,NA_HOST_NETWORK,120246272/1774829568,phase4b
2026-08-09T23:27:34.830Z,D2,cc-unified,0.00,23.07,15914.51,NA_HOST_NETWORK,NA_HOST_NETWORK,1605632/417792,phase4b
2026-08-09T23:27:34.830Z,D2,orderer2.example.com,0.97,451.22,15914.51,NA_HOST_NETWORK,NA_HOST_NETWORK,7970816/1681547264,phase4b
2026-08-09T23:27:34.830Z,D2,peer0.org2.example.com,6.88,510.87,15914.51,NA_HOST_NETWORK,NA_HOST_NETWORK,211570688/2621693952,phase4b
2026-08-09T23:27:34.855Z,D1,cc-unified,0.00,28.26,7815.99,NA_HOST_NETWORK,NA_HOST_NETWORK,618496/0,phase4b
2026-08-09T23:27:34.855Z,D1,HARNESS_bench.js,0.0,99.94,7815.99,NA,NA,threads=11,phase4b
2026-08-09T23:27:34.855Z,D1,peer0.org1.example.com,5.48,556.71,7815.99,NA_HOST_NETWORK,NA_HOST_NETWORK,98066432/1728839680,phase4b
2026-08-09T23:27:35.036Z,D4,cc-unified,0.00,25.06,15823.56,NA_HOST_NETWORK,NA_HOST_NETWORK,159744/0,phase4b
2026-08-09T23:27:35.036Z,D4,orderer.example.com,1.01,1136.51,15823.56,NA_HOST_NETWORK,NA_HOST_NETWORK,460144640/1187921920,phase4b
2026-08-09T23:27:35.036Z,D4,peer0.org4.example.com,0.90,854.52,15823.56,NA_HOST_NETWORK,NA_HOST_NETWORK,76492800/1725816832,phase4b
2026-08-09T23:27:36.494Z,D3,cc-unified,0.00,27.56,15823.57,NA_HOST_NETWORK,NA_HOST_NETWORK,3649536/372736,phase4b
2026-08-09T23:27:36.494Z,D3,orderer3.example.com,1.42,540.93,15823.57,NA_HOST_NETWORK,NA_HOST_NETWORK,1736704/1687670784,phase4b
2026-08-09T23:27:36.494Z,D3,peer0.org3.example.com,7.70,562.61,15823.57,NA_HOST_NETWORK,NA_HOST_NETWORK,120246272/1774829568,phase4b
2026-08-09T23:27:36.915Z,D2,cc-unified,0.00,23.07,15914.51,NA_HOST_NETWORK,NA_HOST_NETWORK,1605632/417792,phase4b
2026-08-09T23:27:36.915Z,D2,orderer2.example.com,1.01,451.70,15914.51,NA_HOST_NETWORK,NA_HOST_NETWORK,7970816/1681547264,phase4b
2026-08-09T23:27:36.915Z,D2,peer0.org2.example.com,8.10,511.25,15914.51,NA_HOST_NETWORK,NA_HOST_NETWORK,211570688/2621693952,phase4b
2026-08-09T23:27:36.994Z,D1,cc-unified,0.00,28.26,7815.99,NA_HOST_NETWORK,NA_HOST_NETWORK,618496/0,phase4b
2026-08-09T23:27:36.994Z,D1,HARNESS_bench.js,0.0,99.94,7815.99,NA,NA,threads=11,phase4b
2026-08-09T23:27:36.994Z,D1,peer0.org1.example.com,2.81,557.18,7815.99,NA_HOST_NETWORK,NA_HOST_NETWORK,98066432/1728839680,phase4b
2026-08-09T23:27:37.084Z,D4,cc-unified,0.00,25.06,15823.56,NA_HOST_NETWORK,NA_HOST_NETWORK,159744/0,phase4b
2026-08-09T23:27:37.084Z,D4,orderer.example.com,1.56,1136.50,15823.56,NA_HOST_NETWORK,NA_HOST_NETWORK,460144640/1187921920,phase4b
2026-08-09T23:27:37.084Z,D4,peer0.org4.example.com,1.95,854.04,15823.56,NA_HOST_NETWORK,NA_HOST_NETWORK,76492800/1725816832,phase4b
2026-08-09T23:27:38.601Z,D3,cc-unified,0.00,27.56,15823.57,NA_HOST_NETWORK,NA_HOST_NETWORK,3649536/372736,phase4b
2026-08-09T23:27:38.601Z,D3,orderer3.example.com,1.67,541.21,15823.57,NA_HOST_NETWORK,NA_HOST_NETWORK,1736704/1687670784,phase4b
2026-08-09T23:27:38.601Z,D3,peer0.org3.example.com,6.77,562.10,15823.57,NA_HOST_NETWORK,NA_HOST_NETWORK,120246272/1774829568,phase4b
2026-08-09T23:27:38.991Z,D2,cc-unified,0.00,23.07,15914.51,NA_HOST_NETWORK,NA_HOST_NETWORK,1605632/417792,phase4b
2026-08-09T23:27:38.991Z,D2,orderer2.example.com,1.00,451.20,15914.51,NA_HOST_NETWORK,NA_HOST_NETWORK,7970816/1681547264,phase4b
2026-08-09T23:27:38.991Z,D2,peer0.org2.example.com,1.75,510.86,15914.51,NA_HOST_NETWORK,NA_HOST_NETWORK,211570688/2621693952,phase4b
2026-08-09T23:27:39.113Z,D1,cc-unified,0.00,28.26,7815.99,NA_HOST_NETWORK,NA_HOST_NETWORK,618496/0,phase4b
2026-08-09T23:27:39.113Z,D1,HARNESS_bench.js,0.0,99.94,7815.99,NA,NA,threads=11,phase4b
2026-08-09T23:27:39.113Z,D1,peer0.org1.example.com,2.47,555.96,7815.99,NA_HOST_NETWORK,NA_HOST_NETWORK,98066432/1728839680,phase4b
2026-08-09T23:27:39.129Z,D4,cc-unified,0.00,25.06,15823.56,NA_HOST_NETWORK,NA_HOST_NETWORK,159744/0,phase4b
2026-08-09T23:27:39.129Z,D4,orderer.example.com,1.27,1136.51,15823.56,NA_HOST_NETWORK,NA_HOST_NETWORK,460144640/1187921920,phase4b
2026-08-09T23:27:39.129Z,D4,peer0.org4.example.com,1.65,853.30,15823.56,NA_HOST_NETWORK,NA_HOST_NETWORK,76492800/1725816832,phase4b
2026-08-09T23:27:40.766Z,D3,cc-unified,0.00,27.56,15823.57,NA_HOST_NETWORK,NA_HOST_NETWORK,3649536/372736,phase4b
2026-08-09T23:27:40.766Z,D3,orderer3.example.com,1.55,541.68,15823.57,NA_HOST_NETWORK,NA_HOST_NETWORK,1736704/1687670784,phase4b
2026-08-09T23:27:40.766Z,D3,peer0.org3.example.com,8.11,562.85,15823.57,NA_HOST_NETWORK,NA_HOST_NETWORK,120246272/1774829568,phase4b
2026-08-09T23:27:41.153Z,D2,cc-unified,0.00,23.07,15914.51,NA_HOST_NETWORK,NA_HOST_NETWORK,1605632/417792,phase4b
2026-08-09T23:27:41.153Z,D2,orderer2.example.com,0.99,451.45,15914.51,NA_HOST_NETWORK,NA_HOST_NETWORK,7970816/1681547264,phase4b
2026-08-09T23:27:41.153Z,D2,peer0.org2.example.com,8.04,511.10,15914.51,NA_HOST_NETWORK,NA_HOST_NETWORK,211570688/2621693952,phase4b
2026-08-09T23:27:41.233Z,D1,cc-unified,0.00,28.26,7815.99,NA_HOST_NETWORK,NA_HOST_NETWORK,618496/0,phase4b
2026-08-09T23:27:41.233Z,D1,HARNESS_bench.js,0.0,99.94,7815.99,NA,NA,threads=11,phase4b
2026-08-09T23:27:41.233Z,D1,peer0.org1.example.com,6.24,556.39,7815.99,NA_HOST_NETWORK,NA_HOST_NETWORK,98066432/1728839680,phase4b
2026-08-09T23:27:41.267Z,D4,cc-unified,0.00,25.06,15823.56,NA_HOST_NETWORK,NA_HOST_NETWORK,159744/0,phase4b
2026-08-09T23:27:41.267Z,D4,orderer.example.com,1.17,1136.75,15823.56,NA_HOST_NETWORK,NA_HOST_NETWORK,460144640/1187921920,phase4b
2026-08-09T23:27:41.267Z,D4,peer0.org4.example.com,1.44,854.29,15823.56,NA_HOST_NETWORK,NA_HOST_NETWORK,76492800/1725816832,phase4b
2026-08-09T23:27:42.832Z,D3,cc-unified,0.00,27.56,15823.57,NA_HOST_NETWORK,NA_HOST_NETWORK,3649536/372736,phase4b
2026-08-09T23:27:42.832Z,D3,orderer3.example.com,1.65,541.18,15823.57,NA_HOST_NETWORK,NA_HOST_NETWORK,1736704/1687670784,phase4b
2026-08-09T23:27:42.832Z,D3,peer0.org3.example.com,5.77,561.90,15823.57,NA_HOST_NETWORK,NA_HOST_NETWORK,120246272/1774829568,phase4b
2026-08-09T23:27:43.218Z,D2,cc-unified,0.00,23.07,15914.51,NA_HOST_NETWORK,NA_HOST_NETWORK,1605632/417792,phase4b
2026-08-09T23:27:43.218Z,D2,orderer2.example.com,0.99,451.45,15914.51,NA_HOST_NETWORK,NA_HOST_NETWORK,7970816/1681547264,phase4b
2026-08-09T23:27:43.218Z,D2,peer0.org2.example.com,7.89,510.68,15914.51,NA_HOST_NETWORK,NA_HOST_NETWORK,211570688/2621693952,phase4b
2026-08-09T23:27:43.321Z,D1,cc-unified,0.00,28.26,7815.99,NA_HOST_NETWORK,NA_HOST_NETWORK,618496/0,phase4b
2026-08-09T23:27:43.321Z,D1,HARNESS_bench.js,0.0,99.94,7815.99,NA,NA,threads=11,phase4b
2026-08-09T23:27:43.321Z,D1,peer0.org1.example.com,2.39,555.96,7815.99,NA_HOST_NETWORK,NA_HOST_NETWORK,98066432/1728839680,phase4b
2026-08-09T23:27:43.373Z,D4,cc-unified,0.00,25.06,15823.56,NA_HOST_NETWORK,NA_HOST_NETWORK,159744/0,phase4b
2026-08-09T23:27:43.373Z,D4,orderer.example.com,1.65,1136.27,15823.56,NA_HOST_NETWORK,NA_HOST_NETWORK,460144640/1187921920,phase4b
2026-08-09T23:27:43.373Z,D4,peer0.org4.example.com,2.18,853.30,15823.56,NA_HOST_NETWORK,NA_HOST_NETWORK,76492800/1725816832,phase4b
2026-08-09T23:27:45.049Z,D3,cc-unified,0.00,27.56,15823.57,NA_HOST_NETWORK,NA_HOST_NETWORK,3649536/372736,phase4b
2026-08-09T23:27:45.049Z,D3,orderer3.example.com,1.62,540.95,15823.57,NA_HOST_NETWORK,NA_HOST_NETWORK,1736704/1687670784,phase4b
2026-08-09T23:27:45.049Z,D3,peer0.org3.example.com,6.27,562.08,15823.57,NA_HOST_NETWORK,NA_HOST_NETWORK,120246272/1774829568,phase4b
2026-08-09T23:27:45.296Z,D2,cc-unified,0.00,23.07,15914.51,NA_HOST_NETWORK,NA_HOST_NETWORK,1605632/417792,phase4b
2026-08-09T23:27:45.296Z,D2,orderer2.example.com,1.03,451.70,15914.51,NA_HOST_NETWORK,NA_HOST_NETWORK,7970816/1681547264,phase4b
2026-08-09T23:27:45.296Z,D2,peer0.org2.example.com,2.24,511.11,15914.51,NA_HOST_NETWORK,NA_HOST_NETWORK,211570688/2621693952,phase4b
2026-08-09T23:27:45.381Z,D1,cc-unified,0.00,28.26,7815.99,NA_HOST_NETWORK,NA_HOST_NETWORK,618496/0,phase4b
2026-08-09T23:27:45.381Z,D1,HARNESS_bench.js,0.0,99.94,7815.99,NA,NA,threads=11,phase4b
2026-08-09T23:27:45.381Z,D1,peer0.org1.example.com,3.38,555.46,7815.99,NA_HOST_NETWORK,NA_HOST_NETWORK,98066432/1728839680,phase4b
2026-08-09T23:27:45.431Z,D4,cc-unified,0.00,25.06,15823.56,NA_HOST_NETWORK,NA_HOST_NETWORK,159744/0,phase4b
2026-08-09T23:27:45.431Z,D4,orderer.example.com,2.37,1135.75,15823.56,NA_HOST_NETWORK,NA_HOST_NETWORK,460144640/1187921920,phase4b
2026-08-09T23:27:45.431Z,D4,peer0.org4.example.com,5.93,843.15,15823.56,NA_HOST_NETWORK,NA_HOST_NETWORK,76492800/1725816832,phase4b
2026-08-09T23:27:47.094Z,D3,cc-unified,0.00,27.56,15823.57,NA_HOST_NETWORK,NA_HOST_NETWORK,3649536/372736,phase4b
2026-08-09T23:27:47.094Z,D3,orderer3.example.com,1.32,540.44,15823.57,NA_HOST_NETWORK,NA_HOST_NETWORK,1736704/1687670784,phase4b
2026-08-09T23:27:47.094Z,D3,peer0.org3.example.com,5.88,561.75,15823.57,NA_HOST_NETWORK,NA_HOST_NETWORK,120246272/1774829568,phase4b
2026-08-09T23:27:47.384Z,D2,cc-unified,0.00,23.07,15914.51,NA_HOST_NETWORK,NA_HOST_NETWORK,1605632/417792,phase4b
2026-08-09T23:27:47.384Z,D2,orderer2.example.com,0.98,451.20,15914.51,NA_HOST_NETWORK,NA_HOST_NETWORK,7970816/1681547264,phase4b
2026-08-09T23:27:47.384Z,D2,peer0.org2.example.com,7.47,510.61,15914.51,NA_HOST_NETWORK,NA_HOST_NETWORK,211570688/2621693952,phase4b
2026-08-09T23:27:47.506Z,D1,cc-unified,0.00,28.26,7815.99,NA_HOST_NETWORK,NA_HOST_NETWORK,618496/0,phase4b
2026-08-09T23:27:47.506Z,D1,HARNESS_bench.js,0.0,99.94,7815.99,NA,NA,threads=11,phase4b
2026-08-09T23:27:47.506Z,D1,peer0.org1.example.com,5.99,556.44,7815.99,NA_HOST_NETWORK,NA_HOST_NETWORK,98066432/1728839680,phase4b
2026-08-09T23:27:47.589Z,D4,cc-unified,0.00,25.06,15823.56,NA_HOST_NETWORK,NA_HOST_NETWORK,159744/0,phase4b
2026-08-09T23:27:47.589Z,D4,orderer.example.com,1.04,1136.01,15823.56,NA_HOST_NETWORK,NA_HOST_NETWORK,460144640/1187921920,phase4b
2026-08-09T23:27:47.589Z,D4,peer0.org4.example.com,1.29,843.15,15823.56,NA_HOST_NETWORK,NA_HOST_NETWORK,76492800/1725816832,phase4b
2026-08-09T23:27:49.140Z,D3,cc-unified,0.00,27.56,15823.57,NA_HOST_NETWORK,NA_HOST_NETWORK,3649536/372736,phase4b
2026-08-09T23:27:49.140Z,D3,orderer3.example.com,1.37,540.20,15823.57,NA_HOST_NETWORK,NA_HOST_NETWORK,1736704/1687670784,phase4b
2026-08-09T23:27:49.140Z,D3,peer0.org3.example.com,6.64,561.16,15823.57,NA_HOST_NETWORK,NA_HOST_NETWORK,120246272/1774829568,phase4b
2026-08-09T23:27:49.470Z,D2,cc-unified,0.00,23.07,15914.51,NA_HOST_NETWORK,NA_HOST_NETWORK,1605632/417792,phase4b
2026-08-09T23:27:49.470Z,D2,orderer2.example.com,1.01,451.46,15914.51,NA_HOST_NETWORK,NA_HOST_NETWORK,7970816/1681547264,phase4b
2026-08-09T23:27:49.470Z,D2,peer0.org2.example.com,7.46,510.69,15914.51,NA_HOST_NETWORK,NA_HOST_NETWORK,211570688/2621693952,phase4b
2026-08-09T23:27:49.633Z,D4,cc-unified,0.00,25.06,15823.56,NA_HOST_NETWORK,NA_HOST_NETWORK,159744/0,phase4b
2026-08-09T23:27:49.633Z,D4,orderer.example.com,2.02,1135.77,15823.56,NA_HOST_NETWORK,NA_HOST_NETWORK,460144640/1187921920,phase4b
2026-08-09T23:27:49.633Z,D4,peer0.org4.example.com,2.60,842.15,15823.56,NA_HOST_NETWORK,NA_HOST_NETWORK,76492800/1725816832,phase4b
2026-08-09T23:27:49.656Z,D1,cc-unified,0.00,28.26,7815.99,NA_HOST_NETWORK,NA_HOST_NETWORK,618496/0,phase4b
2026-08-09T23:27:49.656Z,D1,HARNESS_bench.js,0.0,99.94,7815.99,NA,NA,threads=11,phase4b
2026-08-09T23:27:49.656Z,D1,peer0.org1.example.com,2.86,555.94,7815.99,NA_HOST_NETWORK,NA_HOST_NETWORK,98066432/1728839680,phase4b
2026-08-09T23:27:51.197Z,D3,cc-unified,0.00,27.56,15823.57,NA_HOST_NETWORK,NA_HOST_NETWORK,3649536/372736,phase4b
2026-08-09T23:27:51.197Z,D3,orderer3.example.com,1.69,540.95,15823.57,NA_HOST_NETWORK,NA_HOST_NETWORK,1736704/1687670784,phase4b
2026-08-09T23:27:51.197Z,D3,peer0.org3.example.com,5.49,561.81,15823.57,NA_HOST_NETWORK,NA_HOST_NETWORK,120246272/1774829568,phase4b
2026-08-09T23:27:51.551Z,D2,cc-unified,0.00,23.07,15914.51,NA_HOST_NETWORK,NA_HOST_NETWORK,1605632/417792,phase4b
2026-08-09T23:27:51.551Z,D2,orderer2.example.com,1.06,450.96,15914.51,NA_HOST_NETWORK,NA_HOST_NETWORK,7970816/1681547264,phase4b
2026-08-09T23:27:51.551Z,D2,peer0.org2.example.com,2.23,510.87,15914.51,NA_HOST_NETWORK,NA_HOST_NETWORK,211570688/2621693952,phase4b
2026-08-09T23:27:51.699Z,D1,cc-unified,0.00,28.26,7815.99,NA_HOST_NETWORK,NA_HOST_NETWORK,618496/0,phase4b
2026-08-09T23:27:51.699Z,D1,HARNESS_bench.js,0.0,99.94,7815.99,NA,NA,threads=11,phase4b
2026-08-09T23:27:51.699Z,D1,peer0.org1.example.com,5.58,555.45,7815.99,NA_HOST_NETWORK,NA_HOST_NETWORK,98066432/1728839680,phase4b
2026-08-09T23:27:51.754Z,D4,cc-unified,0.00,25.06,15823.56,NA_HOST_NETWORK,NA_HOST_NETWORK,159744/0,phase4b
2026-08-09T23:27:51.754Z,D4,orderer.example.com,0.95,1135.78,15823.56,NA_HOST_NETWORK,NA_HOST_NETWORK,460144640/1187921920,phase4b
2026-08-09T23:27:51.754Z,D4,peer0.org4.example.com,1.08,842.65,15823.56,NA_HOST_NETWORK,NA_HOST_NETWORK,76492800/1725816832,phase4b
2026-08-09T23:27:53.333Z,D3,cc-unified,0.00,27.56,15823.57,NA_HOST_NETWORK,NA_HOST_NETWORK,3649536/372736,phase4b
2026-08-09T23:27:53.333Z,D3,orderer3.example.com,1.37,541.66,15823.57,NA_HOST_NETWORK,NA_HOST_NETWORK,1736704/1687670784,phase4b
2026-08-09T23:27:53.333Z,D3,peer0.org3.example.com,6.76,562.58,15823.57,NA_HOST_NETWORK,NA_HOST_NETWORK,120246272/1774829568,phase4b
2026-08-09T23:27:53.633Z,D2,cc-unified,0.00,23.07,15914.51,NA_HOST_NETWORK,NA_HOST_NETWORK,1605632/417792,phase4b
2026-08-09T23:27:53.633Z,D2,orderer2.example.com,0.99,451.46,15914.51,NA_HOST_NETWORK,NA_HOST_NETWORK,7970816/1681547264,phase4b
2026-08-09T23:27:53.633Z,D2,peer0.org2.example.com,7.32,510.86,15914.51,NA_HOST_NETWORK,NA_HOST_NETWORK,211570688/2621693952,phase4b
2026-08-09T23:27:53.746Z,D1,cc-unified,0.00,28.26,7815.99,NA_HOST_NETWORK,NA_HOST_NETWORK,618496/0,phase4b
2026-08-09T23:27:53.746Z,D1,HARNESS_bench.js,0.0,99.94,7815.99,NA,NA,threads=11,phase4b
2026-08-09T23:27:53.746Z,D1,peer0.org1.example.com,3.41,555.94,7815.99,NA_HOST_NETWORK,NA_HOST_NETWORK,98066432/1728839680,phase4b
2026-08-09T23:27:53.810Z,D4,cc-unified,0.00,25.06,15823.56,NA_HOST_NETWORK,NA_HOST_NETWORK,159744/0,phase4b
2026-08-09T23:27:53.810Z,D4,orderer.example.com,1.04,1136.02,15823.56,NA_HOST_NETWORK,NA_HOST_NETWORK,460144640/1187921920,phase4b
2026-08-09T23:27:53.810Z,D4,peer0.org4.example.com,1.10,842.90,15823.56,NA_HOST_NETWORK,NA_HOST_NETWORK,76492800/1725816832,phase4b
2026-08-09T23:27:55.470Z,D3,cc-unified,0.00,27.56,15823.57,NA_HOST_NETWORK,NA_HOST_NETWORK,3649536/372736,phase4b
2026-08-09T23:27:55.470Z,D3,orderer3.example.com,1.66,540.94,15823.57,NA_HOST_NETWORK,NA_HOST_NETWORK,1736704/1687670784,phase4b
2026-08-09T23:27:55.470Z,D3,peer0.org3.example.com,5.68,562.07,15823.57,NA_HOST_NETWORK,NA_HOST_NETWORK,120246272/1774829568,phase4b
2026-08-09T23:27:55.720Z,D2,cc-unified,0.00,23.07,15914.51,NA_HOST_NETWORK,NA_HOST_NETWORK,1605632/417792,phase4b
2026-08-09T23:27:55.720Z,D2,orderer2.example.com,1.02,451.46,15914.51,NA_HOST_NETWORK,NA_HOST_NETWORK,7970816/1681547264,phase4b
2026-08-09T23:27:55.720Z,D2,peer0.org2.example.com,7.78,510.93,15914.51,NA_HOST_NETWORK,NA_HOST_NETWORK,211570688/2621693952,phase4b
2026-08-09T23:27:55.884Z,D1,cc-unified,0.00,28.26,7815.99,NA_HOST_NETWORK,NA_HOST_NETWORK,618496/0,phase4b
2026-08-09T23:27:55.884Z,D1,HARNESS_bench.js,0.0,99.94,7815.99,NA,NA,threads=11,phase4b
2026-08-09T23:27:55.884Z,D1,peer0.org1.example.com,3.35,556.18,7815.99,NA_HOST_NETWORK,NA_HOST_NETWORK,98066432/1728839680,phase4b
2026-08-09T23:27:55.946Z,D4,cc-unified,0.00,25.06,15823.56,NA_HOST_NETWORK,NA_HOST_NETWORK,159744/0,phase4b
2026-08-09T23:27:55.946Z,D4,orderer.example.com,2.06,1136.49,15823.56,NA_HOST_NETWORK,NA_HOST_NETWORK,460144640/1187921920,phase4b
2026-08-09T23:27:55.946Z,D4,peer0.org4.example.com,2.97,843.40,15823.56,NA_HOST_NETWORK,NA_HOST_NETWORK,76492800/1725816832,phase4b
2026-08-09T23:27:57.637Z,D3,cc-unified,0.00,27.56,15823.57,NA_HOST_NETWORK,NA_HOST_NETWORK,3649536/372736,phase4b
2026-08-09T23:27:57.637Z,D3,orderer3.example.com,1.49,540.70,15823.57,NA_HOST_NETWORK,NA_HOST_NETWORK,1736704/1687670784,phase4b
2026-08-09T23:27:57.637Z,D3,peer0.org3.example.com,6.67,561.16,15823.57,NA_HOST_NETWORK,NA_HOST_NETWORK,120246272/1774829568,phase4b
2026-08-09T23:27:57.794Z,D2,cc-unified,0.00,23.07,15914.51,NA_HOST_NETWORK,NA_HOST_NETWORK,1605632/417792,phase4b
2026-08-09T23:27:57.794Z,D2,orderer2.example.com,1.01,451.68,15914.51,NA_HOST_NETWORK,NA_HOST_NETWORK,7970816/1681547264,phase4b
2026-08-09T23:27:57.794Z,D2,peer0.org2.example.com,1.99,511.10,15914.51,NA_HOST_NETWORK,NA_HOST_NETWORK,211570688/2621693952,phase4b
2026-08-09T23:27:57.960Z,D1,cc-unified,0.00,28.26,7815.99,NA_HOST_NETWORK,NA_HOST_NETWORK,618496/0,phase4b
2026-08-09T23:27:57.960Z,D1,HARNESS_bench.js,0.0,99.94,7815.99,NA,NA,threads=11,phase4b
2026-08-09T23:27:57.960Z,D1,peer0.org1.example.com,6.32,556.86,7815.99,NA_HOST_NETWORK,NA_HOST_NETWORK,98066432/1728839680,phase4b
2026-08-09T23:27:58.088Z,D4,cc-unified,0.00,25.06,15823.56,NA_HOST_NETWORK,NA_HOST_NETWORK,159744/0,phase4b
2026-08-09T23:27:58.088Z,D4,orderer.example.com,2.01,1135.75,15823.56,NA_HOST_NETWORK,NA_HOST_NETWORK,460144640/1187921920,phase4b
2026-08-09T23:27:58.088Z,D4,peer0.org4.example.com,2.58,843.13,15823.56,NA_HOST_NETWORK,NA_HOST_NETWORK,76492800/1725816832,phase4b
2026-08-09T23:27:59.802Z,D3,cc-unified,0.00,27.56,15823.57,NA_HOST_NETWORK,NA_HOST_NETWORK,3649536/372736,phase4b
2026-08-09T23:27:59.802Z,D3,orderer3.example.com,1.69,541.68,15823.57,NA_HOST_NETWORK,NA_HOST_NETWORK,1736704/1687670784,phase4b
2026-08-09T23:27:59.802Z,D3,peer0.org3.example.com,6.33,562.24,15823.57,NA_HOST_NETWORK,NA_HOST_NETWORK,120246272/1774829568,phase4b
2026-08-09T23:27:59.881Z,D2,cc-unified,0.00,23.07,15914.51,NA_HOST_NETWORK,NA_HOST_NETWORK,1605632/417792,phase4b
2026-08-09T23:27:59.881Z,D2,orderer2.example.com,0.99,451.46,15914.51,NA_HOST_NETWORK,NA_HOST_NETWORK,7970816/1681547264,phase4b
2026-08-09T23:27:59.881Z,D2,peer0.org2.example.com,7.99,511.57,15914.51,NA_HOST_NETWORK,NA_HOST_NETWORK,211570688/2621693952,phase4b
2026-08-09T23:28:00.116Z,D1,cc-unified,0.00,28.26,7815.99,NA_HOST_NETWORK,NA_HOST_NETWORK,618496/0,phase4b
2026-08-09T23:28:00.116Z,D1,HARNESS_bench.js,0.0,99.94,7815.99,NA,NA,threads=11,phase4b
2026-08-09T23:28:00.116Z,D1,peer0.org1.example.com,3.00,556.43,7815.99,NA_HOST_NETWORK,NA_HOST_NETWORK,98066432/1728839680,phase4b
2026-08-09T23:28:00.135Z,D4,cc-unified,0.00,25.06,15823.56,NA_HOST_NETWORK,NA_HOST_NETWORK,159744/0,phase4b
2026-08-09T23:28:00.135Z,D4,orderer.example.com,1.11,1136.25,15823.56,NA_HOST_NETWORK,NA_HOST_NETWORK,460144640/1187921920,phase4b
2026-08-09T23:28:00.135Z,D4,peer0.org4.example.com,1.21,842.90,15823.56,NA_HOST_NETWORK,NA_HOST_NETWORK,76492800/1725816832,phase4b
2026-08-09T23:28:01.971Z,D3,cc-unified,0.00,27.56,15823.57,NA_HOST_NETWORK,NA_HOST_NETWORK,3649536/372736,phase4b
2026-08-09T23:28:01.971Z,D3,orderer3.example.com,1.51,541.19,15823.57,NA_HOST_NETWORK,NA_HOST_NETWORK,1736704/1687670784,phase4b
2026-08-09T23:28:01.971Z,D3,peer0.org3.example.com,6.02,562.05,15823.57,NA_HOST_NETWORK,NA_HOST_NETWORK,120246272/1774829568,phase4b
2026-08-09T23:28:02.046Z,D2,cc-unified,0.00,23.07,15914.51,NA_HOST_NETWORK,NA_HOST_NETWORK,1605632/417792,phase4b
2026-08-09T23:28:02.046Z,D2,orderer2.example.com,1.07,451.21,15914.51,NA_HOST_NETWORK,NA_HOST_NETWORK,7970816/1681547264,phase4b
2026-08-09T23:28:02.046Z,D2,peer0.org2.example.com,7.19,510.62,15914.51,NA_HOST_NETWORK,NA_HOST_NETWORK,211570688/2621693952,phase4b
2026-08-09T23:28:02.263Z,D1,cc-unified,0.00,28.26,7815.99,NA_HOST_NETWORK,NA_HOST_NETWORK,618496/0,phase4b
2026-08-09T23:28:02.263Z,D1,HARNESS_bench.js,0.0,99.94,7815.99,NA,NA,threads=11,phase4b
2026-08-09T23:28:02.263Z,D1,peer0.org1.example.com,2.51,555.95,7815.99,NA_HOST_NETWORK,NA_HOST_NETWORK,98066432/1728839680,phase4b
2026-08-09T23:28:02.281Z,D4,cc-unified,0.00,25.06,15823.56,NA_HOST_NETWORK,NA_HOST_NETWORK,159744/0,phase4b
2026-08-09T23:28:02.281Z,D4,orderer.example.com,4.80,1102.28,15823.56,NA_HOST_NETWORK,NA_HOST_NETWORK,460144640/1187921920,phase4b
2026-08-09T23:28:02.281Z,D4,peer0.org4.example.com,2.66,842.66,15823.56,NA_HOST_NETWORK,NA_HOST_NETWORK,76492800/1725816832,phase4b
2026-08-09T23:28:04.103Z,D2,cc-unified,0.00,23.07,15914.51,NA_HOST_NETWORK,NA_HOST_NETWORK,1605632/417792,phase4b
2026-08-09T23:28:04.103Z,D2,orderer2.example.com,1.01,451.70,15914.51,NA_HOST_NETWORK,NA_HOST_NETWORK,7970816/1681547264,phase4b
2026-08-09T23:28:04.103Z,D2,peer0.org2.example.com,2.53,511.11,15914.51,NA_HOST_NETWORK,NA_HOST_NETWORK,211570688/2621693952,phase4b
2026-08-09T23:28:04.135Z,D3,cc-unified,0.00,27.56,15823.57,NA_HOST_NETWORK,NA_HOST_NETWORK,3649536/372736,phase4b
2026-08-09T23:28:04.135Z,D3,orderer3.example.com,1.62,541.68,15823.57,NA_HOST_NETWORK,NA_HOST_NETWORK,1736704/1687670784,phase4b
2026-08-09T23:28:04.135Z,D3,peer0.org3.example.com,6.30,561.73,15823.57,NA_HOST_NETWORK,NA_HOST_NETWORK,120246272/1774829568,phase4b
2026-08-09T23:28:04.455Z,D1,cc-unified,0.00,28.26,7815.99,NA_HOST_NETWORK,NA_HOST_NETWORK,618496/0,phase4b
2026-08-09T23:28:04.455Z,D1,HARNESS_bench.js,0.0,99.94,7815.99,NA,NA,threads=11,phase4b
2026-08-09T23:28:04.455Z,D1,peer0.org1.example.com,5.65,556.24,7815.99,NA_HOST_NETWORK,NA_HOST_NETWORK,98066432/1728839680,phase4b
2026-08-09T23:28:04.484Z,D4,cc-unified,0.00,25.06,15823.56,NA_HOST_NETWORK,NA_HOST_NETWORK,159744/0,phase4b
2026-08-09T23:28:04.484Z,D4,orderer.example.com,1.03,1102.31,15823.56,NA_HOST_NETWORK,NA_HOST_NETWORK,460144640/1187921920,phase4b
2026-08-09T23:28:04.484Z,D4,peer0.org4.example.com,2.07,842.91,15823.56,NA_HOST_NETWORK,NA_HOST_NETWORK,76492800/1725816832,phase4b
2026-08-09T23:28:06.183Z,D2,cc-unified,0.00,23.07,15914.51,NA_HOST_NETWORK,NA_HOST_NETWORK,1605632/417792,phase4b
2026-08-09T23:28:06.183Z,D2,orderer2.example.com,0.95,451.45,15914.51,NA_HOST_NETWORK,NA_HOST_NETWORK,7970816/1681547264,phase4b
2026-08-09T23:28:06.183Z,D2,peer0.org2.example.com,7.41,510.87,15914.51,NA_HOST_NETWORK,NA_HOST_NETWORK,211570688/2621693952,phase4b
2026-08-09T23:28:06.351Z,D3,cc-unified,0.00,27.56,15823.57,NA_HOST_NETWORK,NA_HOST_NETWORK,3649536/372736,phase4b
2026-08-09T23:28:06.351Z,D3,orderer3.example.com,1.47,541.45,15823.57,NA_HOST_NETWORK,NA_HOST_NETWORK,1736704/1687670784,phase4b
2026-08-09T23:28:06.351Z,D3,peer0.org3.example.com,5.75,561.73,15823.57,NA_HOST_NETWORK,NA_HOST_NETWORK,120246272/1774829568,phase4b
2026-08-09T23:28:06.505Z,D1,cc-unified,0.00,28.26,7815.99,NA_HOST_NETWORK,NA_HOST_NETWORK,618496/0,phase4b
2026-08-09T23:28:06.505Z,D1,HARNESS_bench.js,0.0,99.94,7815.99,NA,NA,threads=11,phase4b
2026-08-09T23:28:06.505Z,D1,peer0.org1.example.com,2.52,555.69,7815.99,NA_HOST_NETWORK,NA_HOST_NETWORK,98066432/1728839680,phase4b
2026-08-09T23:28:06.539Z,D4,cc-unified,0.00,25.06,15823.56,NA_HOST_NETWORK,NA_HOST_NETWORK,159744/0,phase4b
2026-08-09T23:28:06.539Z,D4,orderer.example.com,0.75,1101.81,15823.56,NA_HOST_NETWORK,NA_HOST_NETWORK,460144640/1187921920,phase4b
2026-08-09T23:28:06.539Z,D4,peer0.org4.example.com,0.75,842.16,15823.56,NA_HOST_NETWORK,NA_HOST_NETWORK,76492800/1725816832,phase4b
2026-08-09T23:28:08.271Z,D2,cc-unified,0.00,23.07,15914.51,NA_HOST_NETWORK,NA_HOST_NETWORK,1605632/417792,phase4b
2026-08-09T23:28:08.271Z,D2,orderer2.example.com,1.06,450.97,15914.51,NA_HOST_NETWORK,NA_HOST_NETWORK,7970816/1681547264,phase4b
2026-08-09T23:28:08.271Z,D2,peer0.org2.example.com,7.74,511.11,15914.51,NA_HOST_NETWORK,NA_HOST_NETWORK,211570688/2621693952,phase4b
2026-08-09T23:28:08.434Z,D3,cc-unified,0.00,27.56,15823.57,NA_HOST_NETWORK,NA_HOST_NETWORK,3649536/372736,phase4b
2026-08-09T23:28:08.434Z,D3,orderer3.example.com,1.62,541.18,15823.57,NA_HOST_NETWORK,NA_HOST_NETWORK,1736704/1687670784,phase4b
2026-08-09T23:28:08.434Z,D3,peer0.org3.example.com,6.32,562.29,15823.57,NA_HOST_NETWORK,NA_HOST_NETWORK,120246272/1774829568,phase4b
2026-08-09T23:28:08.646Z,D1,cc-unified,0.00,28.26,7815.99,NA_HOST_NETWORK,NA_HOST_NETWORK,618496/0,phase4b
2026-08-09T23:28:08.646Z,D1,HARNESS_bench.js,0.0,99.94,7815.99,NA,NA,threads=11,phase4b
2026-08-09T23:28:08.646Z,D1,peer0.org1.example.com,3.55,556.43,7815.99,NA_HOST_NETWORK,NA_HOST_NETWORK,98066432/1728839680,phase4b
2026-08-09T23:28:08.678Z,D4,cc-unified,0.00,25.06,15823.56,NA_HOST_NETWORK,NA_HOST_NETWORK,159744/0,phase4b
2026-08-09T23:28:08.678Z,D4,orderer.example.com,2.00,1102.28,15823.56,NA_HOST_NETWORK,NA_HOST_NETWORK,460144640/1187921920,phase4b
2026-08-09T23:28:08.678Z,D4,peer0.org4.example.com,3.07,843.41,15823.56,NA_HOST_NETWORK,NA_HOST_NETWORK,76492800/1725816832,phase4b
2026-08-09T23:28:10.357Z,D2,cc-unified,0.00,23.07,15914.51,NA_HOST_NETWORK,NA_HOST_NETWORK,1605632/417792,phase4b
2026-08-09T23:28:10.357Z,D2,orderer2.example.com,1.08,451.22,15914.51,NA_HOST_NETWORK,NA_HOST_NETWORK,7970816/1681547264,phase4b
2026-08-09T23:28:10.357Z,D2,peer0.org2.example.com,2.06,510.86,15914.51,NA_HOST_NETWORK,NA_HOST_NETWORK,211570688/2621693952,phase4b
2026-08-09T23:28:10.593Z,D3,cc-unified,0.00,27.56,15823.57,NA_HOST_NETWORK,NA_HOST_NETWORK,3649536/372736,phase4b
2026-08-09T23:28:10.593Z,D3,orderer3.example.com,1.57,541.68,15823.57,NA_HOST_NETWORK,NA_HOST_NETWORK,1736704/1687670784,phase4b
2026-08-09T23:28:10.593Z,D3,peer0.org3.example.com,6.58,561.34,15823.57,NA_HOST_NETWORK,NA_HOST_NETWORK,120246272/1774829568,phase4b
2026-08-09T23:28:10.798Z,D1,cc-unified,0.00,28.26,7815.99,NA_HOST_NETWORK,NA_HOST_NETWORK,618496/0,phase4b
2026-08-09T23:28:10.798Z,D1,HARNESS_bench.js,0.0,99.94,7815.99,NA,NA,threads=11,phase4b
2026-08-09T23:28:10.798Z,D1,peer0.org1.example.com,5.34,557.03,7815.99,NA_HOST_NETWORK,NA_HOST_NETWORK,98066432/1728839680,phase4b
2026-08-09T23:28:10.805Z,D4,cc-unified,0.00,25.06,15823.56,NA_HOST_NETWORK,NA_HOST_NETWORK,159744/0,phase4b
2026-08-09T23:28:10.805Z,D4,orderer.example.com,1.91,1101.79,15823.56,NA_HOST_NETWORK,NA_HOST_NETWORK,460144640/1187921920,phase4b
2026-08-09T23:28:10.805Z,D4,peer0.org4.example.com,2.59,842.16,15823.56,NA_HOST_NETWORK,NA_HOST_NETWORK,76492800/1725816832,phase4b
2026-08-09T23:28:12.423Z,D2,cc-unified,0.86,23.32,15914.51,NA_HOST_NETWORK,NA_HOST_NETWORK,1605632/417792,phase4b
2026-08-09T23:28:12.423Z,D2,orderer2.example.com,0.99,451.69,15914.51,NA_HOST_NETWORK,NA_HOST_NETWORK,7970816/1681547264,phase4b
2026-08-09T23:28:12.423Z,D2,peer0.org2.example.com,7.59,511.11,15914.51,NA_HOST_NETWORK,NA_HOST_NETWORK,211570688/2621693952,phase4b
2026-08-09T23:28:12.751Z,D3,cc-unified,0.34,27.80,15823.57,NA_HOST_NETWORK,NA_HOST_NETWORK,3649536/372736,phase4b
2026-08-09T23:28:12.751Z,D3,orderer3.example.com,1.64,541.91,15823.57,NA_HOST_NETWORK,NA_HOST_NETWORK,1736704/1687670784,phase4b
2026-08-09T23:28:12.751Z,D3,peer0.org3.example.com,8.05,570.94,15823.57,NA_HOST_NETWORK,NA_HOST_NETWORK,120246272/1774829568,phase4b
2026-08-09T23:28:12.892Z,D4,cc-unified,0.36,25.06,15823.56,NA_HOST_NETWORK,NA_HOST_NETWORK,159744/0,phase4b
2026-08-09T23:28:12.892Z,D4,orderer.example.com,0.88,1101.79,15823.56,NA_HOST_NETWORK,NA_HOST_NETWORK,460144640/1187921920,phase4b
2026-08-09T23:28:12.892Z,D4,peer0.org4.example.com,1.24,843.15,15823.56,NA_HOST_NETWORK,NA_HOST_NETWORK,76492800/1725816832,phase4b
2026-08-09T23:28:12.937Z,D1,cc-unified,0.04,28.26,7815.99,NA_HOST_NETWORK,NA_HOST_NETWORK,618496/0,phase4b
2026-08-09T23:28:12.937Z,D1,HARNESS_bench.js,0.0,99.94,7815.99,NA,NA,threads=11,phase4b
2026-08-09T23:28:12.937Z,D1,peer0.org1.example.com,3.73,557.21,7815.99,NA_HOST_NETWORK,NA_HOST_NETWORK,98066432/1728839680,phase4b
2026-08-09T23:28:14.509Z,D2,cc-unified,0.00,23.07,15914.51,NA_HOST_NETWORK,NA_HOST_NETWORK,1605632/417792,phase4b
2026-08-09T23:28:14.509Z,D2,orderer2.example.com,0.99,451.71,15914.51,NA_HOST_NETWORK,NA_HOST_NETWORK,7970816/1681547264,phase4b
2026-08-09T23:28:14.509Z,D2,peer0.org2.example.com,7.60,511.37,15914.51,NA_HOST_NETWORK,NA_HOST_NETWORK,211570688/2621693952,phase4b
2026-08-09T23:28:14.798Z,D3,cc-unified,0.00,27.56,15823.57,NA_HOST_NETWORK,NA_HOST_NETWORK,3649536/372736,phase4b
2026-08-09T23:28:14.798Z,D3,orderer3.example.com,1.53,540.45,15823.57,NA_HOST_NETWORK,NA_HOST_NETWORK,1736704/1687670784,phase4b
2026-08-09T23:28:14.798Z,D3,peer0.org3.example.com,7.39,562.32,15823.57,NA_HOST_NETWORK,NA_HOST_NETWORK,120246272/1774829568,phase4b
2026-08-09T23:28:15.036Z,D4,cc-unified,0.00,25.06,15823.56,NA_HOST_NETWORK,NA_HOST_NETWORK,159744/0,phase4b
2026-08-09T23:28:15.036Z,D4,orderer.example.com,2.20,1102.52,15823.56,NA_HOST_NETWORK,NA_HOST_NETWORK,460144640/1187921920,phase4b
2026-08-09T23:28:15.036Z,D4,peer0.org4.example.com,2.76,842.91,15823.56,NA_HOST_NETWORK,NA_HOST_NETWORK,76492800/1725816832,phase4b
2026-08-09T23:28:15.087Z,D1,cc-unified,0.00,28.26,7815.99,NA_HOST_NETWORK,NA_HOST_NETWORK,618496/0,phase4b
2026-08-09T23:28:15.087Z,D1,HARNESS_bench.js,0.0,99.94,7815.99,NA,NA,threads=11,phase4b
2026-08-09T23:28:15.087Z,D1,peer0.org1.example.com,2.83,556.44,7815.99,NA_HOST_NETWORK,NA_HOST_NETWORK,98066432/1728839680,phase4b
2026-08-09T23:28:16.593Z,D2,cc-unified,0.00,23.07,15914.51,NA_HOST_NETWORK,NA_HOST_NETWORK,1605632/417792,phase4b
2026-08-09T23:28:16.593Z,D2,orderer2.example.com,0.96,451.22,15914.51,NA_HOST_NETWORK,NA_HOST_NETWORK,7970816/1681547264,phase4b
2026-08-09T23:28:16.593Z,D2,peer0.org2.example.com,8.85,510.96,15914.51,NA_HOST_NETWORK,NA_HOST_NETWORK,211570688/2621693952,phase4b
2026-08-09T23:28:16.846Z,D3,cc-unified,0.00,27.56,15823.57,NA_HOST_NETWORK,NA_HOST_NETWORK,3649536/372736,phase4b
2026-08-09T23:28:16.846Z,D3,orderer3.example.com,1.55,540.69,15823.57,NA_HOST_NETWORK,NA_HOST_NETWORK,1736704/1687670784,phase4b
2026-08-09T23:28:16.846Z,D3,peer0.org3.example.com,5.55,569.22,15823.57,NA_HOST_NETWORK,NA_HOST_NETWORK,120246272/1774829568,phase4b
2026-08-09T23:28:17.136Z,D4,cc-unified,0.00,25.06,15823.56,NA_HOST_NETWORK,NA_HOST_NETWORK,159744/0,phase4b
2026-08-09T23:28:17.136Z,D4,orderer.example.com,2.14,1102.05,15823.56,NA_HOST_NETWORK,NA_HOST_NETWORK,460144640/1187921920,phase4b
2026-08-09T23:28:17.136Z,D4,peer0.org4.example.com,3.33,842.16,15823.56,NA_HOST_NETWORK,NA_HOST_NETWORK,76492800/1725816832,phase4b
2026-08-09T23:28:17.236Z,D1,cc-unified,0.00,28.26,7815.99,NA_HOST_NETWORK,NA_HOST_NETWORK,618496/0,phase4b
2026-08-09T23:28:17.236Z,D1,HARNESS_bench.js,0.0,99.95,7815.99,NA,NA,threads=11,phase4b
2026-08-09T23:28:17.236Z,D1,peer0.org1.example.com,5.89,556.63,7815.99,NA_HOST_NETWORK,NA_HOST_NETWORK,98066432/1728839680,phase4b
2026-08-09T23:28:18.674Z,D2,cc-unified,0.00,23.07,15914.51,NA_HOST_NETWORK,NA_HOST_NETWORK,1605632/417792,phase4b
2026-08-09T23:28:18.674Z,D2,orderer2.example.com,1.05,451.21,15914.51,NA_HOST_NETWORK,NA_HOST_NETWORK,7970816/1681547264,phase4b
2026-08-09T23:28:18.674Z,D2,peer0.org2.example.com,2.07,510.61,15914.51,NA_HOST_NETWORK,NA_HOST_NETWORK,211570688/2621693952,phase4b
2026-08-09T23:28:18.895Z,D3,cc-unified,0.00,27.56,15823.57,NA_HOST_NETWORK,NA_HOST_NETWORK,3649536/372736,phase4b
2026-08-09T23:28:18.895Z,D3,orderer3.example.com,1.55,540.19,15823.57,NA_HOST_NETWORK,NA_HOST_NETWORK,1736704/1687670784,phase4b
2026-08-09T23:28:18.895Z,D3,peer0.org3.example.com,7.58,562.33,15823.57,NA_HOST_NETWORK,NA_HOST_NETWORK,120246272/1774829568,phase4b
2026-08-09T23:28:19.180Z,D4,cc-unified,0.00,25.06,15823.56,NA_HOST_NETWORK,NA_HOST_NETWORK,159744/0,phase4b
2026-08-09T23:28:19.180Z,D4,orderer.example.com,0.71,1102.30,15823.56,NA_HOST_NETWORK,NA_HOST_NETWORK,460144640/1187921920,phase4b
2026-08-09T23:28:19.180Z,D4,peer0.org4.example.com,0.78,843.15,15823.56,NA_HOST_NETWORK,NA_HOST_NETWORK,76492800/1725816832,phase4b
2026-08-09T23:28:19.380Z,D1,cc-unified,0.00,28.26,7815.99,NA_HOST_NETWORK,NA_HOST_NETWORK,618496/0,phase4b
2026-08-09T23:28:19.380Z,D1,HARNESS_bench.js,0.0,99.95,7815.99,NA,NA,threads=11,phase4b
2026-08-09T23:28:19.380Z,D1,peer0.org1.example.com,2.69,556.19,7815.99,NA_HOST_NETWORK,NA_HOST_NETWORK,98066432/1728839680,phase4b
2026-08-09T23:28:20.754Z,D2,cc-unified,0.00,23.07,15914.51,NA_HOST_NETWORK,NA_HOST_NETWORK,1605632/417792,phase4b
2026-08-09T23:28:20.754Z,D2,orderer2.example.com,0.99,451.95,15914.51,NA_HOST_NETWORK,NA_HOST_NETWORK,7970816/1681547264,phase4b
2026-08-09T23:28:20.754Z,D2,peer0.org2.example.com,8.24,510.87,15914.51,NA_HOST_NETWORK,NA_HOST_NETWORK,211570688/2621693952,phase4b
2026-08-09T23:28:20.941Z,D3,cc-unified,0.00,27.56,15823.57,NA_HOST_NETWORK,NA_HOST_NETWORK,3649536/372736,phase4b
2026-08-09T23:28:20.941Z,D3,orderer3.example.com,1.64,540.44,15823.57,NA_HOST_NETWORK,NA_HOST_NETWORK,1736704/1687670784,phase4b
2026-08-09T23:28:20.941Z,D3,peer0.org3.example.com,6.42,562.07,15823.57,NA_HOST_NETWORK,NA_HOST_NETWORK,120246272/1774829568,phase4b
2026-08-09T23:28:21.237Z,D4,cc-unified,0.00,25.06,15823.56,NA_HOST_NETWORK,NA_HOST_NETWORK,159744/0,phase4b
2026-08-09T23:28:21.237Z,D4,orderer.example.com,2.04,1102.05,15823.56,NA_HOST_NETWORK,NA_HOST_NETWORK,460144640/1187921920,phase4b
2026-08-09T23:28:21.237Z,D4,peer0.org4.example.com,2.18,842.89,15823.56,NA_HOST_NETWORK,NA_HOST_NETWORK,76492800/1725816832,phase4b
2026-08-09T23:28:21.446Z,D1,cc-unified,0.00,28.26,7815.99,NA_HOST_NETWORK,NA_HOST_NETWORK,618496/0,phase4b
2026-08-09T23:28:21.446Z,D1,HARNESS_bench.js,0.0,99.95,7815.99,NA,NA,threads=11,phase4b
2026-08-09T23:28:21.446Z,D1,peer0.org1.example.com,3.62,555.69,7815.99,NA_HOST_NETWORK,NA_HOST_NETWORK,98066432/1728839680,phase4b
2026-08-09T23:28:22.904Z,D2,cc-unified,0.00,23.07,15914.51,NA_HOST_NETWORK,NA_HOST_NETWORK,1605632/417792,phase4b
2026-08-09T23:28:22.904Z,D2,orderer2.example.com,1.02,451.21,15914.51,NA_HOST_NETWORK,NA_HOST_NETWORK,7970816/1681547264,phase4b
2026-08-09T23:28:22.904Z,D2,peer0.org2.example.com,7.04,510.96,15914.51,NA_HOST_NETWORK,NA_HOST_NETWORK,211570688/2621693952,phase4b
2026-08-09T23:28:23.091Z,D3,cc-unified,0.00,27.56,15823.57,NA_HOST_NETWORK,NA_HOST_NETWORK,3649536/372736,phase4b
2026-08-09T23:28:23.091Z,D3,orderer3.example.com,1.55,541.18,15823.57,NA_HOST_NETWORK,NA_HOST_NETWORK,1736704/1687670784,phase4b
2026-08-09T23:28:23.091Z,D3,peer0.org3.example.com,6.05,562.36,15823.57,NA_HOST_NETWORK,NA_HOST_NETWORK,120246272/1774829568,phase4b
2026-08-09T23:28:23.380Z,D4,cc-unified,0.00,25.06,15823.56,NA_HOST_NETWORK,NA_HOST_NETWORK,159744/0,phase4b
2026-08-09T23:28:23.380Z,D4,orderer.example.com,2.43,1101.30,15823.56,NA_HOST_NETWORK,NA_HOST_NETWORK,460144640/1187921920,phase4b
2026-08-09T23:28:23.380Z,D4,peer0.org4.example.com,2.54,842.16,15823.56,NA_HOST_NETWORK,NA_HOST_NETWORK,76492800/1725816832,phase4b
2026-08-09T23:28:23.589Z,D1,cc-unified,0.00,28.26,7815.99,NA_HOST_NETWORK,NA_HOST_NETWORK,618496/0,phase4b
2026-08-09T23:28:23.589Z,D1,HARNESS_bench.js,0.0,99.95,7815.99,NA,NA,threads=11,phase4b
2026-08-09T23:28:23.589Z,D1,peer0.org1.example.com,5.73,556.69,7815.99,NA_HOST_NETWORK,NA_HOST_NETWORK,98066432/1728839680,phase4b
2026-08-09T23:28:24.959Z,D2,cc-unified,0.00,23.07,15914.51,NA_HOST_NETWORK,NA_HOST_NETWORK,1605632/417792,phase4b
2026-08-09T23:28:24.959Z,D2,orderer2.example.com,0.98,451.70,15914.51,NA_HOST_NETWORK,NA_HOST_NETWORK,7970816/1681547264,phase4b
2026-08-09T23:28:24.959Z,D2,peer0.org2.example.com,2.84,511.36,15914.51,NA_HOST_NETWORK,NA_HOST_NETWORK,211570688/2621693952,phase4b
2026-08-09T23:28:25.203Z,D3,cc-unified,0.00,27.56,15823.57,NA_HOST_NETWORK,NA_HOST_NETWORK,3649536/372736,phase4b
2026-08-09T23:28:25.203Z,D3,orderer3.example.com,1.72,540.94,15823.57,NA_HOST_NETWORK,NA_HOST_NETWORK,1736704/1687670784,phase4b
2026-08-09T23:28:25.203Z,D3,peer0.org3.example.com,6.51,562.55,15823.57,NA_HOST_NETWORK,NA_HOST_NETWORK,120246272/1774829568,phase4b
2026-08-09T23:28:25.541Z,D4,cc-unified,0.00,25.06,15823.56,NA_HOST_NETWORK,NA_HOST_NETWORK,159744/0,phase4b
2026-08-09T23:28:25.541Z,D4,orderer.example.com,0.88,1101.81,15823.56,NA_HOST_NETWORK,NA_HOST_NETWORK,460144640/1187921920,phase4b
2026-08-09T23:28:25.541Z,D4,peer0.org4.example.com,0.92,842.16,15823.56,NA_HOST_NETWORK,NA_HOST_NETWORK,76492800/1725816832,phase4b
2026-08-09T23:28:25.778Z,D1,cc-unified,0.00,28.26,7815.99,NA_HOST_NETWORK,NA_HOST_NETWORK,618496/0,phase4b
2026-08-09T23:28:25.778Z,D1,HARNESS_bench.js,0.0,99.95,7815.99,NA,NA,threads=11,phase4b
2026-08-09T23:28:25.778Z,D1,peer0.org1.example.com,3.28,555.44,7815.99,NA_HOST_NETWORK,NA_HOST_NETWORK,98066432/1728839680,phase4b
2026-08-09T23:28:27.045Z,D2,cc-unified,0.00,23.07,15914.51,NA_HOST_NETWORK,NA_HOST_NETWORK,1605632/417792,phase4b
2026-08-09T23:28:27.045Z,D2,orderer2.example.com,1.03,451.70,15914.51,NA_HOST_NETWORK,NA_HOST_NETWORK,7970816/1681547264,phase4b
2026-08-09T23:28:27.045Z,D2,peer0.org2.example.com,7.58,511.11,15914.51,NA_HOST_NETWORK,NA_HOST_NETWORK,211570688/2621693952,phase4b
2026-08-09T23:28:27.420Z,D3,cc-unified,0.00,27.56,15823.57,NA_HOST_NETWORK,NA_HOST_NETWORK,3649536/372736,phase4b
2026-08-09T23:28:27.420Z,D3,orderer3.example.com,1.71,541.18,15823.57,NA_HOST_NETWORK,NA_HOST_NETWORK,1736704/1687670784,phase4b
2026-08-09T23:28:27.420Z,D3,peer0.org3.example.com,5.14,562.40,15823.57,NA_HOST_NETWORK,NA_HOST_NETWORK,120246272/1774829568,phase4b
2026-08-09T23:28:27.588Z,D4,cc-unified,0.00,25.06,15823.56,NA_HOST_NETWORK,NA_HOST_NETWORK,159744/0,phase4b
2026-08-09T23:28:27.588Z,D4,orderer.example.com,2.35,1102.53,15823.56,NA_HOST_NETWORK,NA_HOST_NETWORK,460144640/1187921920,phase4b
2026-08-09T23:28:27.588Z,D4,peer0.org4.example.com,3.28,842.90,15823.56,NA_HOST_NETWORK,NA_HOST_NETWORK,76492800/1725816832,phase4b
2026-08-09T23:28:27.842Z,D1,cc-unified,0.00,28.26,7815.99,NA_HOST_NETWORK,NA_HOST_NETWORK,618496/0,phase4b
2026-08-09T23:28:27.842Z,D1,HARNESS_bench.js,0.5,99.96,7815.99,NA,NA,threads=11,phase4b
2026-08-09T23:28:27.842Z,D1,peer0.org1.example.com,2.84,555.69,7815.99,NA_HOST_NETWORK,NA_HOST_NETWORK,98066432/1728839680,phase4b
2026-08-09T23:28:29.131Z,D2,cc-unified,2.07,19.59,15914.51,NA_HOST_NETWORK,NA_HOST_NETWORK,1605632/417792,phase4b
2026-08-09T23:28:29.131Z,D2,orderer2.example.com,1.42,451.18,15914.51,NA_HOST_NETWORK,NA_HOST_NETWORK,7970816/1681608704,phase4b
2026-08-09T23:28:29.131Z,D2,peer0.org2.example.com,18.85,511.25,15914.51,NA_HOST_NETWORK,NA_HOST_NETWORK,211570688/2621693952,phase4b
2026-08-09T23:28:29.469Z,D3,cc-unified,3.66,28.82,15823.57,NA_HOST_NETWORK,NA_HOST_NETWORK,3649536/372736,phase4b
2026-08-09T23:28:29.469Z,D3,orderer3.example.com,4.38,544.57,15823.57,NA_HOST_NETWORK,NA_HOST_NETWORK,1736704/1690701824,phase4b
2026-08-09T23:28:29.469Z,D3,peer0.org3.example.com,66.01,564.08,15823.57,NA_HOST_NETWORK,NA_HOST_NETWORK,120246272/1776955392,phase4b
2026-08-09T23:28:29.687Z,D4,cc-unified,4.82,24.89,15823.56,NA_HOST_NETWORK,NA_HOST_NETWORK,159744/0,phase4b
2026-08-09T23:28:29.687Z,D4,orderer.example.com,45.33,1113.38,15823.56,NA_HOST_NETWORK,NA_HOST_NETWORK,460144640/1192542208,phase4b
2026-08-09T23:28:29.687Z,D4,peer0.org4.example.com,79.29,846.01,15823.56,NA_HOST_NETWORK,NA_HOST_NETWORK,76492800/1728258048,phase4b
2026-08-09T23:28:29.923Z,D1,cc-unified,30.95,34.35,7815.99,NA_HOST_NETWORK,NA_HOST_NETWORK,618496/0,phase4b
2026-08-09T23:28:29.923Z,D1,HARNESS_bench.js,80.6,143.46,7815.99,NA,NA,threads=11,phase4b
2026-08-09T23:28:29.923Z,D1,peer0.org1.example.com,81.40,564.15,7815.99,NA_HOST_NETWORK,NA_HOST_NETWORK,98066432/1729171456,phase4b
2026-08-09T23:28:31.202Z,D2,cc-unified,4.16,24.52,15914.51,NA_HOST_NETWORK,NA_HOST_NETWORK,1605632/417792,phase4b
2026-08-09T23:28:31.202Z,D2,orderer2.example.com,3.62,455.16,15914.51,NA_HOST_NETWORK,NA_HOST_NETWORK,7970816/1684869120,phase4b
2026-08-09T23:28:31.202Z,D2,peer0.org2.example.com,31.56,511.15,15914.51,NA_HOST_NETWORK,NA_HOST_NETWORK,211570688/2622119936,phase4b
2026-08-09T23:28:31.594Z,D3,cc-unified,3.18,30.11,15823.57,NA_HOST_NETWORK,NA_HOST_NETWORK,3649536/372736,phase4b
2026-08-09T23:28:31.594Z,D3,orderer3.example.com,5.23,547.16,15823.57,NA_HOST_NETWORK,NA_HOST_NETWORK,1736704/1693700096,phase4b
2026-08-09T23:28:31.594Z,D3,peer0.org3.example.com,68.67,566.64,15823.57,NA_HOST_NETWORK,NA_HOST_NETWORK,120246272/1779113984,phase4b
2026-08-09T23:28:31.774Z,D4,cc-unified,1.12,27.06,15823.56,NA_HOST_NETWORK,NA_HOST_NETWORK,159744/0,phase4b
2026-08-09T23:28:31.774Z,D4,orderer.example.com,11.71,1125.23,15823.56,NA_HOST_NETWORK,NA_HOST_NETWORK,460144640/1194168320,phase4b
2026-08-09T23:28:31.774Z,D4,peer0.org4.example.com,37.21,849.58,15823.56,NA_HOST_NETWORK,NA_HOST_NETWORK,76492800/1730256896,phase4b
2026-08-09T23:28:31.970Z,D1,cc-unified,1.56,37.22,7815.99,NA_HOST_NETWORK,NA_HOST_NETWORK,618496/0,phase4b
2026-08-09T23:28:31.970Z,D1,HARNESS_bench.js,23.3,145.50,7815.99,NA,NA,threads=11,phase4b
2026-08-09T23:28:31.970Z,D1,peer0.org1.example.com,35.36,568.72,7815.99,NA_HOST_NETWORK,NA_HOST_NETWORK,98066432/1729822720,phase4b
2026-08-09T23:28:33.289Z,D2,cc-unified,1.27,24.45,15914.51,NA_HOST_NETWORK,NA_HOST_NETWORK,1605632/417792,phase4b
2026-08-09T23:28:33.289Z,D2,orderer2.example.com,1.67,455.19,15914.51,NA_HOST_NETWORK,NA_HOST_NETWORK,7970816/1685590016,phase4b
2026-08-09T23:28:33.289Z,D2,peer0.org2.example.com,20.48,511.68,15914.51,NA_HOST_NETWORK,NA_HOST_NETWORK,211570688/2622406656,phase4b
2026-08-09T23:28:33.651Z,D3,cc-unified,4.40,29.61,15823.57,NA_HOST_NETWORK,NA_HOST_NETWORK,3649536/372736,phase4b
2026-08-09T23:28:33.651Z,D3,orderer3.example.com,3.74,548.07,15823.57,NA_HOST_NETWORK,NA_HOST_NETWORK,1736704/1694822400,phase4b
2026-08-09T23:28:33.651Z,D3,peer0.org3.example.com,44.43,567.62,15823.57,NA_HOST_NETWORK,NA_HOST_NETWORK,120246272/1780043776,phase4b
2026-08-09T23:28:33.829Z,D4,cc-unified,2.21,28.18,15823.56,NA_HOST_NETWORK,NA_HOST_NETWORK,159744/0,phase4b
2026-08-09T23:28:33.829Z,D4,orderer.example.com,10.91,1126.16,15823.56,NA_HOST_NETWORK,NA_HOST_NETWORK,460144640/1195225088,phase4b
2026-08-09T23:28:33.829Z,D4,peer0.org4.example.com,26.79,850.88,15823.56,NA_HOST_NETWORK,NA_HOST_NETWORK,76492800/1731059712,phase4b
2026-08-09T23:28:34.027Z,D1,cc-unified,5.12,37.93,7815.99,NA_HOST_NETWORK,NA_HOST_NETWORK,618496/0,phase4b
2026-08-09T23:28:34.027Z,D1,HARNESS_bench.js,24.6,145.94,7815.99,NA,NA,threads=11,phase4b
2026-08-09T23:28:34.027Z,D1,peer0.org1.example.com,48.69,573.16,7815.99,NA_HOST_NETWORK,NA_HOST_NETWORK,98066432/1730596864,phase4b
2026-08-09T23:28:35.377Z,D2,cc-unified,2.91,23.92,15914.51,NA_HOST_NETWORK,NA_HOST_NETWORK,1605632/417792,phase4b
2026-08-09T23:28:35.377Z,D2,orderer2.example.com,1.50,455.87,15914.51,NA_HOST_NETWORK,NA_HOST_NETWORK,7970816/1686208512,phase4b
2026-08-09T23:28:35.377Z,D2,peer0.org2.example.com,24.27,512.10,15914.51,NA_HOST_NETWORK,NA_HOST_NETWORK,211570688/2622746624,phase4b
2026-08-09T23:28:35.774Z,D3,cc-unified,5.96,30.54,15823.57,NA_HOST_NETWORK,NA_HOST_NETWORK,3649536/372736,phase4b
2026-08-09T23:28:35.774Z,D3,orderer3.example.com,4.75,548.33,15823.57,NA_HOST_NETWORK,NA_HOST_NETWORK,1736704/1696145408,phase4b
2026-08-09T23:28:35.774Z,D3,peer0.org3.example.com,44.49,568.43,15823.57,NA_HOST_NETWORK,NA_HOST_NETWORK,120246272/1780981760,phase4b
2026-08-09T23:28:35.966Z,D4,cc-unified,6.76,29.29,15823.56,NA_HOST_NETWORK,NA_HOST_NETWORK,159744/0,phase4b
2026-08-09T23:28:35.966Z,D4,orderer.example.com,22.37,1126.98,15823.56,NA_HOST_NETWORK,NA_HOST_NETWORK,460144640/1196453888,phase4b
2026-08-09T23:28:35.966Z,D4,peer0.org4.example.com,47.04,852.39,15823.56,NA_HOST_NETWORK,NA_HOST_NETWORK,76492800/1731964928,phase4b
2026-08-09T23:28:36.136Z,D1,cc-unified,1.99,37.44,7815.99,NA_HOST_NETWORK,NA_HOST_NETWORK,618496/0,phase4b
2026-08-09T23:28:36.136Z,D1,HARNESS_bench.js,26.1,145.96,7815.99,NA,NA,threads=11,phase4b
2026-08-09T23:28:36.136Z,D1,peer0.org1.example.com,48.15,573.75,7815.99,NA_HOST_NETWORK,NA_HOST_NETWORK,98066432/1731276800,phase4b
2026-08-09T23:28:37.460Z,D2,cc-unified,1.33,23.89,15914.51,NA_HOST_NETWORK,NA_HOST_NETWORK,1605632/417792,phase4b
2026-08-09T23:28:37.460Z,D2,orderer2.example.com,1.75,456.58,15914.51,NA_HOST_NETWORK,NA_HOST_NETWORK,7970816/1686986752,phase4b
2026-08-09T23:28:37.460Z,D2,peer0.org2.example.com,19.36,512.48,15914.51,NA_HOST_NETWORK,NA_HOST_NETWORK,211570688/2623111168,phase4b
2026-08-09T23:28:37.941Z,D3,cc-unified,4.55,30.25,15823.57,NA_HOST_NETWORK,NA_HOST_NETWORK,3649536/372736,phase4b
2026-08-09T23:28:37.941Z,D3,orderer3.example.com,4.30,549.04,15823.57,NA_HOST_NETWORK,NA_HOST_NETWORK,1736704/1697173504,phase4b
2026-08-09T23:28:37.941Z,D3,peer0.org3.example.com,44.55,569.38,15823.57,NA_HOST_NETWORK,NA_HOST_NETWORK,120246272/1781817344,phase4b
2026-08-09T23:28:38.098Z,D4,cc-unified,1.53,29.67,15823.56,NA_HOST_NETWORK,NA_HOST_NETWORK,159744/0,phase4b
2026-08-09T23:28:38.098Z,D4,orderer.example.com,6.55,1127.90,15823.56,NA_HOST_NETWORK,NA_HOST_NETWORK,460144640/1197486080,phase4b
2026-08-09T23:28:38.098Z,D4,peer0.org4.example.com,16.32,853.61,15823.56,NA_HOST_NETWORK,NA_HOST_NETWORK,76492800/1732800512,phase4b
2026-08-09T23:28:38.209Z,D1,cc-unified,4.28,30.06,7815.99,NA_HOST_NETWORK,NA_HOST_NETWORK,618496/0,phase4b
2026-08-09T23:28:38.209Z,D1,HARNESS_bench.js,24.2,145.98,7815.99,NA,NA,threads=11,phase4b
2026-08-09T23:28:38.209Z,D1,peer0.org1.example.com,65.36,582.25,7815.99,NA_HOST_NETWORK,NA_HOST_NETWORK,98066432/1731993600,phase4b
2026-08-09T23:28:39.536Z,D2,cc-unified,2.20,23.93,15914.51,NA_HOST_NETWORK,NA_HOST_NETWORK,1605632/417792,phase4b
2026-08-09T23:28:39.536Z,D2,orderer2.example.com,3.49,459.90,15914.51,NA_HOST_NETWORK,NA_HOST_NETWORK,7970816/1689128960,phase4b
2026-08-09T23:28:39.536Z,D2,peer0.org2.example.com,26.53,512.84,15914.51,NA_HOST_NETWORK,NA_HOST_NETWORK,211570688/2623475712,phase4b
2026-08-09T23:28:40.107Z,D3,cc-unified,3.92,30.20,15823.57,NA_HOST_NETWORK,NA_HOST_NETWORK,3649536/372736,phase4b
2026-08-09T23:28:40.107Z,D3,orderer3.example.com,5.07,550.42,15823.57,NA_HOST_NETWORK,NA_HOST_NETWORK,1736704/1698308096,phase4b
2026-08-09T23:28:40.107Z,D3,peer0.org3.example.com,47.82,569.19,15823.57,NA_HOST_NETWORK,NA_HOST_NETWORK,120246272/1782661120,phase4b
2026-08-09T23:28:40.147Z,D4,cc-unified,5.34,29.27,15823.56,NA_HOST_NETWORK,NA_HOST_NETWORK,159744/0,phase4b
2026-08-09T23:28:40.147Z,D4,orderer.example.com,19.03,1129.68,15823.56,NA_HOST_NETWORK,NA_HOST_NETWORK,460144640/1198682112,phase4b
2026-08-09T23:28:40.147Z,D4,peer0.org4.example.com,46.31,854.62,15823.56,NA_HOST_NETWORK,NA_HOST_NETWORK,76492800/1733640192,phase4b
2026-08-09T23:28:40.271Z,D1,cc-unified,2.87,30.21,7815.99,NA_HOST_NETWORK,NA_HOST_NETWORK,618496/0,phase4b
2026-08-09T23:28:40.271Z,D1,HARNESS_bench.js,26.1,146.50,7815.99,NA,NA,threads=11,phase4b
2026-08-09T23:28:40.271Z,D1,peer0.org1.example.com,52.57,584.34,7815.99,NA_HOST_NETWORK,NA_HOST_NETWORK,98066432/1732710400,phase4b
2026-08-09T23:28:41.621Z,D2,cc-unified,1.33,23.64,15914.51,NA_HOST_NETWORK,NA_HOST_NETWORK,1605632/417792,phase4b
2026-08-09T23:28:41.621Z,D2,orderer2.example.com,1.96,460.50,15914.51,NA_HOST_NETWORK,NA_HOST_NETWORK,7970816/1689825280,phase4b
2026-08-09T23:28:41.621Z,D2,peer0.org2.example.com,22.73,512.43,15914.51,NA_HOST_NETWORK,NA_HOST_NETWORK,211570688/2623811584,phase4b
2026-08-09T23:28:42.278Z,D3,cc-unified,2.62,30.25,15823.57,NA_HOST_NETWORK,NA_HOST_NETWORK,3649536/372736,phase4b
2026-08-09T23:28:42.278Z,D3,orderer3.example.com,3.01,551.21,15823.57,NA_HOST_NETWORK,NA_HOST_NETWORK,1736704/1698967552,phase4b
2026-08-09T23:28:42.278Z,D3,peer0.org3.example.com,28.91,568.87,15823.57,NA_HOST_NETWORK,NA_HOST_NETWORK,120246272/1783148544,phase4b
2026-08-09T23:28:42.290Z,D4,cc-unified,2.65,29.27,15823.56,NA_HOST_NETWORK,NA_HOST_NETWORK,159744/0,phase4b
2026-08-09T23:28:42.290Z,D4,orderer.example.com,12.35,1129.10,15823.56,NA_HOST_NETWORK,NA_HOST_NETWORK,460144640/1199218688,phase4b
2026-08-09T23:28:42.290Z,D4,peer0.org4.example.com,28.63,854.81,15823.56,NA_HOST_NETWORK,NA_HOST_NETWORK,76492800/1734127616,phase4b
2026-08-09T23:28:42.345Z,D1,cc-unified,5.47,29.30,7815.99,NA_HOST_NETWORK,NA_HOST_NETWORK,618496/0,phase4b
2026-08-09T23:28:42.345Z,D1,HARNESS_bench.js,16.5,146.51,7815.99,NA,NA,threads=11,phase4b
2026-08-09T23:28:42.345Z,D1,peer0.org1.example.com,39.55,585.85,7815.99,NA_HOST_NETWORK,NA_HOST_NETWORK,98066432/1733210112,phase4b
2026-08-09T23:28:43.747Z,D2,cc-unified,1.95,22.78,15914.51,NA_HOST_NETWORK,NA_HOST_NETWORK,1605632/417792,phase4b
2026-08-09T23:28:43.747Z,D2,orderer2.example.com,1.53,460.82,15914.51,NA_HOST_NETWORK,NA_HOST_NETWORK,7970816/1690275840,phase4b
2026-08-09T23:28:43.747Z,D2,peer0.org2.example.com,17.68,513.08,15914.51,NA_HOST_NETWORK,NA_HOST_NETWORK,211570688/2624126976,phase4b
2026-08-09T23:28:44.412Z,D1,cc-unified,1.19,29.94,7815.99,NA_HOST_NETWORK,NA_HOST_NETWORK,618496/0,phase4b
2026-08-09T23:28:44.412Z,D1,HARNESS_bench.js,12.6,146.54,7815.99,NA,NA,threads=11,phase4b
2026-08-09T23:28:44.412Z,D1,peer0.org1.example.com,24.48,584.59,7815.99,NA_HOST_NETWORK,NA_HOST_NETWORK,98066432/1733656576,phase4b
2026-08-09T23:28:44.444Z,D3,cc-unified,3.64,28.68,15823.57,NA_HOST_NETWORK,NA_HOST_NETWORK,3649536/372736,phase4b
2026-08-09T23:28:44.444Z,D3,orderer3.example.com,3.57,551.90,15823.57,NA_HOST_NETWORK,NA_HOST_NETWORK,1736704/1699700736,phase4b
2026-08-09T23:28:44.444Z,D3,peer0.org3.example.com,29.20,571.61,15823.57,NA_HOST_NETWORK,NA_HOST_NETWORK,120246272/1783717888,phase4b
2026-08-09T23:28:44.450Z,D4,cc-unified,1.30,26.82,15823.56,NA_HOST_NETWORK,NA_HOST_NETWORK,159744/0,phase4b
2026-08-09T23:28:44.450Z,D4,orderer.example.com,4.97,1130.06,15823.56,NA_HOST_NETWORK,NA_HOST_NETWORK,460144640/1199947776,phase4b
2026-08-09T23:28:44.450Z,D4,peer0.org4.example.com,13.13,854.48,15823.56,NA_HOST_NETWORK,NA_HOST_NETWORK,76492800/1734692864,phase4b
2026-08-09T23:28:45.805Z,D2,cc-unified,0.93,23.03,15914.51,NA_HOST_NETWORK,NA_HOST_NETWORK,1605632/417792,phase4b
2026-08-09T23:28:45.805Z,D2,orderer2.example.com,1.65,461.23,15914.51,NA_HOST_NETWORK,NA_HOST_NETWORK,7970816/1690808320,phase4b
2026-08-09T23:28:45.805Z,D2,peer0.org2.example.com,20.96,513.45,15914.51,NA_HOST_NETWORK,NA_HOST_NETWORK,211570688/2624503808,phase4b
2026-08-09T23:28:46.523Z,D1,cc-unified,1.98,29.76,7815.99,NA_HOST_NETWORK,NA_HOST_NETWORK,618496/0,phase4b
2026-08-09T23:28:46.523Z,D1,HARNESS_bench.js,13.8,146.55,7815.99,NA,NA,threads=11,phase4b
2026-08-09T23:28:46.523Z,D1,peer0.org1.example.com,30.71,585.33,7815.99,NA_HOST_NETWORK,NA_HOST_NETWORK,98066432/1734029312,phase4b
2026-08-09T23:28:46.539Z,D3,cc-unified,2.11,29.39,15823.57,NA_HOST_NETWORK,NA_HOST_NETWORK,3649536/372736,phase4b
2026-08-09T23:28:46.539Z,D3,orderer3.example.com,3.47,551.59,15823.57,NA_HOST_NETWORK,NA_HOST_NETWORK,1736704/1700220928,phase4b
2026-08-09T23:28:46.539Z,D3,peer0.org3.example.com,24.18,571.43,15823.57,NA_HOST_NETWORK,NA_HOST_NETWORK,120246272/1784160256,phase4b
2026-08-09T23:28:46.616Z,D4,cc-unified,1.41,27.35,15823.56,NA_HOST_NETWORK,NA_HOST_NETWORK,159744/0,phase4b
2026-08-09T23:28:46.616Z,D4,orderer.example.com,5.15,1133.68,15823.56,NA_HOST_NETWORK,NA_HOST_NETWORK,460144640/1200467968,phase4b
2026-08-09T23:28:46.616Z,D4,peer0.org4.example.com,9.66,854.94,15823.56,NA_HOST_NETWORK,NA_HOST_NETWORK,76492800/1735147520,phase4b
2026-08-09T23:28:47.874Z,D2,cc-unified,0.84,23.02,15914.51,NA_HOST_NETWORK,NA_HOST_NETWORK,1605632/417792,phase4b
2026-08-09T23:28:47.874Z,D2,orderer2.example.com,1.93,461.55,15914.51,NA_HOST_NETWORK,NA_HOST_NETWORK,7970816/1691344896,phase4b
2026-08-09T23:28:47.874Z,D2,peer0.org2.example.com,18.41,513.97,15914.51,NA_HOST_NETWORK,NA_HOST_NETWORK,211570688/2624843776,phase4b
2026-08-09T23:28:48.568Z,D1,cc-unified,1.12,29.25,7815.99,NA_HOST_NETWORK,NA_HOST_NETWORK,618496/0,phase4b
2026-08-09T23:28:48.568Z,D1,HARNESS_bench.js,8.4,146.68,7815.99,NA,NA,threads=11,phase4b
2026-08-09T23:28:48.568Z,D1,peer0.org1.example.com,18.50,594.91,7815.99,NA_HOST_NETWORK,NA_HOST_NETWORK,98066432/1734225920,phase4b
2026-08-09T23:28:48.659Z,D3,cc-unified,1.61,28.93,15823.57,NA_HOST_NETWORK,NA_HOST_NETWORK,3649536/372736,phase4b
2026-08-09T23:28:48.659Z,D3,orderer3.example.com,3.05,552.98,15823.57,NA_HOST_NETWORK,NA_HOST_NETWORK,1736704/1700630528,phase4b
2026-08-09T23:28:48.659Z,D3,peer0.org3.example.com,21.21,571.68,15823.57,NA_HOST_NETWORK,NA_HOST_NETWORK,120246272/1784487936,phase4b
2026-08-09T23:28:48.730Z,D4,cc-unified,0.95,27.85,15823.56,NA_HOST_NETWORK,NA_HOST_NETWORK,159744/0,phase4b
2026-08-09T23:28:48.730Z,D4,orderer.example.com,8.51,1139.20,15823.56,NA_HOST_NETWORK,NA_HOST_NETWORK,460144640/1200877568,phase4b
2026-08-09T23:28:48.730Z,D4,peer0.org4.example.com,14.22,855.47,15823.56,NA_HOST_NETWORK,NA_HOST_NETWORK,76492800/1735471104,phase4b
2026-08-09T23:28:49.959Z,D2,cc-unified,0.93,23.25,15914.51,NA_HOST_NETWORK,NA_HOST_NETWORK,1605632/417792,phase4b
2026-08-09T23:28:49.959Z,D2,orderer2.example.com,2.59,463.08,15914.51,NA_HOST_NETWORK,NA_HOST_NETWORK,7970816/1692798976,phase4b
2026-08-09T23:28:49.959Z,D2,peer0.org2.example.com,18.86,514.16,15914.51,NA_HOST_NETWORK,NA_HOST_NETWORK,211570688/2625273856,phase4b
2026-08-09T23:28:50.702Z,D1,cc-unified,1.76,28.80,7815.99,NA_HOST_NETWORK,NA_HOST_NETWORK,618496/0,phase4b
2026-08-09T23:28:50.702Z,D1,HARNESS_bench.js,14.2,146.84,7815.99,NA,NA,threads=11,phase4b
2026-08-09T23:28:50.702Z,D1,peer0.org1.example.com,29.24,584.67,7815.99,NA_HOST_NETWORK,NA_HOST_NETWORK,98066432/1734766592,phase4b
2026-08-09T23:28:50.706Z,D3,cc-unified,2.76,27.97,15823.57,NA_HOST_NETWORK,NA_HOST_NETWORK,3649536/372736,phase4b
2026-08-09T23:28:50.706Z,D3,orderer3.example.com,3.44,553.12,15823.57,NA_HOST_NETWORK,NA_HOST_NETWORK,1736704/1701236736,phase4b
2026-08-09T23:28:50.706Z,D3,peer0.org3.example.com,25.68,571.30,15823.57,NA_HOST_NETWORK,NA_HOST_NETWORK,120246272/1784983552,phase4b
2026-08-09T23:28:50.876Z,D4,cc-unified,1.10,27.83,15823.56,NA_HOST_NETWORK,NA_HOST_NETWORK,159744/0,phase4b
2026-08-09T23:28:50.876Z,D4,orderer.example.com,4.75,1146.19,15823.56,NA_HOST_NETWORK,NA_HOST_NETWORK,460144640/1201582080,phase4b
2026-08-09T23:28:50.876Z,D4,peer0.org4.example.com,9.52,855.55,15823.56,NA_HOST_NETWORK,NA_HOST_NETWORK,76492800/1736032256,phase4b
2026-08-09T23:28:52.044Z,D2,cc-unified,1.00,23.02,15914.51,NA_HOST_NETWORK,NA_HOST_NETWORK,1605632/417792,phase4b
2026-08-09T23:28:52.044Z,D2,orderer2.example.com,1.67,463.46,15914.51,NA_HOST_NETWORK,NA_HOST_NETWORK,7970816/1693315072,phase4b
2026-08-09T23:28:52.044Z,D2,peer0.org2.example.com,17.98,514.75,15914.51,NA_HOST_NETWORK,NA_HOST_NETWORK,211570688/2625576960,phase4b
2026-08-09T23:28:52.747Z,D1,cc-unified,5.19,28.80,7815.99,NA_HOST_NETWORK,NA_HOST_NETWORK,618496/0,phase4b
2026-08-09T23:28:52.747Z,D1,HARNESS_bench.js,20.0,146.84,7815.99,NA,NA,threads=11,phase4b
2026-08-09T23:28:52.747Z,D1,peer0.org1.example.com,36.99,584.78,7815.99,NA_HOST_NETWORK,NA_HOST_NETWORK,98066432/1735233536,phase4b
2026-08-09T23:28:52.782Z,D3,cc-unified,3.06,29.18,15823.57,NA_HOST_NETWORK,NA_HOST_NETWORK,3649536/372736,phase4b
2026-08-09T23:28:52.782Z,D3,orderer3.example.com,3.72,553.66,15823.57,NA_HOST_NETWORK,NA_HOST_NETWORK,1736704/1701978112,phase4b
2026-08-09T23:28:52.782Z,D3,peer0.org3.example.com,33.21,572.70,15823.57,NA_HOST_NETWORK,NA_HOST_NETWORK,120246272/1785569280,phase4b
2026-08-09T23:28:52.929Z,D4,cc-unified,3.04,27.36,15823.56,NA_HOST_NETWORK,NA_HOST_NETWORK,159744/0,phase4b
2026-08-09T23:28:52.929Z,D4,orderer.example.com,14.79,1147.50,15823.56,NA_HOST_NETWORK,NA_HOST_NETWORK,460144640/1202249728,phase4b
2026-08-09T23:28:52.929Z,D4,peer0.org4.example.com,30.16,856.56,15823.56,NA_HOST_NETWORK,NA_HOST_NETWORK,76492800/1736585216,phase4b
2026-08-09T23:28:54.130Z,D2,cc-unified,1.16,23.24,15914.51,NA_HOST_NETWORK,NA_HOST_NETWORK,1605632/417792,phase4b
2026-08-09T23:28:54.130Z,D2,orderer2.example.com,1.51,463.65,15914.51,NA_HOST_NETWORK,NA_HOST_NETWORK,7970816/1693667328,phase4b
2026-08-09T23:28:54.130Z,D2,peer0.org2.example.com,17.24,514.52,15914.51,NA_HOST_NETWORK,NA_HOST_NETWORK,211570688/2625789952,phase4b
2026-08-09T23:28:54.798Z,D1,cc-unified,2.97,30.05,7815.99,NA_HOST_NETWORK,NA_HOST_NETWORK,618496/0,phase4b
2026-08-09T23:28:54.798Z,D1,HARNESS_bench.js,18.9,146.87,7815.99,NA,NA,threads=11,phase4b
2026-08-09T23:28:54.798Z,D1,peer0.org1.example.com,40.20,587.79,7815.99,NA_HOST_NETWORK,NA_HOST_NETWORK,98066432/1735741440,phase4b
2026-08-09T23:28:54.945Z,D3,cc-unified,2.97,29.15,15823.57,NA_HOST_NETWORK,NA_HOST_NETWORK,3649536/372736,phase4b
2026-08-09T23:28:54.945Z,D3,orderer3.example.com,4.44,554.75,15823.57,NA_HOST_NETWORK,NA_HOST_NETWORK,1736704/1702645760,phase4b
2026-08-09T23:28:54.945Z,D3,peer0.org3.example.com,25.75,572.58,15823.57,NA_HOST_NETWORK,NA_HOST_NETWORK,120246272/1786150912,phase4b
2026-08-09T23:28:55.071Z,D4,cc-unified,2.94,28.31,15823.56,NA_HOST_NETWORK,NA_HOST_NETWORK,159744/0,phase4b
2026-08-09T23:28:55.071Z,D4,orderer.example.com,10.94,1148.23,15823.56,NA_HOST_NETWORK,NA_HOST_NETWORK,460144640/1202925568,phase4b
2026-08-09T23:28:55.071Z,D4,peer0.org4.example.com,25.01,856.99,15823.56,NA_HOST_NETWORK,NA_HOST_NETWORK,76492800/1737129984,phase4b
2026-08-09T23:28:56.204Z,D2,cc-unified,2.06,22.58,15914.51,NA_HOST_NETWORK,NA_HOST_NETWORK,1605632/417792,phase4b
2026-08-09T23:28:56.204Z,D2,orderer2.example.com,2.53,465.86,15914.51,NA_HOST_NETWORK,NA_HOST_NETWORK,7970816/1694912512,phase4b
2026-08-09T23:28:56.204Z,D2,peer0.org2.example.com,15.98,514.95,15914.51,NA_HOST_NETWORK,NA_HOST_NETWORK,211570688/2626076672,phase4b
2026-08-09T23:28:56.863Z,D1,cc-unified,1.00,28.57,7815.99,NA_HOST_NETWORK,NA_HOST_NETWORK,618496/0,phase4b
2026-08-09T23:28:56.863Z,D1,HARNESS_bench.js,18.1,146.89,7815.99,NA,NA,threads=11,phase4b
2026-08-09T23:28:56.863Z,D1,peer0.org1.example.com,27.51,586.64,7815.99,NA_HOST_NETWORK,NA_HOST_NETWORK,98066432/1736130560,phase4b
2026-08-09T23:28:56.995Z,D3,cc-unified,3.04,28.06,15823.57,NA_HOST_NETWORK,NA_HOST_NETWORK,3649536/372736,phase4b
2026-08-09T23:28:56.995Z,D3,orderer3.example.com,3.46,554.18,15823.57,NA_HOST_NETWORK,NA_HOST_NETWORK,1736704/1703280640,phase4b
2026-08-09T23:28:56.995Z,D3,peer0.org3.example.com,26.33,572.61,15823.57,NA_HOST_NETWORK,NA_HOST_NETWORK,120246272/1786675200,phase4b
2026-08-09T23:28:57.153Z,D4,cc-unified,1.06,25.59,15823.56,NA_HOST_NETWORK,NA_HOST_NETWORK,159744/0,phase4b
2026-08-09T23:28:57.153Z,D4,orderer.example.com,4.14,1147.59,15823.56,NA_HOST_NETWORK,NA_HOST_NETWORK,460144640/1203531776,phase4b
2026-08-09T23:28:57.153Z,D4,peer0.org4.example.com,8.15,856.85,15823.56,NA_HOST_NETWORK,NA_HOST_NETWORK,76492800/1737658368,phase4b
2026-08-09T23:28:58.283Z,D2,cc-unified,1.16,22.11,15914.51,NA_HOST_NETWORK,NA_HOST_NETWORK,1605632/417792,phase4b
2026-08-09T23:28:58.283Z,D2,orderer2.example.com,1.97,466.36,15914.51,NA_HOST_NETWORK,NA_HOST_NETWORK,7970816/1695449088,phase4b
2026-08-09T23:28:58.283Z,D2,peer0.org2.example.com,17.26,514.79,15914.51,NA_HOST_NETWORK,NA_HOST_NETWORK,211570688/2626310144,phase4b
2026-08-09T23:28:58.962Z,D1,cc-unified,2.24,28.52,7815.99,NA_HOST_NETWORK,NA_HOST_NETWORK,618496/0,phase4b
2026-08-09T23:28:58.962Z,D1,HARNESS_bench.js,13.4,147.10,7815.99,NA,NA,threads=11,phase4b
2026-08-09T23:28:58.962Z,D1,peer0.org1.example.com,32.14,586.89,7815.99,NA_HOST_NETWORK,NA_HOST_NETWORK,98066432/1736609792,phase4b
2026-08-09T23:28:59.110Z,D3,cc-unified,1.97,29.31,15823.57,NA_HOST_NETWORK,NA_HOST_NETWORK,3649536/372736,phase4b
2026-08-09T23:28:59.110Z,D3,orderer3.example.com,4.91,555.84,15823.57,NA_HOST_NETWORK,NA_HOST_NETWORK,1736704/1703833600,phase4b
2026-08-09T23:28:59.110Z,D3,peer0.org3.example.com,22.89,573.19,15823.57,NA_HOST_NETWORK,NA_HOST_NETWORK,120246272/1787129856,phase4b
2026-08-09T23:28:59.198Z,D4,cc-unified,1.46,26.61,15823.56,NA_HOST_NETWORK,NA_HOST_NETWORK,159744/0,phase4b
2026-08-09T23:28:59.198Z,D4,orderer.example.com,4.82,1149.20,15823.56,NA_HOST_NETWORK,NA_HOST_NETWORK,460144640/1204084736,phase4b
2026-08-09T23:28:59.198Z,D4,peer0.org4.example.com,10.12,857.60,15823.56,NA_HOST_NETWORK,NA_HOST_NETWORK,76492800/1738108928,phase4b
2026-08-09T23:29:00.357Z,D2,cc-unified,0.73,22.35,15914.51,NA_HOST_NETWORK,NA_HOST_NETWORK,1605632/417792,phase4b
2026-08-09T23:29:00.357Z,D2,orderer2.example.com,1.45,466.88,15914.51,NA_HOST_NETWORK,NA_HOST_NETWORK,7970816/1695801344,phase4b
2026-08-09T23:29:00.357Z,D2,peer0.org2.example.com,18.03,523.71,15914.51,NA_HOST_NETWORK,NA_HOST_NETWORK,211570688/2626564096,phase4b
2026-08-09T23:29:01.059Z,D1,cc-unified,2.47,28.57,7815.99,NA_HOST_NETWORK,NA_HOST_NETWORK,618496/0,phase4b
2026-08-09T23:29:01.059Z,D1,HARNESS_bench.js,11.2,147.14,7815.99,NA,NA,threads=11,phase4b
2026-08-09T23:29:01.059Z,D1,peer0.org1.example.com,32.37,589.59,7815.99,NA_HOST_NETWORK,NA_HOST_NETWORK,98066432/1737146368,phase4b
2026-08-09T23:29:01.244Z,D3,cc-unified,3.19,27.86,15823.57,NA_HOST_NETWORK,NA_HOST_NETWORK,3649536/372736,phase4b
2026-08-09T23:29:01.244Z,D3,orderer3.example.com,3.23,555.73,15823.57,NA_HOST_NETWORK,NA_HOST_NETWORK,1736704/1704423424,phase4b
2026-08-09T23:29:01.244Z,D3,peer0.org3.example.com,28.13,572.50,15823.57,NA_HOST_NETWORK,NA_HOST_NETWORK,120246272/1787592704,phase4b
2026-08-09T23:29:01.247Z,D4,cc-unified,3.48,26.31,15823.56,NA_HOST_NETWORK,NA_HOST_NETWORK,159744/0,phase4b
2026-08-09T23:29:01.247Z,D4,orderer.example.com,12.81,1150.22,15823.56,NA_HOST_NETWORK,NA_HOST_NETWORK,460144640/1204895744,phase4b
2026-08-09T23:29:01.247Z,D4,peer0.org4.example.com,28.11,860.16,15823.56,NA_HOST_NETWORK,NA_HOST_NETWORK,76492800/1738575872,phase4b
2026-08-09T23:29:02.444Z,D2,cc-unified,1.38,22.33,15914.51,NA_HOST_NETWORK,NA_HOST_NETWORK,1605632/417792,phase4b
2026-08-09T23:29:02.444Z,D2,orderer2.example.com,1.44,466.94,15914.51,NA_HOST_NETWORK,NA_HOST_NETWORK,7970816/1696096256,phase4b
2026-08-09T23:29:02.444Z,D2,peer0.org2.example.com,14.36,515.44,15914.51,NA_HOST_NETWORK,NA_HOST_NETWORK,211570688/2626818048,phase4b
2026-08-09T23:29:03.200Z,D1,cc-unified,1.52,28.56,7815.99,NA_HOST_NETWORK,NA_HOST_NETWORK,618496/0,phase4b
2026-08-09T23:29:03.200Z,D1,HARNESS_bench.js,19.3,147.14,7815.99,NA,NA,threads=11,phase4b
2026-08-09T23:29:03.200Z,D1,peer0.org1.example.com,40.31,590.70,7815.99,NA_HOST_NETWORK,NA_HOST_NETWORK,98066432/1737654272,phase4b
2026-08-09T23:29:03.298Z,D3,cc-unified,2.53,27.86,15823.57,NA_HOST_NETWORK,NA_HOST_NETWORK,3649536/372736,phase4b
2026-08-09T23:29:03.298Z,D3,orderer3.example.com,4.17,558.14,15823.57,NA_HOST_NETWORK,NA_HOST_NETWORK,1736704/1705291776,phase4b
2026-08-09T23:29:03.298Z,D3,peer0.org3.example.com,30.98,574.67,15823.57,NA_HOST_NETWORK,NA_HOST_NETWORK,120246272/1788289024,phase4b
2026-08-09T23:29:03.366Z,D4,cc-unified,1.19,26.60,15823.56,NA_HOST_NETWORK,NA_HOST_NETWORK,159744/0,phase4b
2026-08-09T23:29:03.366Z,D4,orderer.example.com,4.87,1150.16,15823.56,NA_HOST_NETWORK,NA_HOST_NETWORK,460144640/1205547008,phase4b
2026-08-09T23:29:03.366Z,D4,peer0.org4.example.com,16.94,860.80,15823.56,NA_HOST_NETWORK,NA_HOST_NETWORK,76492800/1739264000,phase4b
2026-08-09T23:29:04.605Z,D2,cc-unified,0.74,22.10,15914.51,NA_HOST_NETWORK,NA_HOST_NETWORK,1605632/417792,phase4b
2026-08-09T23:29:04.605Z,D2,orderer2.example.com,2.53,467.10,15914.51,NA_HOST_NETWORK,NA_HOST_NETWORK,7970816/1696460800,phase4b
2026-08-09T23:29:04.605Z,D2,peer0.org2.example.com,16.14,515.47,15914.51,NA_HOST_NETWORK,NA_HOST_NETWORK,211570688/2627014656,phase4b
2026-08-09T23:29:05.280Z,D1,cc-unified,1.87,28.53,7815.99,NA_HOST_NETWORK,NA_HOST_NETWORK,618496/0,phase4b
2026-08-09T23:29:05.280Z,D1,HARNESS_bench.js,11.7,147.14,7815.99,NA,NA,threads=11,phase4b
2026-08-09T23:29:05.280Z,D1,peer0.org1.example.com,24.38,591.05,7815.99,NA_HOST_NETWORK,NA_HOST_NETWORK,98066432/1738022912,phase4b
2026-08-09T23:29:05.342Z,D3,cc-unified,1.74,27.57,15823.57,NA_HOST_NETWORK,NA_HOST_NETWORK,3649536/372736,phase4b
2026-08-09T23:29:05.342Z,D3,orderer3.example.com,3.41,557.11,15823.57,NA_HOST_NETWORK,NA_HOST_NETWORK,1736704/1705857024,phase4b
2026-08-09T23:29:05.342Z,D3,peer0.org3.example.com,22.99,583.95,15823.57,NA_HOST_NETWORK,NA_HOST_NETWORK,120246272/1788764160,phase4b
2026-08-09T23:29:05.416Z,D4,cc-unified,2.34,26.82,15823.56,NA_HOST_NETWORK,NA_HOST_NETWORK,159744/0,phase4b
2026-08-09T23:29:05.416Z,D4,orderer.example.com,9.85,1150.82,15823.56,NA_HOST_NETWORK,NA_HOST_NETWORK,460144640/1206108160,phase4b
2026-08-09T23:29:05.416Z,D4,peer0.org4.example.com,16.97,860.95,15823.56,NA_HOST_NETWORK,NA_HOST_NETWORK,76492800/1739751424,phase4b
2026-08-09T23:29:06.665Z,D2,cc-unified,0.83,22.10,15914.51,NA_HOST_NETWORK,NA_HOST_NETWORK,1605632/417792,phase4b
2026-08-09T23:29:06.665Z,D2,orderer2.example.com,1.88,468.22,15914.51,NA_HOST_NETWORK,NA_HOST_NETWORK,7970816/1697562624,phase4b
2026-08-09T23:29:06.665Z,D2,peer0.org2.example.com,16.39,515.63,15914.51,NA_HOST_NETWORK,NA_HOST_NETWORK,211570688/2627239936,phase4b
2026-08-09T23:29:07.388Z,D3,cc-unified,1.94,28.79,15823.57,NA_HOST_NETWORK,NA_HOST_NETWORK,3649536/372736,phase4b
2026-08-09T23:29:07.388Z,D3,orderer3.example.com,2.68,558.00,15823.57,NA_HOST_NETWORK,NA_HOST_NETWORK,1736704/1706254336,phase4b
2026-08-09T23:29:07.388Z,D3,peer0.org3.example.com,18.18,574.51,15823.57,NA_HOST_NETWORK,NA_HOST_NETWORK,120246272/1789083648,phase4b
2026-08-09T23:29:07.456Z,D1,cc-unified,2.50,28.41,7815.99,NA_HOST_NETWORK,NA_HOST_NETWORK,618496/0,phase4b
2026-08-09T23:29:07.456Z,D1,HARNESS_bench.js,9.6,147.14,7815.99,NA,NA,threads=11,phase4b
2026-08-09T23:29:07.456Z,D1,peer0.org1.example.com,32.66,590.79,7815.99,NA_HOST_NETWORK,NA_HOST_NETWORK,98066432/1738477568,phase4b
2026-08-09T23:29:07.615Z,D4,cc-unified,2.31,26.62,15823.56,NA_HOST_NETWORK,NA_HOST_NETWORK,159744/0,phase4b
2026-08-09T23:29:07.615Z,D4,orderer.example.com,9.75,1150.66,15823.56,NA_HOST_NETWORK,NA_HOST_NETWORK,460144640/1206505472,phase4b
2026-08-09T23:29:07.615Z,D4,peer0.org4.example.com,18.96,860.79,15823.56,NA_HOST_NETWORK,NA_HOST_NETWORK,76492800/1740066816,phase4b
2026-08-09T23:29:08.750Z,D2,cc-unified,1.96,22.10,15914.51,NA_HOST_NETWORK,NA_HOST_NETWORK,1605632/417792,phase4b
2026-08-09T23:29:08.750Z,D2,orderer2.example.com,1.98,468.36,15914.51,NA_HOST_NETWORK,NA_HOST_NETWORK,7970816/1697972224,phase4b
2026-08-09T23:29:08.750Z,D2,peer0.org2.example.com,13.51,515.79,15914.51,NA_HOST_NETWORK,NA_HOST_NETWORK,211570688/2627436544,phase4b
2026-08-09T23:29:09.501Z,D1,cc-unified,3.08,28.70,7815.99,NA_HOST_NETWORK,NA_HOST_NETWORK,618496/0,phase4b
2026-08-09T23:29:09.501Z,D1,HARNESS_bench.js,16.0,147.39,7815.99,NA,NA,threads=11,phase4b
2026-08-09T23:29:09.501Z,D1,peer0.org1.example.com,33.49,591.78,7815.99,NA_HOST_NETWORK,NA_HOST_NETWORK,98066432/1738924032,phase4b
2026-08-09T23:29:09.550Z,D3,cc-unified,2.54,27.02,15823.57,NA_HOST_NETWORK,NA_HOST_NETWORK,3649536/372736,phase4b
2026-08-09T23:29:09.550Z,D3,orderer3.example.com,2.86,558.04,15823.57,NA_HOST_NETWORK,NA_HOST_NETWORK,1736704/1706901504,phase4b
2026-08-09T23:29:09.550Z,D3,peer0.org3.example.com,25.44,574.75,15823.57,NA_HOST_NETWORK,NA_HOST_NETWORK,120246272/1789607936,phase4b
2026-08-09T23:29:09.668Z,D4,cc-unified,1.25,25.39,15823.56,NA_HOST_NETWORK,NA_HOST_NETWORK,159744/0,phase4b
2026-08-09T23:29:09.668Z,D4,orderer.example.com,4.00,1150.13,15823.56,NA_HOST_NETWORK,NA_HOST_NETWORK,460144640/1207152640,phase4b
2026-08-09T23:29:09.668Z,D4,peer0.org4.example.com,7.80,859.74,15823.56,NA_HOST_NETWORK,NA_HOST_NETWORK,76492800/1740595200,phase4b
2026-08-09T23:29:10.808Z,D2,cc-unified,0.96,22.35,15914.51,NA_HOST_NETWORK,NA_HOST_NETWORK,1605632/417792,phase4b
2026-08-09T23:29:10.808Z,D2,orderer2.example.com,1.41,469.35,15914.51,NA_HOST_NETWORK,NA_HOST_NETWORK,7970816/1698357248,phase4b
2026-08-09T23:29:10.808Z,D2,peer0.org2.example.com,15.05,516.23,15914.51,NA_HOST_NETWORK,NA_HOST_NETWORK,211570688/2627690496,phase4b
2026-08-09T23:29:11.629Z,D1,cc-unified,2.53,28.95,7815.99,NA_HOST_NETWORK,NA_HOST_NETWORK,618496/0,phase4b
2026-08-09T23:29:11.629Z,D1,HARNESS_bench.js,13.2,147.39,7815.99,NA,NA,threads=11,phase4b
2026-08-09T23:29:11.629Z,D1,peer0.org1.example.com,26.05,593.30,7815.99,NA_HOST_NETWORK,NA_HOST_NETWORK,98066432/1739325440,phase4b
2026-08-09T23:29:11.638Z,D3,cc-unified,2.03,28.22,15823.57,NA_HOST_NETWORK,NA_HOST_NETWORK,3649536/372736,phase4b
2026-08-09T23:29:11.638Z,D3,orderer3.example.com,3.40,558.38,15823.57,NA_HOST_NETWORK,NA_HOST_NETWORK,1736704/1707413504,phase4b
2026-08-09T23:29:11.638Z,D3,peer0.org3.example.com,21.90,575.43,15823.57,NA_HOST_NETWORK,NA_HOST_NETWORK,120246272/1790038016,phase4b
2026-08-09T23:29:11.714Z,D4,cc-unified,1.77,27.37,15823.56,NA_HOST_NETWORK,NA_HOST_NETWORK,159744/0,phase4b
2026-08-09T23:29:11.714Z,D4,orderer.example.com,7.81,1151.71,15823.56,NA_HOST_NETWORK,NA_HOST_NETWORK,460144640/1207668736,phase4b
2026-08-09T23:29:11.714Z,D4,peer0.org4.example.com,16.47,861.73,15823.56,NA_HOST_NETWORK,NA_HOST_NETWORK,76492800/1741012992,phase4b
2026-08-09T23:29:12.893Z,D2,cc-unified,0.96,22.33,15914.51,NA_HOST_NETWORK,NA_HOST_NETWORK,1605632/417792,phase4b
2026-08-09T23:29:12.893Z,D2,orderer2.example.com,1.45,468.95,15914.51,NA_HOST_NETWORK,NA_HOST_NETWORK,7970816/1698725888,phase4b
2026-08-09T23:29:12.893Z,D2,peer0.org2.example.com,17.91,515.96,15914.51,NA_HOST_NETWORK,NA_HOST_NETWORK,211570688/2627887104,phase4b
2026-08-09T23:29:13.744Z,D1,cc-unified,1.47,28.71,7815.99,NA_HOST_NETWORK,NA_HOST_NETWORK,618496/0,phase4b
2026-08-09T23:29:13.744Z,D1,HARNESS_bench.js,12.7,147.39,7815.99,NA,NA,threads=11,phase4b
2026-08-09T23:29:13.744Z,D1,peer0.org1.example.com,27.30,593.17,7815.99,NA_HOST_NETWORK,NA_HOST_NETWORK,98066432/1739735040,phase4b
2026-08-09T23:29:13.758Z,D4,cc-unified,1.13,26.89,15823.56,NA_HOST_NETWORK,NA_HOST_NETWORK,159744/0,phase4b
2026-08-09T23:29:13.758Z,D4,orderer.example.com,4.19,1151.79,15823.56,NA_HOST_NETWORK,NA_HOST_NETWORK,460144640/1208135680,phase4b
2026-08-09T23:29:13.758Z,D4,peer0.org4.example.com,9.17,862.39,15823.56,NA_HOST_NETWORK,NA_HOST_NETWORK,76492800/1741377536,phase4b
2026-08-09T23:29:13.799Z,D3,cc-unified,1.74,28.24,15823.57,NA_HOST_NETWORK,NA_HOST_NETWORK,3649536/372736,phase4b
2026-08-09T23:29:13.799Z,D3,orderer3.example.com,2.93,558.55,15823.57,NA_HOST_NETWORK,NA_HOST_NETWORK,1736704/1707905024,phase4b
2026-08-09T23:29:13.799Z,D3,peer0.org3.example.com,22.70,575.86,15823.57,NA_HOST_NETWORK,NA_HOST_NETWORK,120246272/1790423040,phase4b
2026-08-09T23:29:14.972Z,D2,cc-unified,1.09,22.80,15914.51,NA_HOST_NETWORK,NA_HOST_NETWORK,1605632/417792,phase4b
2026-08-09T23:29:14.972Z,D2,orderer2.example.com,1.98,469.90,15914.51,NA_HOST_NETWORK,NA_HOST_NETWORK,7970816/1699217408,phase4b
2026-08-09T23:29:14.972Z,D2,peer0.org2.example.com,12.76,516.25,15914.51,NA_HOST_NETWORK,NA_HOST_NETWORK,211570688/2628149248,phase4b
2026-08-09T23:29:15.795Z,D1,cc-unified,1.59,28.70,7815.99,NA_HOST_NETWORK,NA_HOST_NETWORK,618496/0,phase4b
2026-08-09T23:29:15.795Z,D1,HARNESS_bench.js,14.0,147.41,7815.99,NA,NA,threads=11,phase4b
2026-08-09T23:29:15.795Z,D1,peer0.org1.example.com,20.60,593.88,7815.99,NA_HOST_NETWORK,NA_HOST_NETWORK,98066432/1740075008,phase4b
2026-08-09T23:29:15.807Z,D4,cc-unified,0.76,27.38,15823.56,NA_HOST_NETWORK,NA_HOST_NETWORK,159744/0,phase4b
2026-08-09T23:29:15.807Z,D4,orderer.example.com,4.87,1153.41,15823.56,NA_HOST_NETWORK,NA_HOST_NETWORK,460144640/1208594432,phase4b
2026-08-09T23:29:15.807Z,D4,peer0.org4.example.com,9.47,862.93,15823.56,NA_HOST_NETWORK,NA_HOST_NETWORK,76492800/1741713408,phase4b
2026-08-09T23:29:15.941Z,D3,cc-unified,1.22,28.24,15823.57,NA_HOST_NETWORK,NA_HOST_NETWORK,3649536/372736,phase4b
2026-08-09T23:29:15.941Z,D3,orderer3.example.com,3.34,559.70,15823.57,NA_HOST_NETWORK,NA_HOST_NETWORK,1736704/1708343296,phase4b
2026-08-09T23:29:15.941Z,D3,peer0.org3.example.com,17.44,576.12,15823.57,NA_HOST_NETWORK,NA_HOST_NETWORK,120246272/1790791680,phase4b
2026-08-09T23:29:17.059Z,D2,cc-unified,0.88,22.83,15914.51,NA_HOST_NETWORK,NA_HOST_NETWORK,1605632/417792,phase4b
2026-08-09T23:29:17.059Z,D2,orderer2.example.com,2.20,471.09,15914.51,NA_HOST_NETWORK,NA_HOST_NETWORK,7970816/1700286464,phase4b
2026-08-09T23:29:17.059Z,D2,peer0.org2.example.com,17.23,516.72,15914.51,NA_HOST_NETWORK,NA_HOST_NETWORK,211570688/2628362240,phase4b
2026-08-09T23:29:17.870Z,D1,cc-unified,1.31,27.23,7815.99,NA_HOST_NETWORK,NA_HOST_NETWORK,618496/0,phase4b
2026-08-09T23:29:17.870Z,D1,HARNESS_bench.js,8.3,147.41,7815.99,NA,NA,threads=11,phase4b
2026-08-09T23:29:17.870Z,D1,peer0.org1.example.com,21.62,592.76,7815.99,NA_HOST_NETWORK,NA_HOST_NETWORK,98066432/1740386304,phase4b
2026-08-09T23:29:17.949Z,D4,cc-unified,1.37,26.13,15823.56,NA_HOST_NETWORK,NA_HOST_NETWORK,159744/0,phase4b
2026-08-09T23:29:17.949Z,D4,orderer.example.com,9.23,1153.86,15823.56,NA_HOST_NETWORK,NA_HOST_NETWORK,460144640/1209016320,phase4b
2026-08-09T23:29:17.949Z,D4,peer0.org4.example.com,18.48,861.26,15823.56,NA_HOST_NETWORK,NA_HOST_NETWORK,76492800/1742147584,phase4b
2026-08-09T23:29:18.103Z,D3,cc-unified,0.84,27.01,15823.57,NA_HOST_NETWORK,NA_HOST_NETWORK,3649536/372736,phase4b
2026-08-09T23:29:18.103Z,D3,orderer3.example.com,3.14,559.85,15823.57,NA_HOST_NETWORK,NA_HOST_NETWORK,1736704/1708765184,phase4b
2026-08-09T23:29:18.103Z,D3,peer0.org3.example.com,16.43,576.41,15823.57,NA_HOST_NETWORK,NA_HOST_NETWORK,120246272/1791164416,phase4b
2026-08-09T23:29:19.145Z,D2,cc-unified,0.40,22.36,15914.51,NA_HOST_NETWORK,NA_HOST_NETWORK,1605632/417792,phase4b
2026-08-09T23:29:19.145Z,D2,orderer2.example.com,1.60,471.30,15914.51,NA_HOST_NETWORK,NA_HOST_NETWORK,7970816/1700634624,phase4b
2026-08-09T23:29:19.145Z,D2,peer0.org2.example.com,15.98,525.20,15914.51,NA_HOST_NETWORK,NA_HOST_NETWORK,211570688/2628632576,phase4b
2026-08-09T23:29:19.930Z,D1,cc-unified,2.28,27.90,7815.99,NA_HOST_NETWORK,NA_HOST_NETWORK,618496/0,phase4b
2026-08-09T23:29:19.930Z,D1,HARNESS_bench.js,12.8,147.41,7815.99,NA,NA,threads=11,phase4b
2026-08-09T23:29:19.930Z,D1,peer0.org1.example.com,25.56,593.88,7815.99,NA_HOST_NETWORK,NA_HOST_NETWORK,98066432/1740763136,phase4b
2026-08-09T23:29:20.076Z,D4,cc-unified,1.87,26.64,15823.56,NA_HOST_NETWORK,NA_HOST_NETWORK,159744/0,phase4b
2026-08-09T23:29:20.076Z,D4,orderer.example.com,7.46,1155.07,15823.56,NA_HOST_NETWORK,NA_HOST_NETWORK,460144640/1209389056,phase4b
2026-08-09T23:29:20.076Z,D4,peer0.org4.example.com,14.44,862.21,15823.56,NA_HOST_NETWORK,NA_HOST_NETWORK,76492800/1742446592,phase4b
2026-08-09T23:29:20.257Z,D3,cc-unified,1.46,28.71,15823.57,NA_HOST_NETWORK,NA_HOST_NETWORK,3649536/372736,phase4b
2026-08-09T23:29:20.257Z,D3,orderer3.example.com,3.48,559.90,15823.57,NA_HOST_NETWORK,NA_HOST_NETWORK,1736704/1709133824,phase4b
2026-08-09T23:29:20.257Z,D3,peer0.org3.example.com,16.96,576.55,15823.57,NA_HOST_NETWORK,NA_HOST_NETWORK,120246272/1791496192,phase4b
2026-08-09T23:29:21.228Z,D2,cc-unified,0.87,22.35,15914.51,NA_HOST_NETWORK,NA_HOST_NETWORK,1605632/417792,phase4b
2026-08-09T23:29:21.228Z,D2,orderer2.example.com,1.34,471.75,15914.51,NA_HOST_NETWORK,NA_HOST_NETWORK,7970816/1700990976,phase4b
2026-08-09T23:29:21.228Z,D2,peer0.org2.example.com,14.14,516.77,15914.51,NA_HOST_NETWORK,NA_HOST_NETWORK,211570688/2628882432,phase4b
2026-08-09T23:29:22.043Z,D1,cc-unified,2.67,28.29,7815.99,NA_HOST_NETWORK,NA_HOST_NETWORK,618496/0,phase4b
2026-08-09T23:29:22.043Z,D1,HARNESS_bench.js,15.3,147.52,7815.99,NA,NA,threads=11,phase4b
2026-08-09T23:29:22.043Z,D1,peer0.org1.example.com,36.77,593.53,7815.99,NA_HOST_NETWORK,NA_HOST_NETWORK,98066432/1741180928,phase4b
2026-08-09T23:29:22.123Z,D4,cc-unified,0.53,26.39,15823.56,NA_HOST_NETWORK,NA_HOST_NETWORK,159744/0,phase4b
2026-08-09T23:29:22.123Z,D4,orderer.example.com,5.68,1159.62,15823.56,NA_HOST_NETWORK,NA_HOST_NETWORK,460144640/1209892864,phase4b
2026-08-09T23:29:22.123Z,D4,peer0.org4.example.com,9.85,862.91,15823.56,NA_HOST_NETWORK,NA_HOST_NETWORK,76492800/1742876672,phase4b
2026-08-09T23:29:22.322Z,D3,cc-unified,1.25,28.45,15823.57,NA_HOST_NETWORK,NA_HOST_NETWORK,3649536/372736,phase4b
2026-08-09T23:29:22.322Z,D3,orderer3.example.com,3.27,559.75,15823.57,NA_HOST_NETWORK,NA_HOST_NETWORK,1736704/1709641728,phase4b
2026-08-09T23:29:22.322Z,D3,peer0.org3.example.com,20.34,575.19,15823.57,NA_HOST_NETWORK,NA_HOST_NETWORK,120246272/1791889408,phase4b
2026-08-09T23:29:23.313Z,D2,cc-unified,1.42,22.09,15914.51,NA_HOST_NETWORK,NA_HOST_NETWORK,1605632/417792,phase4b
2026-08-09T23:29:23.313Z,D2,orderer2.example.com,2.22,472.04,15914.51,NA_HOST_NETWORK,NA_HOST_NETWORK,7970816/1701781504,phase4b
2026-08-09T23:29:23.313Z,D2,peer0.org2.example.com,14.81,516.76,15914.51,NA_HOST_NETWORK,NA_HOST_NETWORK,211570688/2629083136,phase4b
2026-08-09T23:29:24.136Z,D1,cc-unified,1.44,28.55,7815.99,NA_HOST_NETWORK,NA_HOST_NETWORK,618496/0,phase4b
2026-08-09T23:29:24.136Z,D1,HARNESS_bench.js,13.8,147.67,7815.99,NA,NA,threads=11,phase4b
2026-08-09T23:29:24.136Z,D1,peer0.org1.example.com,24.60,594.68,7815.99,NA_HOST_NETWORK,NA_HOST_NETWORK,98066432/1741664256,phase4b
2026-08-09T23:29:24.207Z,D4,cc-unified,2.65,25.40,15823.56,NA_HOST_NETWORK,NA_HOST_NETWORK,159744/0,phase4b
2026-08-09T23:29:24.207Z,D4,orderer.example.com,12.62,1159.45,15823.56,NA_HOST_NETWORK,NA_HOST_NETWORK,460144640/1210486784,phase4b
2026-08-09T23:29:24.207Z,D4,peer0.org4.example.com,17.79,863.07,15823.56,NA_HOST_NETWORK,NA_HOST_NETWORK,76492800/1743249408,phase4b
2026-08-09T23:29:24.414Z,D3,cc-unified,1.89,26.77,15823.57,NA_HOST_NETWORK,NA_HOST_NETWORK,3649536/372736,phase4b
2026-08-09T23:29:24.414Z,D3,orderer3.example.com,3.53,560.06,15823.57,NA_HOST_NETWORK,NA_HOST_NETWORK,1736704/1710276608,phase4b
2026-08-09T23:29:24.414Z,D3,peer0.org3.example.com,27.14,577.25,15823.57,NA_HOST_NETWORK,NA_HOST_NETWORK,120246272/1792389120,phase4b
2026-08-09T23:29:25.455Z,D2,cc-unified,1.40,22.33,15914.51,NA_HOST_NETWORK,NA_HOST_NETWORK,1605632/417792,phase4b
2026-08-09T23:29:25.455Z,D2,orderer2.example.com,2.03,472.84,15914.51,NA_HOST_NETWORK,NA_HOST_NETWORK,7970816/1702211584,phase4b
2026-08-09T23:29:25.455Z,D2,peer0.org2.example.com,19.71,516.93,15914.51,NA_HOST_NETWORK,NA_HOST_NETWORK,211570688/2629324800,phase4b
2026-08-09T23:29:26.232Z,D1,cc-unified,1.46,27.83,7815.99,NA_HOST_NETWORK,NA_HOST_NETWORK,618496/0,phase4b
2026-08-09T23:29:26.232Z,D1,HARNESS_bench.js,12.6,147.68,7815.99,NA,NA,threads=11,phase4b
2026-08-09T23:29:26.232Z,D1,peer0.org1.example.com,28.46,595.26,7815.99,NA_HOST_NETWORK,NA_HOST_NETWORK,98066432/1742163968,phase4b
2026-08-09T23:29:26.273Z,D4,cc-unified,1.40,26.30,15823.56,NA_HOST_NETWORK,NA_HOST_NETWORK,159744/0,phase4b
2026-08-09T23:29:26.273Z,D4,orderer.example.com,3.77,1159.70,15823.56,NA_HOST_NETWORK,NA_HOST_NETWORK,460144640/1211133952,phase4b
2026-08-09T23:29:26.273Z,D4,peer0.org4.example.com,11.48,863.10,15823.56,NA_HOST_NETWORK,NA_HOST_NETWORK,76492800/1743880192,phase4b
2026-08-09T23:29:26.518Z,D3,cc-unified,2.22,28.54,15823.57,NA_HOST_NETWORK,NA_HOST_NETWORK,3649536/372736,phase4b
2026-08-09T23:29:26.518Z,D3,orderer3.example.com,5.50,499.28,15823.57,NA_HOST_NETWORK,NA_HOST_NETWORK,1736704/1711017984,phase4b
2026-08-09T23:29:26.518Z,D3,peer0.org3.example.com,26.34,576.83,15823.57,NA_HOST_NETWORK,NA_HOST_NETWORK,120246272/1792974848,phase4b
2026-08-09T23:29:27.521Z,D2,cc-unified,1.28,22.57,15914.51,NA_HOST_NETWORK,NA_HOST_NETWORK,1605632/417792,phase4b
2026-08-09T23:29:27.521Z,D2,orderer2.example.com,1.45,473.07,15914.51,NA_HOST_NETWORK,NA_HOST_NETWORK,7970816/1702592512,phase4b
2026-08-09T23:29:27.521Z,D2,peer0.org2.example.com,12.58,517.30,15914.51,NA_HOST_NETWORK,NA_HOST_NETWORK,211570688/2629521408,phase4b
2026-08-09T23:29:28.455Z,D4,cc-unified,0.86,26.78,15823.56,NA_HOST_NETWORK,NA_HOST_NETWORK,159744/0,phase4b
2026-08-09T23:29:28.455Z,D4,orderer.example.com,4.99,1161.19,15823.56,NA_HOST_NETWORK,NA_HOST_NETWORK,460144640/1211736064,phase4b
2026-08-09T23:29:28.455Z,D4,peer0.org4.example.com,9.93,864.13,15823.56,NA_HOST_NETWORK,NA_HOST_NETWORK,76492800/1744338944,phase4b
2026-08-09T23:29:28.514Z,D1,cc-unified,2.34,27.57,7815.99,NA_HOST_NETWORK,NA_HOST_NETWORK,618496/0,phase4b
2026-08-09T23:29:28.514Z,D1,HARNESS_bench.js,11.9,147.70,7815.99,NA,NA,threads=11,phase4b
2026-08-09T23:29:28.514Z,D1,peer0.org1.example.com,23.34,595.04,7815.99,NA_HOST_NETWORK,NA_HOST_NETWORK,98066432/1742540800,phase4b
2026-08-09T23:29:28.665Z,D3,cc-unified,1.86,26.80,15823.57,NA_HOST_NETWORK,NA_HOST_NETWORK,3649536/372736,phase4b
2026-08-09T23:29:28.665Z,D3,orderer3.example.com,2.85,498.60,15823.57,NA_HOST_NETWORK,NA_HOST_NETWORK,1736704/1711476736,phase4b
2026-08-09T23:29:28.665Z,D3,peer0.org3.example.com,20.30,576.75,15823.57,NA_HOST_NETWORK,NA_HOST_NETWORK,120246272/1793355776,phase4b
2026-08-09T23:29:29.594Z,D2,cc-unified,0.52,22.34,15914.51,NA_HOST_NETWORK,NA_HOST_NETWORK,1605632/417792,phase4b
2026-08-09T23:29:29.594Z,D2,orderer2.example.com,5.13,476.79,15914.51,NA_HOST_NETWORK,NA_HOST_NETWORK,7979008/1703251968,phase4b
2026-08-09T23:29:29.594Z,D2,peer0.org2.example.com,15.73,517.68,15914.51,NA_HOST_NETWORK,NA_HOST_NETWORK,211570688/2629804032,phase4b
2026-08-09T23:29:30.537Z,D4,cc-unified,0.59,27.76,15823.56,NA_HOST_NETWORK,NA_HOST_NETWORK,159744/0,phase4b
2026-08-09T23:29:30.537Z,D4,orderer.example.com,7.85,1166.11,15823.56,NA_HOST_NETWORK,NA_HOST_NETWORK,460144640/1211953152,phase4b
2026-08-09T23:29:30.537Z,D4,peer0.org4.example.com,7.77,863.98,15823.56,NA_HOST_NETWORK,NA_HOST_NETWORK,76492800/1744543744,phase4b
2026-08-09T23:29:30.641Z,D1,cc-unified,1.44,28.81,7815.99,NA_HOST_NETWORK,NA_HOST_NETWORK,618496/0,phase4b
2026-08-09T23:29:30.641Z,D1,HARNESS_bench.js,7.6,147.70,7815.99,NA,NA,threads=11,phase4b
2026-08-09T23:29:30.641Z,D1,peer0.org1.example.com,18.51,596.64,7815.99,NA_HOST_NETWORK,NA_HOST_NETWORK,98066432/1742827520,phase4b
2026-08-09T23:29:30.984Z,D3,cc-unified,1.48,28.79,15823.57,NA_HOST_NETWORK,NA_HOST_NETWORK,3649536/372736,phase4b
2026-08-09T23:29:30.984Z,D3,orderer3.example.com,2.92,499.59,15823.57,NA_HOST_NETWORK,NA_HOST_NETWORK,1736704/1711812608,phase4b
2026-08-09T23:29:30.984Z,D3,peer0.org3.example.com,15.58,577.46,15823.57,NA_HOST_NETWORK,NA_HOST_NETWORK,120246272/1793650688,phase4b
2026-08-09T23:29:31.680Z,D2,cc-unified,0.69,22.09,15914.51,NA_HOST_NETWORK,NA_HOST_NETWORK,1605632/417792,phase4b
2026-08-09T23:29:31.680Z,D2,orderer2.example.com,3.56,477.62,15914.51,NA_HOST_NETWORK,NA_HOST_NETWORK,8413184/1703841792,phase4b
2026-08-09T23:29:31.680Z,D2,peer0.org2.example.com,16.80,526.04,15914.51,NA_HOST_NETWORK,NA_HOST_NETWORK,211570688/2630103040,phase4b
2026-08-09T23:29:32.633Z,D4,cc-unified,1.80,26.02,15823.56,NA_HOST_NETWORK,NA_HOST_NETWORK,159744/0,phase4b
2026-08-09T23:29:32.633Z,D4,orderer.example.com,11.01,1167.27,15823.56,NA_HOST_NETWORK,NA_HOST_NETWORK,460144640/1212506112,phase4b
2026-08-09T23:29:32.633Z,D4,peer0.org4.example.com,23.43,864.70,15823.56,NA_HOST_NETWORK,NA_HOST_NETWORK,76492800/1745006592,phase4b
2026-08-09T23:29:32.757Z,D1,cc-unified,1.52,28.33,7815.99,NA_HOST_NETWORK,NA_HOST_NETWORK,618496/0,phase4b
2026-08-09T23:29:32.757Z,D1,HARNESS_bench.js,10.6,147.94,7815.99,NA,NA,threads=11,phase4b
2026-08-09T23:29:32.757Z,D1,peer0.org1.example.com,29.20,597.10,7815.99,NA_HOST_NETWORK,NA_HOST_NETWORK,98066432/1743249408,phase4b
2026-08-09T23:29:33.087Z,D3,cc-unified,2.63,27.58,15823.57,NA_HOST_NETWORK,NA_HOST_NETWORK,3649536/372736,phase4b
2026-08-09T23:29:33.087Z,D3,orderer3.example.com,3.42,499.71,15823.57,NA_HOST_NETWORK,NA_HOST_NETWORK,1736704/1712410624,phase4b
2026-08-09T23:29:33.087Z,D3,peer0.org3.example.com,25.37,578.24,15823.57,NA_HOST_NETWORK,NA_HOST_NETWORK,120246272/1794146304,phase4b
2026-08-09T23:29:33.814Z,D2,cc-unified,0.65,22.57,15914.51,NA_HOST_NETWORK,NA_HOST_NETWORK,1605632/425984,phase4b
2026-08-09T23:29:33.814Z,D2,orderer2.example.com,1.71,470.81,15914.51,NA_HOST_NETWORK,NA_HOST_NETWORK,8413184/1704226816,phase4b
2026-08-09T23:29:33.814Z,D2,peer0.org2.example.com,9.30,509.85,15914.51,NA_HOST_NETWORK,NA_HOST_NETWORK,211570688/2630275072,phase4b
2026-08-09T23:29:34.744Z,D4,cc-unified,0.83,26.33,15823.56,NA_HOST_NETWORK,NA_HOST_NETWORK,159744/0,phase4b
2026-08-09T23:29:34.744Z,D4,orderer.example.com,2.71,1167.09,15823.56,NA_HOST_NETWORK,NA_HOST_NETWORK,460144640/1212923904,phase4b
2026-08-09T23:29:34.744Z,D4,peer0.org4.example.com,5.88,863.60,15823.56,NA_HOST_NETWORK,NA_HOST_NETWORK,76492800/1745342464,phase4b
2026-08-09T23:29:34.827Z,D1,cc-unified,1.56,27.39,7815.99,NA_HOST_NETWORK,NA_HOST_NETWORK,618496/0,phase4b
2026-08-09T23:29:34.827Z,D1,HARNESS_bench.js,9.2,148.04,7815.99,NA,NA,threads=11,phase4b
2026-08-09T23:29:34.827Z,D1,peer0.org1.example.com,28.42,596.82,7815.99,NA_HOST_NETWORK,NA_HOST_NETWORK,98066432/1743699968,phase4b
2026-08-09T23:29:35.250Z,D3,cc-unified,1.78,28.27,15823.57,NA_HOST_NETWORK,NA_HOST_NETWORK,3649536/372736,phase4b
2026-08-09T23:29:35.250Z,D3,orderer3.example.com,2.99,499.98,15823.57,NA_HOST_NETWORK,NA_HOST_NETWORK,1736704/1712947200,phase4b
2026-08-09T23:29:35.250Z,D3,peer0.org3.example.com,18.20,578.52,15823.57,NA_HOST_NETWORK,NA_HOST_NETWORK,120246272/1794580480,phase4b
2026-08-09T23:29:36.142Z,D2,cc-unified,1.12,22.31,15914.51,NA_HOST_NETWORK,NA_HOST_NETWORK,1605632/425984,phase4b
2026-08-09T23:29:36.142Z,D2,orderer2.example.com,1.45,470.90,15914.51,NA_HOST_NETWORK,NA_HOST_NETWORK,8413184/1704448000,phase4b
2026-08-09T23:29:36.142Z,D2,peer0.org2.example.com,16.00,509.79,15914.51,NA_HOST_NETWORK,NA_HOST_NETWORK,211570688/2630488064,phase4b
2026-08-09T23:29:36.889Z,D4,cc-unified,2.84,26.59,15823.56,NA_HOST_NETWORK,NA_HOST_NETWORK,159744/0,phase4b
2026-08-09T23:29:36.889Z,D4,orderer.example.com,9.65,1168.04,15823.56,NA_HOST_NETWORK,NA_HOST_NETWORK,460144640/1213440000,phase4b
2026-08-09T23:29:36.889Z,D4,peer0.org4.example.com,19.65,865.02,15823.56,NA_HOST_NETWORK,NA_HOST_NETWORK,76492800/1745698816,phase4b
2026-08-09T23:29:36.890Z,D1,cc-unified,2.38,27.64,7815.99,NA_HOST_NETWORK,NA_HOST_NETWORK,618496/0,phase4b
2026-08-09T23:29:36.890Z,D1,HARNESS_bench.js,12.7,148.19,7815.99,NA,NA,threads=11,phase4b
2026-08-09T23:29:36.890Z,D1,peer0.org1.example.com,28.25,597.57,7815.99,NA_HOST_NETWORK,NA_HOST_NETWORK,98066432/1744039936,phase4b
2026-08-09T23:29:37.418Z,D3,cc-unified,1.39,26.91,15823.57,NA_HOST_NETWORK,NA_HOST_NETWORK,3649536/372736,phase4b
2026-08-09T23:29:37.418Z,D3,orderer3.example.com,2.52,500.44,15823.57,NA_HOST_NETWORK,NA_HOST_NETWORK,1736704/1713385472,phase4b
2026-08-09T23:29:37.418Z,D3,peer0.org3.example.com,15.67,577.14,15823.57,NA_HOST_NETWORK,NA_HOST_NETWORK,120246272/1794936832,phase4b
2026-08-09T23:29:38.212Z,D2,cc-unified,0.66,22.31,15914.51,NA_HOST_NETWORK,NA_HOST_NETWORK,1605632/425984,phase4b
2026-08-09T23:29:38.212Z,D2,orderer2.example.com,1.23,471.24,15914.51,NA_HOST_NETWORK,NA_HOST_NETWORK,8413184/1704878080,phase4b
2026-08-09T23:29:38.212Z,D2,peer0.org2.example.com,11.33,517.88,15914.51,NA_HOST_NETWORK,NA_HOST_NETWORK,211570688/2630582272,phase4b
2026-08-09T23:29:38.939Z,D1,cc-unified,1.44,28.34,7815.99,NA_HOST_NETWORK,NA_HOST_NETWORK,618496/0,phase4b
2026-08-09T23:29:38.939Z,D1,HARNESS_bench.js,12.6,148.21,7815.99,NA,NA,threads=11,phase4b
2026-08-09T23:29:38.939Z,D1,peer0.org1.example.com,26.04,597.39,7815.99,NA_HOST_NETWORK,NA_HOST_NETWORK,98066432/1744498688,phase4b
2026-08-09T23:29:39.038Z,D4,cc-unified,1.50,26.59,15823.56,NA_HOST_NETWORK,NA_HOST_NETWORK,159744/0,phase4b
2026-08-09T23:29:39.038Z,D4,orderer.example.com,8.43,1168.78,15823.56,NA_HOST_NETWORK,NA_HOST_NETWORK,460144640/1214119936,phase4b
2026-08-09T23:29:39.038Z,D4,peer0.org4.example.com,19.11,865.12,15823.56,NA_HOST_NETWORK,NA_HOST_NETWORK,76492800/1746305024,phase4b
2026-08-09T23:29:39.582Z,D3,cc-unified,2.23,28.88,15823.57,NA_HOST_NETWORK,NA_HOST_NETWORK,3649536/372736,phase4b
2026-08-09T23:29:39.582Z,D3,orderer3.example.com,3.42,501.15,15823.57,NA_HOST_NETWORK,NA_HOST_NETWORK,1736704/1713930240,phase4b
2026-08-09T23:29:39.582Z,D3,peer0.org3.example.com,22.14,580.77,15823.57,NA_HOST_NETWORK,NA_HOST_NETWORK,120246272/1795387392,phase4b
2026-08-09T23:29:40.297Z,D2,cc-unified,1.13,22.76,15914.51,NA_HOST_NETWORK,NA_HOST_NETWORK,1605632/425984,phase4b
2026-08-09T23:29:40.297Z,D2,orderer2.example.com,1.97,472.23,15914.51,NA_HOST_NETWORK,NA_HOST_NETWORK,8413184/1705328640,phase4b
2026-08-09T23:29:40.297Z,D2,peer0.org2.example.com,12.33,510.11,15914.51,NA_HOST_NETWORK,NA_HOST_NETWORK,211570688/2630778880,phase4b
2026-08-09T23:29:41.077Z,D1,cc-unified,1.97,28.18,7815.99,NA_HOST_NETWORK,NA_HOST_NETWORK,618496/0,phase4b
2026-08-09T23:29:41.077Z,D1,HARNESS_bench.js,10.1,148.21,7815.99,NA,NA,threads=11,phase4b
2026-08-09T23:29:41.077Z,D1,peer0.org1.example.com,23.87,598.18,7815.99,NA_HOST_NETWORK,NA_HOST_NETWORK,98066432/1744904192,phase4b
2026-08-09T23:29:41.094Z,D4,cc-unified,0.96,26.90,15823.56,NA_HOST_NETWORK,NA_HOST_NETWORK,159744/0,phase4b
2026-08-09T23:29:41.094Z,D4,orderer.example.com,3.43,1168.96,15823.56,NA_HOST_NETWORK,NA_HOST_NETWORK,460144640/1214578688,phase4b
2026-08-09T23:29:41.094Z,D4,peer0.org4.example.com,6.67,864.70,15823.56,NA_HOST_NETWORK,NA_HOST_NETWORK,76492800/1746681856,phase4b
2026-08-09T23:29:41.627Z,D3,cc-unified,4.66,28.13,15823.57,NA_HOST_NETWORK,NA_HOST_NETWORK,3649536/372736,phase4b
2026-08-09T23:29:41.627Z,D3,orderer3.example.com,3.47,501.24,15823.57,NA_HOST_NETWORK,NA_HOST_NETWORK,1736704/1714438144,phase4b
2026-08-09T23:29:41.627Z,D3,peer0.org3.example.com,22.77,584.50,15823.57,NA_HOST_NETWORK,NA_HOST_NETWORK,120246272/1795805184,phase4b
2026-08-09T23:29:42.375Z,D2,cc-unified,1.89,22.69,15914.51,NA_HOST_NETWORK,NA_HOST_NETWORK,1605632/425984,phase4b
2026-08-09T23:29:42.375Z,D2,orderer2.example.com,2.65,409.21,15914.51,NA_HOST_NETWORK,NA_HOST_NETWORK,8413184/1706049536,phase4b
2026-08-09T23:29:42.375Z,D2,peer0.org2.example.com,12.75,509.79,15914.51,NA_HOST_NETWORK,NA_HOST_NETWORK,211570688/2630881280,phase4b
2026-08-09T23:29:43.161Z,D1,cc-unified,1.32,27.95,7815.99,NA_HOST_NETWORK,NA_HOST_NETWORK,618496/0,phase4b
2026-08-09T23:29:43.161Z,D1,HARNESS_bench.js,12.7,148.21,7815.99,NA,NA,threads=11,phase4b
2026-08-09T23:29:43.161Z,D1,peer0.org1.example.com,22.18,599.35,7815.99,NA_HOST_NETWORK,NA_HOST_NETWORK,98066432/1745240064,phase4b
2026-08-09T23:29:43.231Z,D4,cc-unified,2.64,26.46,15823.56,NA_HOST_NETWORK,NA_HOST_NETWORK,159744/0,phase4b
2026-08-09T23:29:43.231Z,D4,orderer.example.com,7.53,1169.68,15823.56,NA_HOST_NETWORK,NA_HOST_NETWORK,460144640/1214988288,phase4b
2026-08-09T23:29:43.231Z,D4,peer0.org4.example.com,15.13,865.88,15823.56,NA_HOST_NETWORK,NA_HOST_NETWORK,76492800/1747050496,phase4b
2026-08-09T23:29:43.675Z,D3,cc-unified,1.81,27.94,15823.57,NA_HOST_NETWORK,NA_HOST_NETWORK,3649536/372736,phase4b
2026-08-09T23:29:43.675Z,D3,orderer3.example.com,3.35,501.53,15823.57,NA_HOST_NETWORK,NA_HOST_NETWORK,1736704/1714806784,phase4b
2026-08-09T23:29:43.675Z,D3,peer0.org3.example.com,21.19,579.75,15823.57,NA_HOST_NETWORK,NA_HOST_NETWORK,120246272/1796141056,phase4b
2026-08-09T23:29:44.453Z,D2,cc-unified,0.90,22.89,15914.51,NA_HOST_NETWORK,NA_HOST_NETWORK,1605632/425984,phase4b
2026-08-09T23:29:44.453Z,D2,orderer2.example.com,1.78,409.84,15914.51,NA_HOST_NETWORK,NA_HOST_NETWORK,8413184/1706385408,phase4b
2026-08-09T23:29:44.453Z,D2,peer0.org2.example.com,17.72,518.26,15914.51,NA_HOST_NETWORK,NA_HOST_NETWORK,211570688/2631077888,phase4b
2026-08-09T23:29:45.285Z,D1,cc-unified,1.86,27.45,7815.99,NA_HOST_NETWORK,NA_HOST_NETWORK,618496/0,phase4b
2026-08-09T23:29:45.285Z,D1,HARNESS_bench.js,8.4,148.21,7815.99,NA,NA,threads=11,phase4b
2026-08-09T23:29:45.285Z,D1,peer0.org1.example.com,34.56,599.75,7815.99,NA_HOST_NETWORK,NA_HOST_NETWORK,98066432/1745674240,phase4b
2026-08-09T23:29:45.303Z,D4,cc-unified,1.42,25.49,15823.56,NA_HOST_NETWORK,NA_HOST_NETWORK,159744/0,phase4b
2026-08-09T23:29:45.303Z,D4,orderer.example.com,6.40,1170.19,15823.56,NA_HOST_NETWORK,NA_HOST_NETWORK,460144640/1215361024,phase4b
2026-08-09T23:29:45.303Z,D4,peer0.org4.example.com,13.84,865.12,15823.56,NA_HOST_NETWORK,NA_HOST_NETWORK,76492800/1747361792,phase4b
2026-08-09T23:29:45.721Z,D3,cc-unified,1.56,28.21,15823.57,NA_HOST_NETWORK,NA_HOST_NETWORK,3649536/372736,phase4b
2026-08-09T23:29:45.721Z,D3,orderer3.example.com,2.74,501.51,15823.57,NA_HOST_NETWORK,NA_HOST_NETWORK,1736704/1715257344,phase4b
2026-08-09T23:29:45.721Z,D3,peer0.org3.example.com,16.81,579.02,15823.57,NA_HOST_NETWORK,NA_HOST_NETWORK,120246272/1796501504,phase4b
2026-08-09T23:29:46.594Z,D2,cc-unified,0.84,23.31,15914.51,NA_HOST_NETWORK,NA_HOST_NETWORK,1605632/425984,phase4b
2026-08-09T23:29:46.594Z,D2,orderer2.example.com,2.00,410.78,15914.51,NA_HOST_NETWORK,NA_HOST_NETWORK,8413184/1707057152,phase4b
2026-08-09T23:29:46.594Z,D2,peer0.org2.example.com,9.38,509.49,15914.51,NA_HOST_NETWORK,NA_HOST_NETWORK,211570688/2631299072,phase4b
2026-08-09T23:29:47.420Z,D4,cc-unified,0.63,26.24,15823.56,NA_HOST_NETWORK,NA_HOST_NETWORK,159744/0,phase4b
2026-08-09T23:29:47.420Z,D4,orderer.example.com,3.51,1170.63,15823.56,NA_HOST_NETWORK,NA_HOST_NETWORK,460144640/1215901696,phase4b
2026-08-09T23:29:47.420Z,D4,peer0.org4.example.com,7.37,866.76,15823.56,NA_HOST_NETWORK,NA_HOST_NETWORK,76492800/1747828736,phase4b
2026-08-09T23:29:47.429Z,D1,cc-unified,1.29,28.44,7815.99,NA_HOST_NETWORK,NA_HOST_NETWORK,618496/0,phase4b
2026-08-09T23:29:47.429Z,D1,HARNESS_bench.js,12.3,148.21,7815.99,NA,NA,threads=11,phase4b
2026-08-09T23:29:47.429Z,D1,peer0.org1.example.com,25.51,599.81,7815.99,NA_HOST_NETWORK,NA_HOST_NETWORK,98066432/1746063360,phase4b
2026-08-09T23:29:47.768Z,D3,cc-unified,2.10,28.95,15823.57,NA_HOST_NETWORK,NA_HOST_NETWORK,3649536/372736,phase4b
2026-08-09T23:29:47.768Z,D3,orderer3.example.com,3.94,502.73,15823.57,NA_HOST_NETWORK,NA_HOST_NETWORK,1736704/1715793920,phase4b
2026-08-09T23:29:47.768Z,D3,peer0.org3.example.com,21.54,586.51,15823.57,NA_HOST_NETWORK,NA_HOST_NETWORK,120246272/1796968448,phase4b
2026-08-09T23:29:48.653Z,D2,cc-unified,0.91,23.93,15914.51,NA_HOST_NETWORK,NA_HOST_NETWORK,1605632/425984,phase4b
2026-08-09T23:29:48.653Z,D2,orderer2.example.com,2.23,411.03,15914.51,NA_HOST_NETWORK,NA_HOST_NETWORK,8413184/1707634688,phase4b
2026-08-09T23:29:48.653Z,D2,peer0.org2.example.com,17.42,509.18,15914.51,NA_HOST_NETWORK,NA_HOST_NETWORK,211570688/2631557120,phase4b
2026-08-09T23:29:49.575Z,D1,cc-unified,1.64,26.71,7815.99,NA_HOST_NETWORK,NA_HOST_NETWORK,618496/0,phase4b
2026-08-09T23:29:49.575Z,D1,HARNESS_bench.js,8.6,148.36,7815.99,NA,NA,threads=11,phase4b
2026-08-09T23:29:49.575Z,D1,peer0.org1.example.com,29.96,598.40,7815.99,NA_HOST_NETWORK,NA_HOST_NETWORK,98066432/1746505728,phase4b
2026-08-09T23:29:49.601Z,D4,cc-unified,1.54,24.99,15823.56,NA_HOST_NETWORK,NA_HOST_NETWORK,159744/0,phase4b
2026-08-09T23:29:49.601Z,D4,orderer.example.com,7.65,1169.45,15823.56,NA_HOST_NETWORK,NA_HOST_NETWORK,460144640/1216237568,phase4b
2026-08-09T23:29:49.601Z,D4,peer0.org4.example.com,14.19,865.19,15823.56,NA_HOST_NETWORK,NA_HOST_NETWORK,76492800/1748140032,phase4b
2026-08-09T23:29:49.820Z,D3,cc-unified,0.61,26.97,15823.57,NA_HOST_NETWORK,NA_HOST_NETWORK,3649536/372736,phase4b
2026-08-09T23:29:49.820Z,D3,orderer3.example.com,2.74,501.48,15823.57,NA_HOST_NETWORK,NA_HOST_NETWORK,1736704/1715982336,phase4b
2026-08-09T23:29:49.820Z,D3,peer0.org3.example.com,14.96,587.88,15823.57,NA_HOST_NETWORK,NA_HOST_NETWORK,120246272/1797152768,phase4b
2026-08-09T23:29:50.713Z,D2,cc-unified,0.00,23.70,15914.51,NA_HOST_NETWORK,NA_HOST_NETWORK,1605632/425984,phase4b
2026-08-09T23:29:50.713Z,D2,orderer2.example.com,1.27,411.58,15914.51,NA_HOST_NETWORK,NA_HOST_NETWORK,8413184/1707933696,phase4b
2026-08-09T23:29:50.713Z,D2,peer0.org2.example.com,10.27,517.27,15914.51,NA_HOST_NETWORK,NA_HOST_NETWORK,211570688/2631700480,phase4b
2026-08-09T23:29:51.623Z,D1,cc-unified,0.00,26.71,7815.99,NA_HOST_NETWORK,NA_HOST_NETWORK,618496/0,phase4b
2026-08-09T23:29:51.623Z,D1,HARNESS_bench.js,0.5,148.36,7815.99,NA,NA,threads=11,phase4b
2026-08-09T23:29:51.623Z,D1,peer0.org1.example.com,12.12,599.53,7815.99,NA_HOST_NETWORK,NA_HOST_NETWORK,98066432/1746751488,phase4b
2026-08-09T23:29:51.647Z,D4,cc-unified,0.00,24.99,15823.56,NA_HOST_NETWORK,NA_HOST_NETWORK,159744/0,phase4b
2026-08-09T23:29:51.647Z,D4,orderer.example.com,2.15,1169.21,15823.56,NA_HOST_NETWORK,NA_HOST_NETWORK,460144640/1216237568,phase4b
2026-08-09T23:29:51.647Z,D4,peer0.org4.example.com,3.34,865.76,15823.56,NA_HOST_NETWORK,NA_HOST_NETWORK,76492800/1748140032,phase4b
2026-08-09T23:29:51.925Z,D3,cc-unified,0.00,26.97,15823.57,NA_HOST_NETWORK,NA_HOST_NETWORK,3649536/372736,phase4b
2026-08-09T23:29:51.925Z,D3,orderer3.example.com,1.55,502.13,15823.57,NA_HOST_NETWORK,NA_HOST_NETWORK,1736704/1715982336,phase4b
2026-08-09T23:29:51.925Z,D3,peer0.org3.example.com,7.26,580.16,15823.57,NA_HOST_NETWORK,NA_HOST_NETWORK,120246272/1797152768,phase4b
2026-08-09T23:29:52.780Z,D2,cc-unified,0.00,23.70,15914.51,NA_HOST_NETWORK,NA_HOST_NETWORK,1605632/425984,phase4b
2026-08-09T23:29:52.780Z,D2,orderer2.example.com,1.83,412.18,15914.51,NA_HOST_NETWORK,NA_HOST_NETWORK,8413184/1708171264,phase4b
2026-08-09T23:29:52.780Z,D2,peer0.org2.example.com,8.57,510.31,15914.51,NA_HOST_NETWORK,NA_HOST_NETWORK,211570688/2631847936,phase4b
2026-08-09T23:29:53.690Z,D1,cc-unified,0.00,26.71,7815.99,NA_HOST_NETWORK,NA_HOST_NETWORK,618496/0,phase4b
2026-08-09T23:29:53.690Z,D1,HARNESS_bench.js,1.0,148.37,7815.99,NA,NA,threads=11,phase4b
2026-08-09T23:29:53.690Z,D1,peer0.org1.example.com,15.69,600.33,7815.99,NA_HOST_NETWORK,NA_HOST_NETWORK,98066432/1747124224,phase4b
2026-08-09T23:29:53.758Z,D4,cc-unified,0.00,24.99,15823.56,NA_HOST_NETWORK,NA_HOST_NETWORK,159744/0,phase4b
2026-08-09T23:29:53.758Z,D4,orderer.example.com,1.19,1170.96,15823.56,NA_HOST_NETWORK,NA_HOST_NETWORK,460144640/1216237568,phase4b
2026-08-09T23:29:53.758Z,D4,peer0.org4.example.com,1.07,866.52,15823.56,NA_HOST_NETWORK,NA_HOST_NETWORK,76492800/1748140032,phase4b
2026-08-09T23:29:53.982Z,D3,cc-unified,0.00,26.97,15823.57,NA_HOST_NETWORK,NA_HOST_NETWORK,3649536/372736,phase4b
2026-08-09T23:29:53.982Z,D3,orderer3.example.com,1.61,502.14,15823.57,NA_HOST_NETWORK,NA_HOST_NETWORK,1736704/1715982336,phase4b
2026-08-09T23:29:53.982Z,D3,peer0.org3.example.com,7.27,579.50,15823.57,NA_HOST_NETWORK,NA_HOST_NETWORK,120246272/1797152768,phase4b
2026-08-09T23:29:54.862Z,D2,cc-unified,0.00,23.70,15914.51,NA_HOST_NETWORK,NA_HOST_NETWORK,1605632/425984,phase4b
2026-08-09T23:29:54.862Z,D2,orderer2.example.com,1.15,412.08,15914.51,NA_HOST_NETWORK,NA_HOST_NETWORK,8413184/1708212224,phase4b
2026-08-09T23:29:54.862Z,D2,peer0.org2.example.com,14.46,510.30,15914.51,NA_HOST_NETWORK,NA_HOST_NETWORK,211570688/2632200192,phase4b
2026-08-09T23:29:55.765Z,D1,cc-unified,0.00,26.71,7815.99,NA_HOST_NETWORK,NA_HOST_NETWORK,618496/0,phase4b
2026-08-09T23:29:55.765Z,D1,HARNESS_bench.js,1.4,148.38,7815.99,NA,NA,threads=11,phase4b
2026-08-09T23:29:55.765Z,D1,peer0.org1.example.com,14.83,600.03,7815.99,NA_HOST_NETWORK,NA_HOST_NETWORK,98066432/1747480576,phase4b
2026-08-09T23:29:55.817Z,D4,cc-unified,0.00,24.99,15823.56,NA_HOST_NETWORK,NA_HOST_NETWORK,159744/0,phase4b
2026-08-09T23:29:55.817Z,D4,orderer.example.com,2.12,1170.67,15823.56,NA_HOST_NETWORK,NA_HOST_NETWORK,460144640/1216237568,phase4b
2026-08-09T23:29:55.817Z,D4,peer0.org4.example.com,2.85,866.26,15823.56,NA_HOST_NETWORK,NA_HOST_NETWORK,76492800/1748140032,phase4b
2026-08-09T23:29:56.135Z,D3,cc-unified,0.00,26.97,15823.57,NA_HOST_NETWORK,NA_HOST_NETWORK,3649536/372736,phase4b
2026-08-09T23:29:56.135Z,D3,orderer3.example.com,1.67,502.39,15823.57,NA_HOST_NETWORK,NA_HOST_NETWORK,1736704/1715982336,phase4b
2026-08-09T23:29:56.135Z,D3,peer0.org3.example.com,7.82,579.91,15823.57,NA_HOST_NETWORK,NA_HOST_NETWORK,120246272/1797152768,phase4b
2026-08-09T23:29:56.948Z,D2,cc-unified,0.00,23.70,15914.51,NA_HOST_NETWORK,NA_HOST_NETWORK,1605632/425984,phase4b
2026-08-09T23:29:56.948Z,D2,orderer2.example.com,1.06,411.34,15914.51,NA_HOST_NETWORK,NA_HOST_NETWORK,8413184/1708212224,phase4b
2026-08-09T23:29:56.948Z,D2,peer0.org2.example.com,18.32,510.12,15914.51,NA_HOST_NETWORK,NA_HOST_NETWORK,211570688/2632658944,phase4b
2026-08-09T23:29:57.854Z,D1,cc-unified,0.00,26.71,7815.99,NA_HOST_NETWORK,NA_HOST_NETWORK,618496/0,phase4b
2026-08-09T23:29:57.854Z,D1,HARNESS_bench.js,0.9,148.39,7815.99,NA,NA,threads=11,phase4b
2026-08-09T23:29:57.854Z,D1,peer0.org1.example.com,16.04,600.71,7815.99,NA_HOST_NETWORK,NA_HOST_NETWORK,98066432/1747881984,phase4b
2026-08-09T23:29:57.963Z,D4,cc-unified,0.00,24.99,15823.56,NA_HOST_NETWORK,NA_HOST_NETWORK,159744/0,phase4b
2026-08-09T23:29:57.963Z,D4,orderer.example.com,2.92,1170.94,15823.56,NA_HOST_NETWORK,NA_HOST_NETWORK,460144640/1216237568,phase4b
2026-08-09T23:29:57.963Z,D4,peer0.org4.example.com,3.53,865.76,15823.56,NA_HOST_NETWORK,NA_HOST_NETWORK,76492800/1748140032,phase4b
2026-08-09T23:29:58.299Z,D3,cc-unified,0.00,26.97,15823.57,NA_HOST_NETWORK,NA_HOST_NETWORK,3649536/372736,phase4b
2026-08-09T23:29:58.299Z,D3,orderer3.example.com,1.63,502.38,15823.57,NA_HOST_NETWORK,NA_HOST_NETWORK,1736704/1715982336,phase4b
2026-08-09T23:29:58.299Z,D3,peer0.org3.example.com,6.73,579.44,15823.57,NA_HOST_NETWORK,NA_HOST_NETWORK,120246272/1797152768,phase4b
2026-08-09T23:29:59.014Z,D2,cc-unified,0.00,23.70,15914.51,NA_HOST_NETWORK,NA_HOST_NETWORK,1605632/425984,phase4b
2026-08-09T23:29:59.014Z,D2,orderer2.example.com,1.03,412.08,15914.51,NA_HOST_NETWORK,NA_HOST_NETWORK,8413184/1708212224,phase4b
2026-08-09T23:29:59.014Z,D2,peer0.org2.example.com,8.51,510.39,15914.51,NA_HOST_NETWORK,NA_HOST_NETWORK,211574784/2633011200,phase4b
2026-08-09T23:29:59.994Z,D1,cc-unified,0.00,26.71,7815.99,NA_HOST_NETWORK,NA_HOST_NETWORK,618496/0,phase4b
2026-08-09T23:29:59.994Z,D1,HARNESS_bench.js,1.0,148.43,7815.99,NA,NA,threads=11,phase4b
2026-08-09T23:29:59.994Z,D1,peer0.org1.example.com,19.36,600.64,7815.99,NA_HOST_NETWORK,NA_HOST_NETWORK,98066432/1748336640,phase4b
2026-08-09T23:30:00.121Z,D4,cc-unified,0.00,24.99,15823.56,NA_HOST_NETWORK,NA_HOST_NETWORK,159744/0,phase4b
2026-08-09T23:30:00.121Z,D4,orderer.example.com,0.91,1171.15,15823.56,NA_HOST_NETWORK,NA_HOST_NETWORK,460144640/1216237568,phase4b
2026-08-09T23:30:00.121Z,D4,peer0.org4.example.com,1.22,866.28,15823.56,NA_HOST_NETWORK,NA_HOST_NETWORK,76492800/1748140032,phase4b
2026-08-09T23:30:00.368Z,D3,cc-unified,0.00,26.97,15823.57,NA_HOST_NETWORK,NA_HOST_NETWORK,3649536/372736,phase4b
2026-08-09T23:30:00.368Z,D3,orderer3.example.com,1.64,502.14,15823.57,NA_HOST_NETWORK,NA_HOST_NETWORK,1736704/1715982336,phase4b
2026-08-09T23:30:00.368Z,D3,peer0.org3.example.com,6.02,579.02,15823.57,NA_HOST_NETWORK,NA_HOST_NETWORK,120246272/1797152768,phase4b
2026-08-09T23:30:01.098Z,D2,cc-unified,0.00,23.70,15914.51,NA_HOST_NETWORK,NA_HOST_NETWORK,1605632/425984,phase4b
2026-08-09T23:30:01.098Z,D2,orderer2.example.com,1.07,411.84,15914.51,NA_HOST_NETWORK,NA_HOST_NETWORK,8413184/1708212224,phase4b
2026-08-09T23:30:01.098Z,D2,peer0.org2.example.com,15.76,510.59,15914.51,NA_HOST_NETWORK,NA_HOST_NETWORK,211574784/2633326592,phase4b
2026-08-09T23:30:02.073Z,D1,cc-unified,0.00,26.71,7815.99,NA_HOST_NETWORK,NA_HOST_NETWORK,618496/0,phase4b
2026-08-09T23:30:02.073Z,D1,HARNESS_bench.js,0.5,148.44,7815.99,NA,NA,threads=11,phase4b
2026-08-09T23:30:02.073Z,D1,peer0.org1.example.com,11.37,601.34,7815.99,NA_HOST_NETWORK,NA_HOST_NETWORK,98066432/1748590592,phase4b
2026-08-09T23:30:02.169Z,D4,cc-unified,0.00,24.99,15823.56,NA_HOST_NETWORK,NA_HOST_NETWORK,159744/0,phase4b
2026-08-09T23:30:02.169Z,D4,orderer.example.com,2.50,1171.18,15823.56,NA_HOST_NETWORK,NA_HOST_NETWORK,460144640/1216237568,phase4b
2026-08-09T23:30:02.169Z,D4,peer0.org4.example.com,2.94,865.75,15823.56,NA_HOST_NETWORK,NA_HOST_NETWORK,76492800/1748140032,phase4b
2026-08-09T23:30:02.459Z,D3,cc-unified,0.00,26.97,15823.57,NA_HOST_NETWORK,NA_HOST_NETWORK,3649536/372736,phase4b
2026-08-09T23:30:02.459Z,D3,orderer3.example.com,1.77,502.62,15823.57,NA_HOST_NETWORK,NA_HOST_NETWORK,1736704/1715982336,phase4b
2026-08-09T23:30:02.459Z,D3,peer0.org3.example.com,8.73,579.46,15823.57,NA_HOST_NETWORK,NA_HOST_NETWORK,120246272/1797152768,phase4b
2026-08-09T23:30:03.177Z,D2,cc-unified,0.00,23.70,15914.51,NA_HOST_NETWORK,NA_HOST_NETWORK,1605632/425984,phase4b
2026-08-09T23:30:03.177Z,D2,orderer2.example.com,1.01,411.59,15914.51,NA_HOST_NETWORK,NA_HOST_NETWORK,8413184/1708212224,phase4b
2026-08-09T23:30:03.177Z,D2,peer0.org2.example.com,17.22,510.99,15914.51,NA_HOST_NETWORK,NA_HOST_NETWORK,211574784/2633728000,phase4b
2026-08-09T23:30:04.169Z,D1,cc-unified,0.00,26.71,7815.99,NA_HOST_NETWORK,NA_HOST_NETWORK,618496/0,phase4b
2026-08-09T23:30:04.169Z,D1,HARNESS_bench.js,1.4,148.46,7815.99,NA,NA,threads=11,phase4b
2026-08-09T23:30:04.169Z,D1,peer0.org1.example.com,14.27,602.07,7815.99,NA_HOST_NETWORK,NA_HOST_NETWORK,98066432/1748963328,phase4b
2026-08-09T23:30:04.321Z,D4,cc-unified,0.00,24.99,15823.56,NA_HOST_NETWORK,NA_HOST_NETWORK,159744/0,phase4b
2026-08-09T23:30:04.321Z,D4,orderer.example.com,2.51,1170.92,15823.56,NA_HOST_NETWORK,NA_HOST_NETWORK,460144640/1216237568,phase4b
2026-08-09T23:30:04.321Z,D4,peer0.org4.example.com,3.65,865.76,15823.56,NA_HOST_NETWORK,NA_HOST_NETWORK,76492800/1748140032,phase4b
2026-08-09T23:30:04.515Z,D3,cc-unified,0.00,26.97,15823.57,NA_HOST_NETWORK,NA_HOST_NETWORK,3649536/372736,phase4b
2026-08-09T23:30:04.515Z,D3,orderer3.example.com,1.63,502.64,15823.57,NA_HOST_NETWORK,NA_HOST_NETWORK,1736704/1715982336,phase4b
2026-08-09T23:30:04.515Z,D3,peer0.org3.example.com,6.80,579.83,15823.57,NA_HOST_NETWORK,NA_HOST_NETWORK,120246272/1797152768,phase4b
2026-08-09T23:30:05.238Z,D2,cc-unified,0.00,23.70,15914.51,NA_HOST_NETWORK,NA_HOST_NETWORK,1605632/425984,phase4b
2026-08-09T23:30:05.238Z,D2,orderer2.example.com,1.06,411.59,15914.51,NA_HOST_NETWORK,NA_HOST_NETWORK,8413184/1708212224,phase4b
2026-08-09T23:30:05.238Z,D2,peer0.org2.example.com,15.51,511.81,15914.51,NA_HOST_NETWORK,NA_HOST_NETWORK,211574784/2634182656,phase4b
2026-08-09T23:30:06.323Z,D1,cc-unified,0.00,26.71,7815.99,NA_HOST_NETWORK,NA_HOST_NETWORK,618496/0,phase4b
2026-08-09T23:30:06.323Z,D1,HARNESS_bench.js,1.0,148.47,7815.99,NA,NA,threads=11,phase4b
2026-08-09T23:30:06.323Z,D1,peer0.org1.example.com,16.17,601.35,7815.99,NA_HOST_NETWORK,NA_HOST_NETWORK,98066432/1749393408,phase4b
2026-08-09T23:30:06.481Z,D4,cc-unified,0.00,24.99,15823.56,NA_HOST_NETWORK,NA_HOST_NETWORK,159744/0,phase4b
2026-08-09T23:30:06.481Z,D4,orderer.example.com,1.26,1170.03,15823.56,NA_HOST_NETWORK,NA_HOST_NETWORK,460144640/1216237568,phase4b
2026-08-09T23:30:06.481Z,D4,peer0.org4.example.com,1.82,865.25,15823.56,NA_HOST_NETWORK,NA_HOST_NETWORK,76492800/1748140032,phase4b
2026-08-09T23:30:06.652Z,D3,cc-unified,0.00,26.97,15823.57,NA_HOST_NETWORK,NA_HOST_NETWORK,3649536/372736,phase4b
2026-08-09T23:30:06.652Z,D3,orderer3.example.com,1.61,502.88,15823.57,NA_HOST_NETWORK,NA_HOST_NETWORK,1736704/1715982336,phase4b
2026-08-09T23:30:06.652Z,D3,peer0.org3.example.com,5.57,579.55,15823.57,NA_HOST_NETWORK,NA_HOST_NETWORK,120246272/1797152768,phase4b
2026-08-09T23:30:07.378Z,D2,cc-unified,0.00,23.70,15914.51,NA_HOST_NETWORK,NA_HOST_NETWORK,1605632/425984,phase4b
2026-08-09T23:30:07.378Z,D2,orderer2.example.com,1.02,411.45,15914.51,NA_HOST_NETWORK,NA_HOST_NETWORK,8413184/1708212224,phase4b
2026-08-09T23:30:07.378Z,D2,peer0.org2.example.com,17.66,511.34,15914.51,NA_HOST_NETWORK,NA_HOST_NETWORK,211574784/2634661888,phase4b
2026-08-09T23:30:08.395Z,D1,cc-unified,0.00,26.71,7815.99,NA_HOST_NETWORK,NA_HOST_NETWORK,618496/0,phase4b
2026-08-09T23:30:08.395Z,D1,HARNESS_bench.js,11.2,100.27,7815.99,NA,NA,threads=11,phase4b
2026-08-09T23:30:08.395Z,D1,peer0.org1.example.com,15.06,601.67,7815.99,NA_HOST_NETWORK,NA_HOST_NETWORK,98066432/1749815296,phase4b
2026-08-09T23:30:08.537Z,D4,cc-unified,0.00,24.99,15823.56,NA_HOST_NETWORK,NA_HOST_NETWORK,159744/0,phase4b
2026-08-09T23:30:08.537Z,D4,orderer.example.com,1.15,1170.20,15823.56,NA_HOST_NETWORK,NA_HOST_NETWORK,460144640/1216237568,phase4b
2026-08-09T23:30:08.537Z,D4,peer0.org4.example.com,1.58,865.75,15823.56,NA_HOST_NETWORK,NA_HOST_NETWORK,76492800/1748140032,phase4b
2026-08-09T23:30:08.818Z,D3,cc-unified,0.00,26.97,15823.57,NA_HOST_NETWORK,NA_HOST_NETWORK,3649536/372736,phase4b
2026-08-09T23:30:08.818Z,D3,orderer3.example.com,1.58,502.64,15823.57,NA_HOST_NETWORK,NA_HOST_NETWORK,1736704/1715982336,phase4b
2026-08-09T23:30:08.818Z,D3,peer0.org3.example.com,7.86,578.75,15823.57,NA_HOST_NETWORK,NA_HOST_NETWORK,120246272/1797152768,phase4b
2026-08-09T23:30:09.439Z,D2,cc-unified,0.00,23.70,15914.51,NA_HOST_NETWORK,NA_HOST_NETWORK,1605632/425984,phase4b
2026-08-09T23:30:09.439Z,D2,orderer2.example.com,0.99,411.94,15914.51,NA_HOST_NETWORK,NA_HOST_NETWORK,8413184/1708212224,phase4b
2026-08-09T23:30:09.439Z,D2,peer0.org2.example.com,12.99,511.70,15914.51,NA_HOST_NETWORK,NA_HOST_NETWORK,211574784/2634911744,phase4b
2026-08-09T23:30:10.594Z,D1,cc-unified,0.00,26.71,7815.99,NA_HOST_NETWORK,NA_HOST_NETWORK,618496/0,phase4b
2026-08-09T23:30:10.594Z,D1,HARNESS_bench.js,1.9,100.70,7815.99,NA,NA,threads=11,phase4b
2026-08-09T23:30:10.594Z,D1,peer0.org1.example.com,13.47,602.21,7815.99,NA_HOST_NETWORK,NA_HOST_NETWORK,98066432/1750188032,phase4b
2026-08-09T23:30:10.728Z,D4,cc-unified,0.00,24.99,15823.56,NA_HOST_NETWORK,NA_HOST_NETWORK,159744/0,phase4b
2026-08-09T23:30:10.728Z,D4,orderer.example.com,2.45,1170.41,15823.56,NA_HOST_NETWORK,NA_HOST_NETWORK,460144640/1216237568,phase4b
2026-08-09T23:30:10.728Z,D4,peer0.org4.example.com,2.81,865.75,15823.56,NA_HOST_NETWORK,NA_HOST_NETWORK,76492800/1748140032,phase4b
2026-08-09T23:30:10.939Z,D3,cc-unified,0.00,26.97,15823.57,NA_HOST_NETWORK,NA_HOST_NETWORK,3649536/372736,phase4b
2026-08-09T23:30:10.939Z,D3,orderer3.example.com,1.66,502.88,15823.57,NA_HOST_NETWORK,NA_HOST_NETWORK,1736704/1715982336,phase4b
2026-08-09T23:30:10.939Z,D3,peer0.org3.example.com,5.27,579.23,15823.57,NA_HOST_NETWORK,NA_HOST_NETWORK,120246272/1797152768,phase4b
2026-08-09T23:30:11.505Z,D2,cc-unified,0.00,23.70,15914.51,NA_HOST_NETWORK,NA_HOST_NETWORK,1605632/425984,phase4b
2026-08-09T23:30:11.505Z,D2,orderer2.example.com,1.11,411.93,15914.51,NA_HOST_NETWORK,NA_HOST_NETWORK,8413184/1708212224,phase4b
2026-08-09T23:30:11.505Z,D2,peer0.org2.example.com,27.97,536.86,15914.51,NA_HOST_NETWORK,NA_HOST_NETWORK,222019584/2648080384,phase4b
2026-08-09T23:30:12.682Z,D1,cc-unified,0.00,26.71,7815.99,NA_HOST_NETWORK,NA_HOST_NETWORK,618496/0,phase4b
2026-08-09T23:30:12.682Z,D1,HARNESS_bench.js,1.4,100.64,7815.99,NA,NA,threads=11,phase4b
2026-08-09T23:30:12.682Z,D1,peer0.org1.example.com,17.78,602.24,7815.99,NA_HOST_NETWORK,NA_HOST_NETWORK,98066432/1750577152,phase4b
2026-08-09T23:30:12.776Z,D4,cc-unified,0.00,24.99,15823.56,NA_HOST_NETWORK,NA_HOST_NETWORK,159744/0,phase4b
2026-08-09T23:30:12.776Z,D4,orderer.example.com,1.14,1169.99,15823.56,NA_HOST_NETWORK,NA_HOST_NETWORK,460144640/1216237568,phase4b
2026-08-09T23:30:12.776Z,D4,peer0.org4.example.com,1.72,866.00,15823.56,NA_HOST_NETWORK,NA_HOST_NETWORK,76492800/1748140032,phase4b
2026-08-09T23:30:13.152Z,D3,cc-unified,0.00,26.97,15823.57,NA_HOST_NETWORK,NA_HOST_NETWORK,3649536/372736,phase4b
2026-08-09T23:30:13.152Z,D3,orderer3.example.com,1.54,502.90,15823.57,NA_HOST_NETWORK,NA_HOST_NETWORK,1736704/1715982336,phase4b
2026-08-09T23:30:13.152Z,D3,peer0.org3.example.com,8.05,579.18,15823.57,NA_HOST_NETWORK,NA_HOST_NETWORK,120246272/1797152768,phase4b
2026-08-09T23:30:13.591Z,D2,cc-unified,0.00,23.70,15914.51,NA_HOST_NETWORK,NA_HOST_NETWORK,1605632/425984,phase4b
2026-08-09T23:30:13.591Z,D2,orderer2.example.com,0.98,411.92,15914.51,NA_HOST_NETWORK,NA_HOST_NETWORK,8413184/1708212224,phase4b
2026-08-09T23:30:13.591Z,D2,peer0.org2.example.com,15.99,528.25,15914.51,NA_HOST_NETWORK,NA_HOST_NETWORK,223277056/2651500544,phase4b
2026-08-09T23:30:14.823Z,D1,cc-unified,0.00,26.71,7815.99,NA_HOST_NETWORK,NA_HOST_NETWORK,618496/0,phase4b
2026-08-09T23:30:14.823Z,D1,HARNESS_bench.js,1.4,100.32,7815.99,NA,NA,threads=11,phase4b
2026-08-09T23:30:14.823Z,D1,peer0.org1.example.com,11.29,602.68,7815.99,NA_HOST_NETWORK,NA_HOST_NETWORK,98066432/1750941696,phase4b
2026-08-09T23:30:14.823Z,D4,cc-unified,0.00,24.99,15823.56,NA_HOST_NETWORK,NA_HOST_NETWORK,159744/0,phase4b
2026-08-09T23:30:14.823Z,D4,orderer.example.com,1.93,1170.44,15823.56,NA_HOST_NETWORK,NA_HOST_NETWORK,460144640/1216237568,phase4b
2026-08-09T23:30:14.823Z,D4,peer0.org4.example.com,2.01,865.51,15823.56,NA_HOST_NETWORK,NA_HOST_NETWORK,76492800/1748140032,phase4b
2026-08-09T23:30:15.201Z,D3,cc-unified,0.00,26.97,15823.57,NA_HOST_NETWORK,NA_HOST_NETWORK,3649536/372736,phase4b
2026-08-09T23:30:15.201Z,D3,orderer3.example.com,1.74,502.87,15823.57,NA_HOST_NETWORK,NA_HOST_NETWORK,1736704/1715982336,phase4b
2026-08-09T23:30:15.201Z,D3,peer0.org3.example.com,6.16,579.68,15823.57,NA_HOST_NETWORK,NA_HOST_NETWORK,120246272/1797152768,phase4b
2026-08-09T23:30:15.678Z,D2,cc-unified,0.00,23.70,15914.51,NA_HOST_NETWORK,NA_HOST_NETWORK,1605632/425984,phase4b
2026-08-09T23:30:15.678Z,D2,orderer2.example.com,1.09,411.45,15914.51,NA_HOST_NETWORK,NA_HOST_NETWORK,8413184/1708212224,phase4b
2026-08-09T23:30:15.678Z,D2,peer0.org2.example.com,15.19,528.05,15914.51,NA_HOST_NETWORK,NA_HOST_NETWORK,223277056/2651811840,phase4b
2026-08-09T23:30:16.912Z,D1,cc-unified,0.00,26.71,7815.99,NA_HOST_NETWORK,NA_HOST_NETWORK,618496/0,phase4b
2026-08-09T23:30:16.912Z,D1,HARNESS_bench.js,0.5,100.70,7815.99,NA,NA,threads=11,phase4b
2026-08-09T23:30:16.912Z,D1,peer0.org1.example.com,12.73,601.86,7815.99,NA_HOST_NETWORK,NA_HOST_NETWORK,98066432/1751162880,phase4b
2026-08-09T23:30:16.969Z,D4,cc-unified,0.00,24.99,15823.56,NA_HOST_NETWORK,NA_HOST_NETWORK,159744/0,phase4b
2026-08-09T23:30:16.969Z,D4,orderer.example.com,2.56,1169.72,15823.56,NA_HOST_NETWORK,NA_HOST_NETWORK,460144640/1216237568,phase4b
2026-08-09T23:30:16.969Z,D4,peer0.org4.example.com,4.58,865.50,15823.56,NA_HOST_NETWORK,NA_HOST_NETWORK,76492800/1748140032,phase4b
2026-08-09T23:30:17.364Z,D3,cc-unified,0.00,26.97,15823.57,NA_HOST_NETWORK,NA_HOST_NETWORK,3649536/372736,phase4b
2026-08-09T23:30:17.364Z,D3,orderer3.example.com,1.69,502.88,15823.57,NA_HOST_NETWORK,NA_HOST_NETWORK,1736704/1715982336,phase4b
2026-08-09T23:30:17.364Z,D3,peer0.org3.example.com,7.11,579.65,15823.57,NA_HOST_NETWORK,NA_HOST_NETWORK,120246272/1797152768,phase4b
2026-08-09T23:30:17.736Z,D2,cc-unified,0.00,23.70,15914.51,NA_HOST_NETWORK,NA_HOST_NETWORK,1605632/425984,phase4b
2026-08-09T23:30:17.736Z,D2,orderer2.example.com,1.21,411.94,15914.51,NA_HOST_NETWORK,NA_HOST_NETWORK,8413184/1708212224,phase4b
2026-08-09T23:30:17.736Z,D2,peer0.org2.example.com,13.02,528.69,15914.51,NA_HOST_NETWORK,NA_HOST_NETWORK,223277056/2652188672,phase4b
2026-08-09T23:30:19.047Z,D1,cc-unified,0.00,26.71,7815.99,NA_HOST_NETWORK,NA_HOST_NETWORK,618496/0,phase4b
2026-08-09T23:30:19.047Z,D1,HARNESS_bench.js,0.9,100.75,7815.99,NA,NA,threads=11,phase4b
2026-08-09T23:30:19.047Z,D1,peer0.org1.example.com,2.61,602.61,7815.99,NA_HOST_NETWORK,NA_HOST_NETWORK,98066432/1751162880,phase4b
2026-08-09T23:30:19.096Z,D4,cc-unified,0.00,24.99,15823.56,NA_HOST_NETWORK,NA_HOST_NETWORK,159744/0,phase4b
2026-08-09T23:30:19.096Z,D4,orderer.example.com,1.10,1170.20,15823.56,NA_HOST_NETWORK,NA_HOST_NETWORK,460144640/1216237568,phase4b
2026-08-09T23:30:19.096Z,D4,peer0.org4.example.com,1.26,865.50,15823.56,NA_HOST_NETWORK,NA_HOST_NETWORK,76492800/1748140032,phase4b
2026-08-09T23:30:19.525Z,D3,cc-unified,0.00,26.97,15823.57,NA_HOST_NETWORK,NA_HOST_NETWORK,3649536/372736,phase4b
2026-08-09T23:30:19.525Z,D3,orderer3.example.com,1.87,502.88,15823.57,NA_HOST_NETWORK,NA_HOST_NETWORK,1736704/1715982336,phase4b
2026-08-09T23:30:19.525Z,D3,peer0.org3.example.com,7.75,579.70,15823.57,NA_HOST_NETWORK,NA_HOST_NETWORK,120246272/1797152768,phase4b
2026-08-09T23:30:19.819Z,D2,cc-unified,0.00,23.70,15914.51,NA_HOST_NETWORK,NA_HOST_NETWORK,1605632/425984,phase4b
2026-08-09T23:30:19.819Z,D2,orderer2.example.com,1.25,412.18,15914.51,NA_HOST_NETWORK,NA_HOST_NETWORK,8413184/1708212224,phase4b
2026-08-09T23:30:19.819Z,D2,peer0.org2.example.com,17.93,529.16,15914.51,NA_HOST_NETWORK,NA_HOST_NETWORK,223277056/2652618752,phase4b
2026-08-09T23:30:21.159Z,D1,cc-unified,0.00,26.71,7815.99,NA_HOST_NETWORK,NA_HOST_NETWORK,618496/0,phase4b
2026-08-09T23:30:21.159Z,D1,HARNESS_bench.js,0.0,100.79,7815.99,NA,NA,threads=11,phase4b
2026-08-09T23:30:21.159Z,D1,peer0.org1.example.com,3.43,603.08,7815.99,NA_HOST_NETWORK,NA_HOST_NETWORK,98066432/1751162880,phase4b
2026-08-09T23:30:21.205Z,D4,cc-unified,0.00,24.99,15823.56,NA_HOST_NETWORK,NA_HOST_NETWORK,159744/0,phase4b
2026-08-09T23:30:21.205Z,D4,orderer.example.com,1.27,1169.21,15823.56,NA_HOST_NETWORK,NA_HOST_NETWORK,460144640/1216237568,phase4b
2026-08-09T23:30:21.205Z,D4,peer0.org4.example.com,1.98,865.01,15823.56,NA_HOST_NETWORK,NA_HOST_NETWORK,76492800/1748140032,phase4b
2026-08-09T23:30:21.690Z,D3,cc-unified,0.00,26.97,15823.57,NA_HOST_NETWORK,NA_HOST_NETWORK,3649536/372736,phase4b
2026-08-09T23:30:21.690Z,D3,orderer3.example.com,1.75,502.39,15823.57,NA_HOST_NETWORK,NA_HOST_NETWORK,1736704/1715982336,phase4b
2026-08-09T23:30:21.690Z,D3,peer0.org3.example.com,6.81,578.74,15823.57,NA_HOST_NETWORK,NA_HOST_NETWORK,120246272/1797152768,phase4b
2026-08-09T23:30:21.905Z,D2,cc-unified,0.00,23.70,15914.51,NA_HOST_NETWORK,NA_HOST_NETWORK,1605632/425984,phase4b
2026-08-09T23:30:21.905Z,D2,orderer2.example.com,1.16,411.95,15914.51,NA_HOST_NETWORK,NA_HOST_NETWORK,8413184/1708212224,phase4b
2026-08-09T23:30:21.905Z,D2,peer0.org2.example.com,14.05,538.01,15914.51,NA_HOST_NETWORK,NA_HOST_NETWORK,223277056/2652995584,phase4b
2026-08-09T23:30:23.248Z,D1,cc-unified,0.00,26.71,7815.99,NA_HOST_NETWORK,NA_HOST_NETWORK,618496/0,phase4b
2026-08-09T23:30:23.248Z,D1,HARNESS_bench.js,0.5,100.83,7815.99,NA,NA,threads=11,phase4b
2026-08-09T23:30:23.248Z,D1,peer0.org1.example.com,4.87,602.52,7815.99,NA_HOST_NETWORK,NA_HOST_NETWORK,98066432/1751162880,phase4b
2026-08-09T23:30:23.251Z,D4,cc-unified,0.00,24.99,15823.56,NA_HOST_NETWORK,NA_HOST_NETWORK,159744/0,phase4b
2026-08-09T23:30:23.251Z,D4,orderer.example.com,2.49,1170.57,15823.56,NA_HOST_NETWORK,NA_HOST_NETWORK,460144640/1216237568,phase4b
2026-08-09T23:30:23.251Z,D4,peer0.org4.example.com,3.39,865.75,15823.56,NA_HOST_NETWORK,NA_HOST_NETWORK,76492800/1748140032,phase4b
2026-08-09T23:30:23.853Z,D3,cc-unified,0.00,26.97,15823.57,NA_HOST_NETWORK,NA_HOST_NETWORK,3649536/372736,phase4b
2026-08-09T23:30:23.853Z,D3,orderer3.example.com,2.03,503.14,15823.57,NA_HOST_NETWORK,NA_HOST_NETWORK,1736704/1715982336,phase4b
2026-08-09T23:30:23.853Z,D3,peer0.org3.example.com,8.14,579.22,15823.57,NA_HOST_NETWORK,NA_HOST_NETWORK,120246272/1797152768,phase4b
2026-08-09T23:30:23.975Z,D2,cc-unified,0.00,23.70,15914.51,NA_HOST_NETWORK,NA_HOST_NETWORK,1605632/425984,phase4b
2026-08-09T23:30:23.975Z,D2,orderer2.example.com,1.36,411.46,15914.51,NA_HOST_NETWORK,NA_HOST_NETWORK,8413184/1708212224,phase4b
2026-08-09T23:30:23.975Z,D2,peer0.org2.example.com,14.32,529.44,15914.51,NA_HOST_NETWORK,NA_HOST_NETWORK,223277056/2653392896,phase4b
2026-08-09T23:30:25.388Z,D1,cc-unified,0.00,26.71,7815.99,NA_HOST_NETWORK,NA_HOST_NETWORK,618496/0,phase4b
2026-08-09T23:30:25.388Z,D1,HARNESS_bench.js,0.5,100.88,7815.99,NA,NA,threads=11,phase4b
2026-08-09T23:30:25.388Z,D1,peer0.org1.example.com,2.74,602.16,7815.99,NA_HOST_NETWORK,NA_HOST_NETWORK,98066432/1751162880,phase4b
2026-08-09T23:30:25.401Z,D4,cc-unified,0.00,24.99,15823.56,NA_HOST_NETWORK,NA_HOST_NETWORK,159744/0,phase4b
2026-08-09T23:30:25.401Z,D4,orderer.example.com,1.27,1170.45,15823.56,NA_HOST_NETWORK,NA_HOST_NETWORK,460144640/1216237568,phase4b
2026-08-09T23:30:25.401Z,D4,peer0.org4.example.com,1.23,865.01,15823.56,NA_HOST_NETWORK,NA_HOST_NETWORK,76492800/1748140032,phase4b
2026-08-09T23:30:26.014Z,D3,cc-unified,0.00,26.97,15823.57,NA_HOST_NETWORK,NA_HOST_NETWORK,3649536/372736,phase4b
2026-08-09T23:30:26.014Z,D3,orderer3.example.com,1.73,502.16,15823.57,NA_HOST_NETWORK,NA_HOST_NETWORK,1736704/1715982336,phase4b
2026-08-09T23:30:26.014Z,D3,peer0.org3.example.com,6.09,578.98,15823.57,NA_HOST_NETWORK,NA_HOST_NETWORK,120246272/1797152768,phase4b
2026-08-09T23:30:26.065Z,D2,cc-unified,0.00,23.70,15914.51,NA_HOST_NETWORK,NA_HOST_NETWORK,1605632/425984,phase4b
2026-08-09T23:30:26.065Z,D2,orderer2.example.com,1.15,411.70,15914.51,NA_HOST_NETWORK,NA_HOST_NETWORK,8413184/1708212224,phase4b
2026-08-09T23:30:26.065Z,D2,peer0.org2.example.com,15.69,529.88,15914.51,NA_HOST_NETWORK,NA_HOST_NETWORK,223277056/2653786112,phase4b
2026-08-09T23:30:27.490Z,D1,cc-unified,0.00,26.71,7815.99,NA_HOST_NETWORK,NA_HOST_NETWORK,618496/0,phase4b
2026-08-09T23:30:27.490Z,D1,HARNESS_bench.js,0.5,100.92,7815.99,NA,NA,threads=11,phase4b
2026-08-09T23:30:27.490Z,D1,peer0.org1.example.com,2.13,602.85,7815.99,NA_HOST_NETWORK,NA_HOST_NETWORK,98066432/1751162880,phase4b
2026-08-09T23:30:27.545Z,D4,cc-unified,0.00,24.99,15823.56,NA_HOST_NETWORK,NA_HOST_NETWORK,159744/0,phase4b
2026-08-09T23:30:27.545Z,D4,orderer.example.com,2.83,1170.54,15823.56,NA_HOST_NETWORK,NA_HOST_NETWORK,460144640/1216237568,phase4b
2026-08-09T23:30:27.545Z,D4,peer0.org4.example.com,3.78,866.27,15823.56,NA_HOST_NETWORK,NA_HOST_NETWORK,76492800/1748140032,phase4b
2026-08-09T23:30:28.133Z,D3,cc-unified,0.00,26.97,15823.57,NA_HOST_NETWORK,NA_HOST_NETWORK,3649536/372736,phase4b
2026-08-09T23:30:28.133Z,D3,orderer3.example.com,2.00,502.64,15823.57,NA_HOST_NETWORK,NA_HOST_NETWORK,1736704/1715982336,phase4b
2026-08-09T23:30:28.133Z,D3,peer0.org3.example.com,9.71,588.10,15823.57,NA_HOST_NETWORK,NA_HOST_NETWORK,120246272/1797152768,phase4b
2026-08-09T23:30:28.219Z,D2,cc-unified,0.00,23.70,15914.51,NA_HOST_NETWORK,NA_HOST_NETWORK,1605632/425984,phase4b
2026-08-09T23:30:28.219Z,D2,orderer2.example.com,1.32,411.69,15914.51,NA_HOST_NETWORK,NA_HOST_NETWORK,8413184/1708212224,phase4b
2026-08-09T23:30:28.219Z,D2,peer0.org2.example.com,14.75,538.22,15914.51,NA_HOST_NETWORK,NA_HOST_NETWORK,223277056/2654113792,phase4b
2026-08-09T23:30:29.539Z,D1,cc-unified,0.04,26.71,7815.99,NA_HOST_NETWORK,NA_HOST_NETWORK,618496/0,phase4b
2026-08-09T23:30:29.539Z,D1,HARNESS_bench.js,0.5,100.96,7815.99,NA,NA,threads=11,phase4b
2026-08-09T23:30:29.539Z,D1,peer0.org1.example.com,7.50,602.08,7815.99,NA_HOST_NETWORK,NA_HOST_NETWORK,98066432/1751162880,phase4b
2026-08-09T23:30:29.670Z,D4,cc-unified,0.00,24.99,15823.56,NA_HOST_NETWORK,NA_HOST_NETWORK,159744/0,phase4b
2026-08-09T23:30:29.670Z,D4,orderer.example.com,2.46,1170.66,15823.56,NA_HOST_NETWORK,NA_HOST_NETWORK,460144640/1216237568,phase4b
2026-08-09T23:30:29.670Z,D4,peer0.org4.example.com,3.20,865.77,15823.56,NA_HOST_NETWORK,NA_HOST_NETWORK,76492800/1748140032,phase4b
2026-08-09T23:30:30.180Z,D3,cc-unified,0.00,26.97,15823.57,NA_HOST_NETWORK,NA_HOST_NETWORK,3649536/372736,phase4b
2026-08-09T23:30:30.180Z,D3,orderer3.example.com,1.84,502.92,15823.57,NA_HOST_NETWORK,NA_HOST_NETWORK,1736704/1715982336,phase4b
2026-08-09T23:30:30.180Z,D3,peer0.org3.example.com,6.69,580.32,15823.57,NA_HOST_NETWORK,NA_HOST_NETWORK,120246272/1797152768,phase4b
2026-08-09T23:30:30.275Z,D2,cc-unified,0.00,23.70,15914.51,NA_HOST_NETWORK,NA_HOST_NETWORK,1605632/425984,phase4b
2026-08-09T23:30:30.275Z,D2,orderer2.example.com,1.31,411.68,15914.51,NA_HOST_NETWORK,NA_HOST_NETWORK,8413184/1708212224,phase4b
2026-08-09T23:30:30.275Z,D2,peer0.org2.example.com,10.43,530.12,15914.51,NA_HOST_NETWORK,NA_HOST_NETWORK,223277056/2654486528,phase4b
2026-08-09T23:30:31.721Z,D1,cc-unified,0.00,26.71,7815.99,NA_HOST_NETWORK,NA_HOST_NETWORK,618496/0,phase4b
2026-08-09T23:30:31.721Z,D1,HARNESS_bench.js,1.0,100.13,7815.99,NA,NA,threads=11,phase4b
2026-08-09T23:30:31.721Z,D1,peer0.org1.example.com,2.55,602.36,7815.99,NA_HOST_NETWORK,NA_HOST_NETWORK,98066432/1751162880,phase4b
2026-08-09T23:30:31.766Z,D4,cc-unified,0.01,24.99,15823.56,NA_HOST_NETWORK,NA_HOST_NETWORK,159744/0,phase4b
2026-08-09T23:30:31.766Z,D4,orderer.example.com,1.42,1169.72,15823.56,NA_HOST_NETWORK,NA_HOST_NETWORK,460144640/1216237568,phase4b
2026-08-09T23:30:31.766Z,D4,peer0.org4.example.com,1.84,866.25,15823.56,NA_HOST_NETWORK,NA_HOST_NETWORK,76492800/1748140032,phase4b
2026-08-09T23:30:32.225Z,D3,cc-unified,0.01,26.97,15823.57,NA_HOST_NETWORK,NA_HOST_NETWORK,3649536/372736,phase4b
2026-08-09T23:30:32.225Z,D3,orderer3.example.com,1.71,502.02,15823.57,NA_HOST_NETWORK,NA_HOST_NETWORK,1736704/1715982336,phase4b
2026-08-09T23:30:32.225Z,D3,peer0.org3.example.com,7.08,580.12,15823.57,NA_HOST_NETWORK,NA_HOST_NETWORK,120246272/1797152768,phase4b
2026-08-09T23:30:32.358Z,D2,cc-unified,0.02,23.70,15914.51,NA_HOST_NETWORK,NA_HOST_NETWORK,1605632/425984,phase4b
2026-08-09T23:30:32.358Z,D2,orderer2.example.com,1.04,411.71,15914.51,NA_HOST_NETWORK,NA_HOST_NETWORK,8413184/1708212224,phase4b
2026-08-09T23:30:32.358Z,D2,peer0.org2.example.com,17.07,530.74,15914.51,NA_HOST_NETWORK,NA_HOST_NETWORK,223277056/2654912512,phase4b
2026-08-09T23:30:33.769Z,D1,cc-unified,0.00,26.71,7815.99,NA_HOST_NETWORK,NA_HOST_NETWORK,618496/0,phase4b
2026-08-09T23:30:33.769Z,D1,HARNESS_bench.js,0.0,100.16,7815.99,NA,NA,threads=11,phase4b
2026-08-09T23:30:33.769Z,D1,peer0.org1.example.com,2.72,602.87,7815.99,NA_HOST_NETWORK,NA_HOST_NETWORK,98066432/1751162880,phase4b
2026-08-09T23:30:33.813Z,D4,cc-unified,0.00,24.99,15823.56,NA_HOST_NETWORK,NA_HOST_NETWORK,159744/0,phase4b
2026-08-09T23:30:33.813Z,D4,orderer.example.com,1.63,1171.09,15823.56,NA_HOST_NETWORK,NA_HOST_NETWORK,460144640/1216237568,phase4b
2026-08-09T23:30:33.813Z,D4,peer0.org4.example.com,1.95,866.24,15823.56,NA_HOST_NETWORK,NA_HOST_NETWORK,76492800/1748140032,phase4b
2026-08-09T23:30:34.366Z,D3,cc-unified,0.00,26.97,15823.57,NA_HOST_NETWORK,NA_HOST_NETWORK,3649536/372736,phase4b
2026-08-09T23:30:34.366Z,D3,orderer3.example.com,1.83,503.23,15823.57,NA_HOST_NETWORK,NA_HOST_NETWORK,1736704/1715982336,phase4b
2026-08-09T23:30:34.366Z,D3,peer0.org3.example.com,6.58,579.92,15823.57,NA_HOST_NETWORK,NA_HOST_NETWORK,120246272/1797152768,phase4b
2026-08-09T23:30:34.423Z,D2,cc-unified,0.00,23.70,15914.51,NA_HOST_NETWORK,NA_HOST_NETWORK,1605632/425984,phase4b
2026-08-09T23:30:34.423Z,D2,orderer2.example.com,1.17,411.95,15914.51,NA_HOST_NETWORK,NA_HOST_NETWORK,8413184/1708212224,phase4b
2026-08-09T23:30:34.423Z,D2,peer0.org2.example.com,18.72,539.67,15914.51,NA_HOST_NETWORK,NA_HOST_NETWORK,223277056/2655379456,phase4b
2026-08-09T23:30:35.856Z,D4,cc-unified,0.00,24.99,15823.56,NA_HOST_NETWORK,NA_HOST_NETWORK,159744/0,phase4b
2026-08-09T23:30:35.856Z,D4,orderer.example.com,0.79,1170.48,15823.56,NA_HOST_NETWORK,NA_HOST_NETWORK,460144640/1216237568,phase4b
2026-08-09T23:30:35.856Z,D4,peer0.org4.example.com,1.04,866.25,15823.56,NA_HOST_NETWORK,NA_HOST_NETWORK,76492800/1748140032,phase4b
2026-08-09T23:30:35.890Z,D1,cc-unified,0.00,26.71,7815.99,NA_HOST_NETWORK,NA_HOST_NETWORK,618496/0,phase4b
2026-08-09T23:30:35.890Z,D1,HARNESS_bench.js,1.0,100.20,7815.99,NA,NA,threads=11,phase4b
2026-08-09T23:30:35.890Z,D1,peer0.org1.example.com,5.66,602.36,7815.99,NA_HOST_NETWORK,NA_HOST_NETWORK,98066432/1751162880,phase4b
2026-08-09T23:30:36.490Z,D3,cc-unified,0.00,26.97,15823.57,NA_HOST_NETWORK,NA_HOST_NETWORK,3649536/372736,phase4b
2026-08-09T23:30:36.490Z,D3,orderer3.example.com,1.95,502.64,15823.57,NA_HOST_NETWORK,NA_HOST_NETWORK,1736704/1715982336,phase4b
2026-08-09T23:30:36.490Z,D3,peer0.org3.example.com,6.37,579.29,15823.57,NA_HOST_NETWORK,NA_HOST_NETWORK,120246272/1797152768,phase4b
2026-08-09T23:30:36.499Z,D2,cc-unified,0.00,23.70,15914.51,NA_HOST_NETWORK,NA_HOST_NETWORK,1605632/425984,phase4b
2026-08-09T23:30:36.499Z,D2,orderer2.example.com,1.24,411.96,15914.51,NA_HOST_NETWORK,NA_HOST_NETWORK,8413184/1708212224,phase4b
2026-08-09T23:30:36.499Z,D2,peer0.org2.example.com,10.21,531.01,15914.51,NA_HOST_NETWORK,NA_HOST_NETWORK,223277056/2655723520,phase4b
2026-08-09T23:30:37.906Z,D4,cc-unified,0.00,24.99,15823.56,NA_HOST_NETWORK,NA_HOST_NETWORK,159744/0,phase4b
2026-08-09T23:30:37.906Z,D4,orderer.example.com,2.09,1170.69,15823.56,NA_HOST_NETWORK,NA_HOST_NETWORK,460144640/1216237568,phase4b
2026-08-09T23:30:37.906Z,D4,peer0.org4.example.com,2.73,866.01,15823.56,NA_HOST_NETWORK,NA_HOST_NETWORK,76492800/1748140032,phase4b
2026-08-09T23:30:37.982Z,D1,cc-unified,0.00,26.71,7815.99,NA_HOST_NETWORK,NA_HOST_NETWORK,618496/0,phase4b
2026-08-09T23:30:37.982Z,D1,HARNESS_bench.js,0.5,100.25,7815.99,NA,NA,threads=11,phase4b
2026-08-09T23:30:37.982Z,D1,peer0.org1.example.com,3.39,602.60,7815.99,NA_HOST_NETWORK,NA_HOST_NETWORK,98066432/1751162880,phase4b
2026-08-09T23:30:38.585Z,D2,cc-unified,0.00,23.70,15914.51,NA_HOST_NETWORK,NA_HOST_NETWORK,1605632/425984,phase4b
2026-08-09T23:30:38.585Z,D2,orderer2.example.com,1.15,412.06,15914.51,NA_HOST_NETWORK,NA_HOST_NETWORK,8413184/1708212224,phase4b
2026-08-09T23:30:38.585Z,D2,peer0.org2.example.com,17.15,531.14,15914.51,NA_HOST_NETWORK,NA_HOST_NETWORK,223277056/2656108544,phase4b
2026-08-09T23:30:38.659Z,D3,cc-unified,0.00,26.97,15823.57,NA_HOST_NETWORK,NA_HOST_NETWORK,3649536/372736,phase4b
2026-08-09T23:30:38.659Z,D3,orderer3.example.com,2.19,502.65,15823.57,NA_HOST_NETWORK,NA_HOST_NETWORK,1736704/1715982336,phase4b
2026-08-09T23:30:38.659Z,D3,peer0.org3.example.com,8.55,579.47,15823.57,NA_HOST_NETWORK,NA_HOST_NETWORK,120246272/1797152768,phase4b
2026-08-09T23:30:40.053Z,D4,cc-unified,0.00,24.99,15823.56,NA_HOST_NETWORK,NA_HOST_NETWORK,159744/0,phase4b
2026-08-09T23:30:40.053Z,D4,orderer.example.com,2.41,1170.46,15823.56,NA_HOST_NETWORK,NA_HOST_NETWORK,460144640/1216237568,phase4b
2026-08-09T23:30:40.053Z,D4,peer0.org4.example.com,3.54,865.51,15823.56,NA_HOST_NETWORK,NA_HOST_NETWORK,76492800/1748140032,phase4b
2026-08-09T23:30:40.099Z,D1,cc-unified,0.00,26.71,7815.99,NA_HOST_NETWORK,NA_HOST_NETWORK,618496/0,phase4b
2026-08-09T23:30:40.099Z,D1,HARNESS_bench.js,0.5,100.29,7815.99,NA,NA,threads=11,phase4b
2026-08-09T23:30:40.099Z,D1,peer0.org1.example.com,6.16,602.52,7815.99,NA_HOST_NETWORK,NA_HOST_NETWORK,98066432/1751162880,phase4b
2026-08-09T23:30:40.667Z,D2,cc-unified,0.00,23.70,15914.51,NA_HOST_NETWORK,NA_HOST_NETWORK,1605632/425984,phase4b
2026-08-09T23:30:40.667Z,D2,orderer2.example.com,1.37,411.94,15914.51,NA_HOST_NETWORK,NA_HOST_NETWORK,8413184/1708212224,phase4b
2026-08-09T23:30:40.667Z,D2,peer0.org2.example.com,12.80,539.52,15914.51,NA_HOST_NETWORK,NA_HOST_NETWORK,223277056/2656350208,phase4b
2026-08-09T23:30:40.811Z,D3,cc-unified,0.00,26.97,15823.57,NA_HOST_NETWORK,NA_HOST_NETWORK,3649536/372736,phase4b
2026-08-09T23:30:40.811Z,D3,orderer3.example.com,1.65,502.80,15823.57,NA_HOST_NETWORK,NA_HOST_NETWORK,1736704/1715982336,phase4b
2026-08-09T23:30:40.811Z,D3,peer0.org3.example.com,6.71,579.41,15823.57,NA_HOST_NETWORK,NA_HOST_NETWORK,120246272/1797152768,phase4b
2026-08-09T23:30:42.154Z,D1,cc-unified,0.00,26.71,7815.99,NA_HOST_NETWORK,NA_HOST_NETWORK,618496/0,phase4b
2026-08-09T23:30:42.154Z,D1,HARNESS_bench.js,0.0,100.33,7815.99,NA,NA,threads=11,phase4b
2026-08-09T23:30:42.154Z,D1,peer0.org1.example.com,3.13,602.10,7815.99,NA_HOST_NETWORK,NA_HOST_NETWORK,98066432/1751162880,phase4b
2026-08-09T23:30:42.175Z,D4,cc-unified,0.00,24.99,15823.56,NA_HOST_NETWORK,NA_HOST_NETWORK,159744/0,phase4b
2026-08-09T23:30:42.175Z,D4,orderer.example.com,1.28,1170.96,15823.56,NA_HOST_NETWORK,NA_HOST_NETWORK,460144640/1216237568,phase4b
2026-08-09T23:30:42.175Z,D4,peer0.org4.example.com,1.12,865.02,15823.56,NA_HOST_NETWORK,NA_HOST_NETWORK,76492800/1748140032,phase4b
2026-08-09T23:30:42.727Z,D2,cc-unified,0.00,23.70,15914.51,NA_HOST_NETWORK,NA_HOST_NETWORK,1605632/425984,phase4b
2026-08-09T23:30:42.727Z,D2,orderer2.example.com,1.28,412.62,15914.51,NA_HOST_NETWORK,NA_HOST_NETWORK,8413184/1708212224,phase4b
2026-08-09T23:30:42.727Z,D2,peer0.org2.example.com,10.11,531.98,15914.51,NA_HOST_NETWORK,NA_HOST_NETWORK,223277056/2656690176,phase4b
2026-08-09T23:30:42.866Z,D3,cc-unified,0.00,26.97,15823.57,NA_HOST_NETWORK,NA_HOST_NETWORK,3649536/372736,phase4b
2026-08-09T23:30:42.866Z,D3,orderer3.example.com,2.05,503.07,15823.57,NA_HOST_NETWORK,NA_HOST_NETWORK,1736704/1715982336,phase4b
2026-08-09T23:30:42.866Z,D3,peer0.org3.example.com,6.40,579.46,15823.57,NA_HOST_NETWORK,NA_HOST_NETWORK,120246272/1797152768,phase4b
2026-08-09T23:30:44.299Z,D1,cc-unified,0.00,26.71,7815.99,NA_HOST_NETWORK,NA_HOST_NETWORK,618496/0,phase4b
2026-08-09T23:30:44.299Z,D1,HARNESS_bench.js,0.5,100.39,7815.99,NA,NA,threads=11,phase4b
2026-08-09T23:30:44.299Z,D1,peer0.org1.example.com,2.92,601.11,7815.99,NA_HOST_NETWORK,NA_HOST_NETWORK,98066432/1751162880,phase4b
2026-08-09T23:30:44.319Z,D4,cc-unified,0.00,24.99,15823.56,NA_HOST_NETWORK,NA_HOST_NETWORK,159744/0,phase4b
2026-08-09T23:30:44.319Z,D4,orderer.example.com,2.60,1170.25,15823.56,NA_HOST_NETWORK,NA_HOST_NETWORK,460144640/1216237568,phase4b
2026-08-09T23:30:44.319Z,D4,peer0.org4.example.com,3.92,865.77,15823.56,NA_HOST_NETWORK,NA_HOST_NETWORK,76492800/1748140032,phase4b
2026-08-09T23:30:44.813Z,D2,cc-unified,0.00,23.70,15914.51,NA_HOST_NETWORK,NA_HOST_NETWORK,1605632/425984,phase4b
2026-08-09T23:30:44.813Z,D2,orderer2.example.com,1.19,412.27,15914.51,NA_HOST_NETWORK,NA_HOST_NETWORK,8413184/1708212224,phase4b
2026-08-09T23:30:44.813Z,D2,peer0.org2.example.com,16.31,532.00,15914.51,NA_HOST_NETWORK,NA_HOST_NETWORK,223277056/2657128448,phase4b
2026-08-09T23:30:45.027Z,D3,cc-unified,0.00,26.97,15823.57,NA_HOST_NETWORK,NA_HOST_NETWORK,3649536/372736,phase4b
2026-08-09T23:30:45.027Z,D3,orderer3.example.com,1.61,502.82,15823.57,NA_HOST_NETWORK,NA_HOST_NETWORK,1736704/1715982336,phase4b
2026-08-09T23:30:45.027Z,D3,peer0.org3.example.com,8.07,579.56,15823.57,NA_HOST_NETWORK,NA_HOST_NETWORK,120246272/1797152768,phase4b
2026-08-09T23:30:46.400Z,D1,cc-unified,0.00,26.71,7815.99,NA_HOST_NETWORK,NA_HOST_NETWORK,618496/0,phase4b
2026-08-09T23:30:46.400Z,D1,HARNESS_bench.js,0.5,100.42,7815.99,NA,NA,threads=11,phase4b
2026-08-09T23:30:46.400Z,D1,peer0.org1.example.com,5.30,603.04,7815.99,NA_HOST_NETWORK,NA_HOST_NETWORK,98066432/1751162880,phase4b
2026-08-09T23:30:46.471Z,D4,cc-unified,0.00,24.99,15823.56,NA_HOST_NETWORK,NA_HOST_NETWORK,159744/0,phase4b
2026-08-09T23:30:46.471Z,D4,orderer.example.com,2.33,1170.74,15823.56,NA_HOST_NETWORK,NA_HOST_NETWORK,460144640/1216237568,phase4b
2026-08-09T23:30:46.471Z,D4,peer0.org4.example.com,2.49,865.01,15823.56,NA_HOST_NETWORK,NA_HOST_NETWORK,76492800/1748140032,phase4b
2026-08-09T23:30:46.902Z,D2,cc-unified,0.00,23.70,15914.51,NA_HOST_NETWORK,NA_HOST_NETWORK,1605632/425984,phase4b
2026-08-09T23:30:46.902Z,D2,orderer2.example.com,1.27,412.86,15914.51,NA_HOST_NETWORK,NA_HOST_NETWORK,8413184/1708212224,phase4b
2026-08-09T23:30:46.902Z,D2,peer0.org2.example.com,16.50,540.67,15914.51,NA_HOST_NETWORK,NA_HOST_NETWORK,223277056/2657468416,phase4b
2026-08-09T23:30:47.192Z,D3,cc-unified,0.00,26.97,15823.57,NA_HOST_NETWORK,NA_HOST_NETWORK,3649536/372736,phase4b
2026-08-09T23:30:47.192Z,D3,orderer3.example.com,1.81,502.67,15823.57,NA_HOST_NETWORK,NA_HOST_NETWORK,1736704/1715982336,phase4b
2026-08-09T23:30:47.192Z,D3,peer0.org3.example.com,6.27,579.26,15823.57,NA_HOST_NETWORK,NA_HOST_NETWORK,120246272/1797152768,phase4b
2026-08-09T23:30:48.524Z,D4,cc-unified,0.01,24.99,15823.56,NA_HOST_NETWORK,NA_HOST_NETWORK,159744/0,phase4b
2026-08-09T23:30:48.524Z,D4,orderer.example.com,0.85,1170.32,15823.56,NA_HOST_NETWORK,NA_HOST_NETWORK,460144640/1216237568,phase4b
2026-08-09T23:30:48.524Z,D4,peer0.org4.example.com,1.06,865.50,15823.56,NA_HOST_NETWORK,NA_HOST_NETWORK,76492800/1748140032,phase4b
2026-08-09T23:30:48.550Z,D1,cc-unified,0.01,26.96,7815.99,NA_HOST_NETWORK,NA_HOST_NETWORK,618496/0,phase4b
2026-08-09T23:30:48.550Z,D1,HARNESS_bench.js,0.5,100.46,7815.99,NA,NA,threads=11,phase4b
2026-08-09T23:30:48.550Z,D1,peer0.org1.example.com,3.90,601.17,7815.99,NA_HOST_NETWORK,NA_HOST_NETWORK,98066432/1751162880,phase4b
2026-08-09T23:30:49.062Z,D2,cc-unified,0.01,23.70,15914.51,NA_HOST_NETWORK,NA_HOST_NETWORK,1605632/425984,phase4b
2026-08-09T23:30:49.062Z,D2,orderer2.example.com,1.29,413.02,15914.51,NA_HOST_NETWORK,NA_HOST_NETWORK,8413184/1708212224,phase4b
2026-08-09T23:30:49.062Z,D2,peer0.org2.example.com,11.68,533.18,15914.51,NA_HOST_NETWORK,NA_HOST_NETWORK,223277056/2657824768,phase4b
2026-08-09T23:30:49.359Z,D3,cc-unified,0.03,27.22,15823.57,NA_HOST_NETWORK,NA_HOST_NETWORK,3649536/372736,phase4b
2026-08-09T23:30:49.359Z,D3,orderer3.example.com,1.92,503.30,15823.57,NA_HOST_NETWORK,NA_HOST_NETWORK,1736704/1715982336,phase4b
2026-08-09T23:30:49.359Z,D3,peer0.org3.example.com,7.23,579.47,15823.57,NA_HOST_NETWORK,NA_HOST_NETWORK,120246272/1797152768,phase4b
2026-08-09T23:30:50.582Z,D4,cc-unified,0.00,24.99,15823.56,NA_HOST_NETWORK,NA_HOST_NETWORK,159744/0,phase4b
2026-08-09T23:30:50.582Z,D4,orderer.example.com,2.28,1170.07,15823.56,NA_HOST_NETWORK,NA_HOST_NETWORK,460144640/1216237568,phase4b
2026-08-09T23:30:50.582Z,D4,peer0.org4.example.com,2.72,865.74,15823.56,NA_HOST_NETWORK,NA_HOST_NETWORK,76492800/1748140032,phase4b
2026-08-09T23:30:50.599Z,D1,cc-unified,0.00,26.71,7815.99,NA_HOST_NETWORK,NA_HOST_NETWORK,618496/0,phase4b
2026-08-09T23:30:50.599Z,D1,HARNESS_bench.js,0.5,100.50,7815.99,NA,NA,threads=11,phase4b
2026-08-09T23:30:50.599Z,D1,peer0.org1.example.com,2.75,601.36,7815.99,NA_HOST_NETWORK,NA_HOST_NETWORK,98066432/1751162880,phase4b
2026-08-09T23:30:51.120Z,D2,cc-unified,0.00,23.70,15914.51,NA_HOST_NETWORK,NA_HOST_NETWORK,1605632/425984,phase4b
2026-08-09T23:30:51.120Z,D2,orderer2.example.com,1.21,412.68,15914.51,NA_HOST_NETWORK,NA_HOST_NETWORK,8413184/1708212224,phase4b
2026-08-09T23:30:51.120Z,D2,peer0.org2.example.com,16.56,533.66,15914.51,NA_HOST_NETWORK,NA_HOST_NETWORK,223277056/2658254848,phase4b
2026-08-09T23:30:51.526Z,D3,cc-unified,0.00,26.97,15823.57,NA_HOST_NETWORK,NA_HOST_NETWORK,3649536/372736,phase4b
2026-08-09T23:30:51.526Z,D3,orderer3.example.com,1.68,503.08,15823.57,NA_HOST_NETWORK,NA_HOST_NETWORK,1736704/1715982336,phase4b
2026-08-09T23:30:51.526Z,D3,peer0.org3.example.com,5.69,579.20,15823.57,NA_HOST_NETWORK,NA_HOST_NETWORK,120246272/1797152768,phase4b
2026-08-09T23:30:52.694Z,D1,cc-unified,0.00,26.71,7815.99,NA_HOST_NETWORK,NA_HOST_NETWORK,618496/0,phase4b
2026-08-09T23:30:52.694Z,D1,HARNESS_bench.js,0.5,100.54,7815.99,NA,NA,threads=11,phase4b
2026-08-09T23:30:52.694Z,D1,peer0.org1.example.com,4.92,607.69,7815.99,NA_HOST_NETWORK,NA_HOST_NETWORK,98066432/1751162880,phase4b
2026-08-09T23:30:52.706Z,D4,cc-unified,0.00,24.99,15823.56,NA_HOST_NETWORK,NA_HOST_NETWORK,159744/0,phase4b
2026-08-09T23:30:52.706Z,D4,orderer.example.com,2.57,1171.04,15823.56,NA_HOST_NETWORK,NA_HOST_NETWORK,460144640/1216237568,phase4b
2026-08-09T23:30:52.706Z,D4,peer0.org4.example.com,3.68,866.26,15823.56,NA_HOST_NETWORK,NA_HOST_NETWORK,76492800/1748140032,phase4b
2026-08-09T23:30:53.204Z,D2,cc-unified,0.00,23.70,15914.51,NA_HOST_NETWORK,NA_HOST_NETWORK,1605632/425984,phase4b
2026-08-09T23:30:53.204Z,D2,orderer2.example.com,1.35,412.33,15914.51,NA_HOST_NETWORK,NA_HOST_NETWORK,8413184/1708212224,phase4b
2026-08-09T23:30:53.204Z,D2,peer0.org2.example.com,8.37,533.61,15914.51,NA_HOST_NETWORK,NA_HOST_NETWORK,223277056/2658562048,phase4b
2026-08-09T23:30:53.693Z,D3,cc-unified,0.00,26.97,15823.57,NA_HOST_NETWORK,NA_HOST_NETWORK,3649536/372736,phase4b
2026-08-09T23:30:53.693Z,D3,orderer3.example.com,1.81,503.42,15823.57,NA_HOST_NETWORK,NA_HOST_NETWORK,1736704/1715982336,phase4b
2026-08-09T23:30:53.693Z,D3,peer0.org3.example.com,6.65,579.09,15823.57,NA_HOST_NETWORK,NA_HOST_NETWORK,120246272/1797152768,phase4b
2026-08-09T23:30:54.747Z,D1,cc-unified,0.00,26.71,7815.99,NA_HOST_NETWORK,NA_HOST_NETWORK,618496/0,phase4b
2026-08-09T23:30:54.747Z,D1,HARNESS_bench.js,0.0,100.59,7815.99,NA,NA,threads=11,phase4b
2026-08-09T23:30:54.747Z,D1,peer0.org1.example.com,4.80,601.37,7815.99,NA_HOST_NETWORK,NA_HOST_NETWORK,98066432/1751162880,phase4b
2026-08-09T23:30:54.751Z,D4,cc-unified,0.00,24.99,15823.56,NA_HOST_NETWORK,NA_HOST_NETWORK,159744/0,phase4b
2026-08-09T23:30:54.751Z,D4,orderer.example.com,2.16,1155.27,15823.56,NA_HOST_NETWORK,NA_HOST_NETWORK,460144640/1216237568,phase4b
2026-08-09T23:30:54.751Z,D4,peer0.org4.example.com,1.33,866.02,15823.56,NA_HOST_NETWORK,NA_HOST_NETWORK,76492800/1748140032,phase4b
2026-08-09T23:30:55.267Z,D2,cc-unified,0.00,23.70,15914.51,NA_HOST_NETWORK,NA_HOST_NETWORK,1605632/425984,phase4b
2026-08-09T23:30:55.267Z,D2,orderer2.example.com,1.21,412.93,15914.51,NA_HOST_NETWORK,NA_HOST_NETWORK,8413184/1708212224,phase4b
2026-08-09T23:30:55.267Z,D2,peer0.org2.example.com,17.36,534.02,15914.51,NA_HOST_NETWORK,NA_HOST_NETWORK,223277056/2658955264,phase4b
2026-08-09T23:30:55.901Z,D3,cc-unified,0.00,26.97,15823.57,NA_HOST_NETWORK,NA_HOST_NETWORK,3649536/372736,phase4b
2026-08-09T23:30:55.901Z,D3,orderer3.example.com,1.80,502.93,15823.57,NA_HOST_NETWORK,NA_HOST_NETWORK,1736704/1715982336,phase4b
2026-08-09T23:30:55.901Z,D3,peer0.org3.example.com,6.32,579.83,15823.57,NA_HOST_NETWORK,NA_HOST_NETWORK,120246272/1797152768,phase4b
2026-08-09T23:30:56.798Z,D4,cc-unified,0.00,24.99,15823.56,NA_HOST_NETWORK,NA_HOST_NETWORK,159744/0,phase4b
2026-08-09T23:30:56.798Z,D4,orderer.example.com,2.58,1155.22,15823.56,NA_HOST_NETWORK,NA_HOST_NETWORK,460144640/1216237568,phase4b
2026-08-09T23:30:56.798Z,D4,peer0.org4.example.com,4.10,865.76,15823.56,NA_HOST_NETWORK,NA_HOST_NETWORK,76492800/1748140032,phase4b
2026-08-09T23:30:56.879Z,D1,cc-unified,0.00,26.71,7815.99,NA_HOST_NETWORK,NA_HOST_NETWORK,618496/0,phase4b
2026-08-09T23:30:56.879Z,D1,HARNESS_bench.js,1.0,100.63,7815.99,NA,NA,threads=11,phase4b
2026-08-09T23:30:56.879Z,D1,peer0.org1.example.com,3.61,602.38,7815.99,NA_HOST_NETWORK,NA_HOST_NETWORK,98066432/1751162880,phase4b
2026-08-09T23:30:57.351Z,D2,cc-unified,0.00,23.70,15914.51,NA_HOST_NETWORK,NA_HOST_NETWORK,1605632/425984,phase4b
2026-08-09T23:30:57.351Z,D2,orderer2.example.com,1.37,413.28,15914.51,NA_HOST_NETWORK,NA_HOST_NETWORK,8413184/1708212224,phase4b
2026-08-09T23:30:57.351Z,D2,peer0.org2.example.com,14.58,534.06,15914.51,NA_HOST_NETWORK,NA_HOST_NETWORK,223277056/2659303424,phase4b
2026-08-09T23:30:57.952Z,D3,cc-unified,0.00,26.97,15823.57,NA_HOST_NETWORK,NA_HOST_NETWORK,3649536/372736,phase4b
2026-08-09T23:30:57.952Z,D3,orderer3.example.com,1.64,503.01,15823.57,NA_HOST_NETWORK,NA_HOST_NETWORK,1736704/1715982336,phase4b
2026-08-09T23:30:57.952Z,D3,peer0.org3.example.com,8.24,579.11,15823.57,NA_HOST_NETWORK,NA_HOST_NETWORK,120246272/1797152768,phase4b
2026-08-09T23:30:58.924Z,D1,cc-unified,0.00,26.71,7815.99,NA_HOST_NETWORK,NA_HOST_NETWORK,618496/0,phase4b
2026-08-09T23:30:58.924Z,D1,HARNESS_bench.js,0.5,100.67,7815.99,NA,NA,threads=11,phase4b
2026-08-09T23:30:58.924Z,D1,peer0.org1.example.com,2.42,601.11,7815.99,NA_HOST_NETWORK,NA_HOST_NETWORK,98066432/1751162880,phase4b
2026-08-09T23:30:58.951Z,D4,cc-unified,0.00,24.99,15823.56,NA_HOST_NETWORK,NA_HOST_NETWORK,159744/0,phase4b
2026-08-09T23:30:58.951Z,D4,orderer.example.com,2.44,1155.96,15823.56,NA_HOST_NETWORK,NA_HOST_NETWORK,460144640/1216237568,phase4b
2026-08-09T23:30:58.951Z,D4,peer0.org4.example.com,3.09,865.75,15823.56,NA_HOST_NETWORK,NA_HOST_NETWORK,76492800/1748140032,phase4b
2026-08-09T23:30:59.423Z,D2,cc-unified,0.00,23.70,15914.51,NA_HOST_NETWORK,NA_HOST_NETWORK,1605632/425984,phase4b
2026-08-09T23:30:59.423Z,D2,orderer2.example.com,1.19,413.82,15914.51,NA_HOST_NETWORK,NA_HOST_NETWORK,8413184/1708212224,phase4b
2026-08-09T23:30:59.423Z,D2,peer0.org2.example.com,10.12,534.03,15914.51,NA_HOST_NETWORK,NA_HOST_NETWORK,223277056/2659659776,phase4b
2026-08-09T23:31:00.114Z,D3,cc-unified,0.00,26.97,15823.57,NA_HOST_NETWORK,NA_HOST_NETWORK,3649536/372736,phase4b
2026-08-09T23:31:00.114Z,D3,orderer3.example.com,2.94,482.00,15823.57,NA_HOST_NETWORK,NA_HOST_NETWORK,1736704/1715982336,phase4b
2026-08-09T23:31:00.114Z,D3,peer0.org3.example.com,6.52,579.19,15823.57,NA_HOST_NETWORK,NA_HOST_NETWORK,120246272/1797152768,phase4b
2026-08-09T23:31:00.974Z,D1,cc-unified,0.00,26.71,7815.99,NA_HOST_NETWORK,NA_HOST_NETWORK,618496/0,phase4b
2026-08-09T23:31:00.974Z,D1,HARNESS_bench.js,0.0,100.70,7815.99,NA,NA,threads=11,phase4b
2026-08-09T23:31:00.974Z,D1,peer0.org1.example.com,6.19,602.68,7815.99,NA_HOST_NETWORK,NA_HOST_NETWORK,98066432/1751162880,phase4b
2026-08-09T23:31:01.095Z,D4,cc-unified,0.00,24.99,15823.56,NA_HOST_NETWORK,NA_HOST_NETWORK,159744/0,phase4b
2026-08-09T23:31:01.095Z,D4,orderer.example.com,1.01,1155.27,15823.56,NA_HOST_NETWORK,NA_HOST_NETWORK,460144640/1216237568,phase4b
2026-08-09T23:31:01.095Z,D4,peer0.org4.example.com,1.55,866.00,15823.56,NA_HOST_NETWORK,NA_HOST_NETWORK,76492800/1748140032,phase4b
2026-08-09T23:31:01.509Z,D2,cc-unified,0.00,23.70,15914.51,NA_HOST_NETWORK,NA_HOST_NETWORK,1605632/425984,phase4b
2026-08-09T23:31:01.509Z,D2,orderer2.example.com,1.13,413.89,15914.51,NA_HOST_NETWORK,NA_HOST_NETWORK,8413184/1708212224,phase4b
2026-08-09T23:31:01.509Z,D2,peer0.org2.example.com,14.31,534.65,15914.51,NA_HOST_NETWORK,NA_HOST_NETWORK,223277056/2660020224,phase4b
2026-08-09T23:31:02.255Z,D3,cc-unified,0.00,26.97,15823.57,NA_HOST_NETWORK,NA_HOST_NETWORK,3649536/372736,phase4b
2026-08-09T23:31:02.255Z,D3,orderer3.example.com,1.74,482.49,15823.57,NA_HOST_NETWORK,NA_HOST_NETWORK,1736704/1715982336,phase4b
2026-08-09T23:31:02.255Z,D3,peer0.org3.example.com,5.91,578.60,15823.57,NA_HOST_NETWORK,NA_HOST_NETWORK,120246272/1797152768,phase4b
2026-08-09T23:31:03.091Z,D1,cc-unified,9.46,30.24,7815.99,NA_HOST_NETWORK,NA_HOST_NETWORK,618496/0,phase4b
2026-08-09T23:31:03.091Z,D1,HARNESS_bench.js,1.5,100.27,7815.99,NA,NA,threads=11,phase4b
2026-08-09T23:31:03.091Z,D1,peer0.org1.example.com,8.01,602.55,7815.99,NA_HOST_NETWORK,NA_HOST_NETWORK,98066432/1751162880,phase4b
2026-08-09T23:31:03.148Z,D4,cc-unified,0.00,24.99,15823.56,NA_HOST_NETWORK,NA_HOST_NETWORK,159744/0,phase4b
2026-08-09T23:31:03.148Z,D4,orderer.example.com,1.37,1155.05,15823.56,NA_HOST_NETWORK,NA_HOST_NETWORK,460144640/1216237568,phase4b
2026-08-09T23:31:03.148Z,D4,peer0.org4.example.com,2.20,865.75,15823.56,NA_HOST_NETWORK,NA_HOST_NETWORK,76492800/1748140032,phase4b
2026-08-09T23:31:03.595Z,D2,cc-unified,0.00,23.70,15914.51,NA_HOST_NETWORK,NA_HOST_NETWORK,1605632/425984,phase4b
2026-08-09T23:31:03.595Z,D2,orderer2.example.com,2.09,396.00,15914.51,NA_HOST_NETWORK,NA_HOST_NETWORK,8413184/1708212224,phase4b
2026-08-09T23:31:03.595Z,D2,peer0.org2.example.com,9.38,534.75,15914.51,NA_HOST_NETWORK,NA_HOST_NETWORK,223277056/2660106240,phase4b
2026-08-09T23:31:04.331Z,D3,cc-unified,0.00,26.97,15823.57,NA_HOST_NETWORK,NA_HOST_NETWORK,3649536/372736,phase4b
2026-08-09T23:31:04.331Z,D3,orderer3.example.com,1.83,482.75,15823.57,NA_HOST_NETWORK,NA_HOST_NETWORK,1736704/1715982336,phase4b
2026-08-09T23:31:04.331Z,D3,peer0.org3.example.com,8.08,579.42,15823.57,NA_HOST_NETWORK,NA_HOST_NETWORK,120246272/1797152768,phase4b
2026-08-09T23:31:05.157Z,D1,cc-unified,17.22,27.92,7815.99,NA_HOST_NETWORK,NA_HOST_NETWORK,618496/0,phase4b
2026-08-09T23:31:05.157Z,D1,HARNESS_bench.js,0.5,103.06,7815.99,NA,NA,threads=11,phase4b
2026-08-09T23:31:05.157Z,D1,peer0.org1.example.com,17.29,575.13,7815.99,NA_HOST_NETWORK,NA_HOST_NETWORK,98066432/1751162880,phase4b
2026-08-09T23:31:05.273Z,D4,cc-unified,0.00,24.99,15823.56,NA_HOST_NETWORK,NA_HOST_NETWORK,159744/0,phase4b
2026-08-09T23:31:05.273Z,D4,orderer.example.com,2.47,1155.04,15823.56,NA_HOST_NETWORK,NA_HOST_NETWORK,460144640/1216237568,phase4b
2026-08-09T23:31:05.273Z,D4,peer0.org4.example.com,3.21,866.00,15823.56,NA_HOST_NETWORK,NA_HOST_NETWORK,76492800/1748140032,phase4b
2026-08-09T23:31:05.684Z,D2,cc-unified,0.00,23.70,15914.51,NA_HOST_NETWORK,NA_HOST_NETWORK,1605632/425984,phase4b
2026-08-09T23:31:05.684Z,D2,orderer2.example.com,1.02,396.22,15914.51,NA_HOST_NETWORK,NA_HOST_NETWORK,8413184/1708212224,phase4b
2026-08-09T23:31:05.684Z,D2,peer0.org2.example.com,2.02,534.51,15914.51,NA_HOST_NETWORK,NA_HOST_NETWORK,223277056/2660106240,phase4b
2026-08-09T23:31:06.478Z,D3,cc-unified,0.00,26.97,15823.57,NA_HOST_NETWORK,NA_HOST_NETWORK,3649536/372736,phase4b
2026-08-09T23:31:06.478Z,D3,orderer3.example.com,1.65,482.02,15823.57,NA_HOST_NETWORK,NA_HOST_NETWORK,1736704/1715982336,phase4b
2026-08-09T23:31:06.478Z,D3,peer0.org3.example.com,7.58,587.49,15823.57,NA_HOST_NETWORK,NA_HOST_NETWORK,120246272/1797152768,phase4b
2026-08-09T23:31:07.294Z,D1,cc-unified,0.00,27.89,7815.99,NA_HOST_NETWORK,NA_HOST_NETWORK,618496/0,phase4b
2026-08-09T23:31:07.294Z,D1,HARNESS_bench.js,0.0,103.06,7815.99,NA,NA,threads=11,phase4b
2026-08-09T23:31:07.294Z,D1,peer0.org1.example.com,5.13,574.65,7815.99,NA_HOST_NETWORK,NA_HOST_NETWORK,98066432/1751162880,phase4b
2026-08-09T23:31:07.413Z,D4,cc-unified,0.00,24.99,15823.56,NA_HOST_NETWORK,NA_HOST_NETWORK,159744/0,phase4b
2026-08-09T23:31:07.413Z,D4,orderer.example.com,0.92,1154.82,15823.56,NA_HOST_NETWORK,NA_HOST_NETWORK,460144640/1216237568,phase4b
2026-08-09T23:31:07.413Z,D4,peer0.org4.example.com,0.90,866.01,15823.56,NA_HOST_NETWORK,NA_HOST_NETWORK,76492800/1748140032,phase4b
2026-08-09T23:31:07.772Z,D2,cc-unified,0.00,23.70,15914.51,NA_HOST_NETWORK,NA_HOST_NETWORK,1605632/425984,phase4b
2026-08-09T23:31:07.772Z,D2,orderer2.example.com,0.97,395.52,15914.51,NA_HOST_NETWORK,NA_HOST_NETWORK,8413184/1708212224,phase4b
2026-08-09T23:31:07.772Z,D2,peer0.org2.example.com,8.00,534.03,15914.51,NA_HOST_NETWORK,NA_HOST_NETWORK,223277056/2660106240,phase4b
2026-08-09T23:31:08.526Z,D3,cc-unified,0.00,26.97,15823.57,NA_HOST_NETWORK,NA_HOST_NETWORK,3649536/372736,phase4b
2026-08-09T23:31:08.526Z,D3,orderer3.example.com,1.57,482.04,15823.57,NA_HOST_NETWORK,NA_HOST_NETWORK,1736704/1715982336,phase4b
2026-08-09T23:31:08.526Z,D3,peer0.org3.example.com,7.18,588.59,15823.57,NA_HOST_NETWORK,NA_HOST_NETWORK,120246272/1797152768,phase4b
2026-08-09T23:31:09.447Z,D1,cc-unified,0.00,27.89,7815.99,NA_HOST_NETWORK,NA_HOST_NETWORK,618496/0,phase4b
2026-08-09T23:31:09.447Z,D1,HARNESS_bench.js,0.0,103.06,7815.99,NA,NA,threads=11,phase4b
2026-08-09T23:31:09.447Z,D1,peer0.org1.example.com,3.36,565.58,7815.99,NA_HOST_NETWORK,NA_HOST_NETWORK,98066432/1751162880,phase4b
2026-08-09T23:31:09.467Z,D4,cc-unified,0.00,24.99,15823.56,NA_HOST_NETWORK,NA_HOST_NETWORK,159744/0,phase4b
2026-08-09T23:31:09.467Z,D4,orderer.example.com,2.36,1154.78,15823.56,NA_HOST_NETWORK,NA_HOST_NETWORK,460144640/1216237568,phase4b
2026-08-09T23:31:09.467Z,D4,peer0.org4.example.com,2.97,865.75,15823.56,NA_HOST_NETWORK,NA_HOST_NETWORK,76492800/1748140032,phase4b
2026-08-09T23:31:09.904Z,D2,cc-unified,0.00,23.70,15914.51,NA_HOST_NETWORK,NA_HOST_NETWORK,1605632/425984,phase4b
2026-08-09T23:31:09.904Z,D2,orderer2.example.com,1.01,396.00,15914.51,NA_HOST_NETWORK,NA_HOST_NETWORK,8413184/1708212224,phase4b
2026-08-09T23:31:09.904Z,D2,peer0.org2.example.com,7.67,534.35,15914.51,NA_HOST_NETWORK,NA_HOST_NETWORK,223277056/2660106240,phase4b
2026-08-09T23:31:10.571Z,D3,cc-unified,0.00,26.97,15823.57,NA_HOST_NETWORK,NA_HOST_NETWORK,3649536/372736,phase4b
2026-08-09T23:31:10.571Z,D3,orderer3.example.com,1.73,481.57,15823.57,NA_HOST_NETWORK,NA_HOST_NETWORK,1736704/1715982336,phase4b
2026-08-09T23:31:10.571Z,D3,peer0.org3.example.com,6.89,579.64,15823.57,NA_HOST_NETWORK,NA_HOST_NETWORK,120246272/1797152768,phase4b
2026-08-09T23:31:11.611Z,D1,cc-unified,0.00,27.89,7815.99,NA_HOST_NETWORK,NA_HOST_NETWORK,618496/0,phase4b
2026-08-09T23:31:11.611Z,D1,HARNESS_bench.js,0.0,103.06,7815.99,NA,NA,threads=11,phase4b
2026-08-09T23:31:11.611Z,D1,peer0.org1.example.com,5.77,565.83,7815.99,NA_HOST_NETWORK,NA_HOST_NETWORK,98066432/1751162880,phase4b
2026-08-09T23:31:11.619Z,D4,cc-unified,0.00,24.99,15823.56,NA_HOST_NETWORK,NA_HOST_NETWORK,159744/0,phase4b
2026-08-09T23:31:11.619Z,D4,orderer.example.com,2.02,1155.53,15823.56,NA_HOST_NETWORK,NA_HOST_NETWORK,460144640/1216237568,phase4b
2026-08-09T23:31:11.619Z,D4,peer0.org4.example.com,2.76,866.01,15823.56,NA_HOST_NETWORK,NA_HOST_NETWORK,76492800/1748140032,phase4b
2026-08-09T23:31:11.962Z,D2,cc-unified,0.00,23.70,15914.51,NA_HOST_NETWORK,NA_HOST_NETWORK,1605632/425984,phase4b
2026-08-09T23:31:11.962Z,D2,orderer2.example.com,1.05,396.25,15914.51,NA_HOST_NETWORK,NA_HOST_NETWORK,8413184/1708212224,phase4b
2026-08-09T23:31:11.962Z,D2,peer0.org2.example.com,2.18,534.00,15914.51,NA_HOST_NETWORK,NA_HOST_NETWORK,223277056/2660106240,phase4b
2026-08-09T23:31:12.617Z,D3,cc-unified,0.00,26.97,15823.57,NA_HOST_NETWORK,NA_HOST_NETWORK,3649536/372736,phase4b
2026-08-09T23:31:12.617Z,D3,orderer3.example.com,1.56,481.79,15823.57,NA_HOST_NETWORK,NA_HOST_NETWORK,1736704/1715982336,phase4b
2026-08-09T23:31:12.617Z,D3,peer0.org3.example.com,7.67,579.93,15823.57,NA_HOST_NETWORK,NA_HOST_NETWORK,120246272/1797152768,phase4b
2026-08-09T23:31:13.752Z,D4,cc-unified,0.00,24.99,15823.56,NA_HOST_NETWORK,NA_HOST_NETWORK,159744/0,phase4b
2026-08-09T23:31:13.752Z,D4,orderer.example.com,1.04,1154.55,15823.56,NA_HOST_NETWORK,NA_HOST_NETWORK,460144640/1216237568,phase4b
2026-08-09T23:31:13.752Z,D4,peer0.org4.example.com,1.08,865.76,15823.56,NA_HOST_NETWORK,NA_HOST_NETWORK,76492800/1748140032,phase4b
2026-08-09T23:31:13.794Z,D1,cc-unified,0.00,27.89,7815.99,NA_HOST_NETWORK,NA_HOST_NETWORK,618496/0,phase4b
2026-08-09T23:31:13.794Z,D1,HARNESS_bench.js,0.0,103.06,7815.99,NA,NA,threads=11,phase4b
2026-08-09T23:31:13.794Z,D1,peer0.org1.example.com,2.86,565.58,7815.99,NA_HOST_NETWORK,NA_HOST_NETWORK,98066432/1751162880,phase4b
2026-08-09T23:31:14.037Z,D2,cc-unified,0.00,23.70,15914.51,NA_HOST_NETWORK,NA_HOST_NETWORK,1605632/425984,phase4b
2026-08-09T23:31:14.037Z,D2,orderer2.example.com,1.01,396.01,15914.51,NA_HOST_NETWORK,NA_HOST_NETWORK,8413184/1708212224,phase4b
2026-08-09T23:31:14.037Z,D2,peer0.org2.example.com,7.42,534.25,15914.51,NA_HOST_NETWORK,NA_HOST_NETWORK,223277056/2660106240,phase4b
2026-08-09T23:31:14.661Z,D3,cc-unified,0.00,26.97,15823.57,NA_HOST_NETWORK,NA_HOST_NETWORK,3649536/372736,phase4b
2026-08-09T23:31:14.661Z,D3,orderer3.example.com,1.54,482.27,15823.57,NA_HOST_NETWORK,NA_HOST_NETWORK,1736704/1715982336,phase4b
2026-08-09T23:31:14.661Z,D3,peer0.org3.example.com,6.87,580.04,15823.57,NA_HOST_NETWORK,NA_HOST_NETWORK,120246272/1797152768,phase4b
2026-08-09T23:31:15.804Z,D4,cc-unified,0.00,24.99,15823.56,NA_HOST_NETWORK,NA_HOST_NETWORK,159744/0,phase4b
2026-08-09T23:31:15.804Z,D4,orderer.example.com,0.94,1154.55,15823.56,NA_HOST_NETWORK,NA_HOST_NETWORK,460144640/1216237568,phase4b
2026-08-09T23:31:15.804Z,D4,peer0.org4.example.com,1.07,865.27,15823.56,NA_HOST_NETWORK,NA_HOST_NETWORK,76492800/1748140032,phase4b
2026-08-09T23:31:15.839Z,D1,cc-unified,0.00,27.89,7815.99,NA_HOST_NETWORK,NA_HOST_NETWORK,618496/0,phase4b
2026-08-09T23:31:15.839Z,D1,HARNESS_bench.js,0.0,103.06,7815.99,NA,NA,threads=11,phase4b
2026-08-09T23:31:15.839Z,D1,peer0.org1.example.com,2.48,564.83,7815.99,NA_HOST_NETWORK,NA_HOST_NETWORK,98066432/1751162880,phase4b
2026-08-09T23:31:16.124Z,D2,cc-unified,0.00,23.70,15914.51,NA_HOST_NETWORK,NA_HOST_NETWORK,1605632/425984,phase4b
2026-08-09T23:31:16.124Z,D2,orderer2.example.com,0.97,396.01,15914.51,NA_HOST_NETWORK,NA_HOST_NETWORK,8413184/1708212224,phase4b
2026-08-09T23:31:16.124Z,D2,peer0.org2.example.com,7.48,534.50,15914.51,NA_HOST_NETWORK,NA_HOST_NETWORK,223277056/2660106240,phase4b
2026-08-09T23:31:16.825Z,D3,cc-unified,0.00,26.97,15823.57,NA_HOST_NETWORK,NA_HOST_NETWORK,3649536/372736,phase4b
2026-08-09T23:31:16.825Z,D3,orderer3.example.com,1.57,482.30,15823.57,NA_HOST_NETWORK,NA_HOST_NETWORK,1736704/1715982336,phase4b
2026-08-09T23:31:16.825Z,D3,peer0.org3.example.com,6.20,579.55,15823.57,NA_HOST_NETWORK,NA_HOST_NETWORK,120246272/1797152768,phase4b
2026-08-09T23:31:17.849Z,D4,cc-unified,0.00,24.99,15823.56,NA_HOST_NETWORK,NA_HOST_NETWORK,159744/0,phase4b
2026-08-09T23:31:17.849Z,D4,orderer.example.com,2.07,1154.81,15823.56,NA_HOST_NETWORK,NA_HOST_NETWORK,460144640/1216237568,phase4b
2026-08-09T23:31:17.849Z,D4,peer0.org4.example.com,2.45,865.25,15823.56,NA_HOST_NETWORK,NA_HOST_NETWORK,76492800/1748140032,phase4b
2026-08-09T23:31:17.934Z,D1,cc-unified,0.00,27.89,7815.99,NA_HOST_NETWORK,NA_HOST_NETWORK,618496/0,phase4b
2026-08-09T23:31:17.934Z,D1,HARNESS_bench.js,0.0,103.06,7815.99,NA,NA,threads=11,phase4b
2026-08-09T23:31:17.934Z,D1,peer0.org1.example.com,6.46,566.01,7815.99,NA_HOST_NETWORK,NA_HOST_NETWORK,98066432/1751162880,phase4b
2026-08-09T23:31:18.210Z,D2,cc-unified,0.00,23.70,15914.51,NA_HOST_NETWORK,NA_HOST_NETWORK,1605632/425984,phase4b
2026-08-09T23:31:18.210Z,D2,orderer2.example.com,1.03,395.77,15914.51,NA_HOST_NETWORK,NA_HOST_NETWORK,8413184/1708212224,phase4b
2026-08-09T23:31:18.210Z,D2,peer0.org2.example.com,5.84,541.60,15914.51,NA_HOST_NETWORK,NA_HOST_NETWORK,223277056/2660106240,phase4b
2026-08-09T23:31:18.878Z,D3,cc-unified,0.00,26.97,15823.57,NA_HOST_NETWORK,NA_HOST_NETWORK,3649536/372736,phase4b
2026-08-09T23:31:18.878Z,D3,orderer3.example.com,1.69,482.30,15823.57,NA_HOST_NETWORK,NA_HOST_NETWORK,1736704/1715982336,phase4b
2026-08-09T23:31:18.878Z,D3,peer0.org3.example.com,5.68,579.84,15823.57,NA_HOST_NETWORK,NA_HOST_NETWORK,120246272/1797152768,phase4b
2026-08-09T23:31:19.900Z,D4,cc-unified,0.00,24.99,15823.56,NA_HOST_NETWORK,NA_HOST_NETWORK,159744/0,phase4b
2026-08-09T23:31:19.900Z,D4,orderer.example.com,1.29,1155.02,15823.56,NA_HOST_NETWORK,NA_HOST_NETWORK,460144640/1216237568,phase4b
2026-08-09T23:31:19.900Z,D4,peer0.org4.example.com,1.65,865.75,15823.56,NA_HOST_NETWORK,NA_HOST_NETWORK,76492800/1748140032,phase4b
2026-08-09T23:31:20.079Z,D1,cc-unified,0.00,27.89,7815.99,NA_HOST_NETWORK,NA_HOST_NETWORK,618496/0,phase4b
2026-08-09T23:31:20.079Z,D1,HARNESS_bench.js,0.0,103.06,7815.99,NA,NA,threads=11,phase4b
2026-08-09T23:31:20.079Z,D1,peer0.org1.example.com,2.88,565.32,7815.99,NA_HOST_NETWORK,NA_HOST_NETWORK,98066432/1751162880,phase4b
2026-08-09T23:31:20.271Z,D2,cc-unified,0.00,23.70,15914.51,NA_HOST_NETWORK,NA_HOST_NETWORK,1605632/425984,phase4b
2026-08-09T23:31:20.271Z,D2,orderer2.example.com,0.99,396.02,15914.51,NA_HOST_NETWORK,NA_HOST_NETWORK,8413184/1708212224,phase4b
2026-08-09T23:31:20.271Z,D2,peer0.org2.example.com,3.82,534.00,15914.51,NA_HOST_NETWORK,NA_HOST_NETWORK,223277056/2660106240,phase4b
2026-08-09T23:31:21.041Z,D3,cc-unified,0.00,26.97,15823.57,NA_HOST_NETWORK,NA_HOST_NETWORK,3649536/372736,phase4b
2026-08-09T23:31:21.041Z,D3,orderer3.example.com,1.57,482.55,15823.57,NA_HOST_NETWORK,NA_HOST_NETWORK,1736704/1715982336,phase4b
2026-08-09T23:31:21.041Z,D3,peer0.org3.example.com,7.28,579.28,15823.57,NA_HOST_NETWORK,NA_HOST_NETWORK,120246272/1797152768,phase4b
2026-08-09T23:31:21.982Z,D4,cc-unified,0.00,24.99,15823.56,NA_HOST_NETWORK,NA_HOST_NETWORK,159744/0,phase4b
2026-08-09T23:31:21.982Z,D4,orderer.example.com,2.35,1156.00,15823.56,NA_HOST_NETWORK,NA_HOST_NETWORK,460144640/1216237568,phase4b
2026-08-09T23:31:21.982Z,D4,peer0.org4.example.com,2.90,865.75,15823.56,NA_HOST_NETWORK,NA_HOST_NETWORK,76492800/1748140032,phase4b
2026-08-09T23:31:22.193Z,D1,cc-unified,0.00,27.89,7815.99,NA_HOST_NETWORK,NA_HOST_NETWORK,618496/0,phase4b
2026-08-09T23:31:22.193Z,D1,HARNESS_bench.js,0.0,103.06,7815.99,NA,NA,threads=11,phase4b
2026-08-09T23:31:22.193Z,D1,peer0.org1.example.com,3.70,565.32,7815.99,NA_HOST_NETWORK,NA_HOST_NETWORK,98066432/1751162880,phase4b
2026-08-09T23:31:22.329Z,D2,cc-unified,0.00,23.70,15914.51,NA_HOST_NETWORK,NA_HOST_NETWORK,1605632/425984,phase4b
2026-08-09T23:31:22.329Z,D2,orderer2.example.com,1.01,395.77,15914.51,NA_HOST_NETWORK,NA_HOST_NETWORK,8413184/1708212224,phase4b
2026-08-09T23:31:22.329Z,D2,peer0.org2.example.com,7.34,534.01,15914.51,NA_HOST_NETWORK,NA_HOST_NETWORK,223277056/2660106240,phase4b
2026-08-09T23:31:23.204Z,D3,cc-unified,0.00,26.97,15823.57,NA_HOST_NETWORK,NA_HOST_NETWORK,3649536/372736,phase4b
2026-08-09T23:31:23.204Z,D3,orderer3.example.com,1.69,482.30,15823.57,NA_HOST_NETWORK,NA_HOST_NETWORK,1736704/1715982336,phase4b
2026-08-09T23:31:23.204Z,D3,peer0.org3.example.com,5.80,579.63,15823.57,NA_HOST_NETWORK,NA_HOST_NETWORK,120246272/1797152768,phase4b
2026-08-09T23:31:24.136Z,D4,cc-unified,0.00,24.99,15823.56,NA_HOST_NETWORK,NA_HOST_NETWORK,159744/0,phase4b
2026-08-09T23:31:24.136Z,D4,orderer.example.com,1.18,1155.27,15823.56,NA_HOST_NETWORK,NA_HOST_NETWORK,460144640/1216237568,phase4b
2026-08-09T23:31:24.136Z,D4,peer0.org4.example.com,1.42,866.51,15823.56,NA_HOST_NETWORK,NA_HOST_NETWORK,76492800/1748140032,phase4b
2026-08-09T23:31:24.287Z,D1,cc-unified,0.00,27.89,7815.99,NA_HOST_NETWORK,NA_HOST_NETWORK,618496/0,phase4b
2026-08-09T23:31:24.287Z,D1,HARNESS_bench.js,0.0,103.07,7815.99,NA,NA,threads=11,phase4b
2026-08-09T23:31:24.287Z,D1,peer0.org1.example.com,6.11,565.80,7815.99,NA_HOST_NETWORK,NA_HOST_NETWORK,98066432/1751162880,phase4b
2026-08-09T23:31:24.416Z,D2,cc-unified,0.00,23.70,15914.51,NA_HOST_NETWORK,NA_HOST_NETWORK,1605632/425984,phase4b
2026-08-09T23:31:24.416Z,D2,orderer2.example.com,1.01,395.77,15914.51,NA_HOST_NETWORK,NA_HOST_NETWORK,8413184/1708212224,phase4b
2026-08-09T23:31:24.416Z,D2,peer0.org2.example.com,8.92,534.39,15914.51,NA_HOST_NETWORK,NA_HOST_NETWORK,223277056/2660106240,phase4b
2026-08-09T23:31:25.273Z,D3,cc-unified,0.00,26.97,15823.57,NA_HOST_NETWORK,NA_HOST_NETWORK,3649536/372736,phase4b
2026-08-09T23:31:25.273Z,D3,orderer3.example.com,1.52,482.29,15823.57,NA_HOST_NETWORK,NA_HOST_NETWORK,1736704/1715982336,phase4b
2026-08-09T23:31:25.273Z,D3,peer0.org3.example.com,8.58,579.33,15823.57,NA_HOST_NETWORK,NA_HOST_NETWORK,120246272/1797152768,phase4b
2026-08-09T23:31:26.187Z,D4,cc-unified,0.00,24.99,15823.56,NA_HOST_NETWORK,NA_HOST_NETWORK,159744/0,phase4b
2026-08-09T23:31:26.187Z,D4,orderer.example.com,2.11,1155.25,15823.56,NA_HOST_NETWORK,NA_HOST_NETWORK,460144640/1216237568,phase4b
2026-08-09T23:31:26.187Z,D4,peer0.org4.example.com,2.42,865.52,15823.56,NA_HOST_NETWORK,NA_HOST_NETWORK,76492800/1748140032,phase4b
2026-08-09T23:31:26.384Z,D1,cc-unified,0.00,27.89,7815.99,NA_HOST_NETWORK,NA_HOST_NETWORK,618496/0,phase4b
2026-08-09T23:31:26.384Z,D1,HARNESS_bench.js,0.0,103.07,7815.99,NA,NA,threads=11,phase4b
2026-08-09T23:31:26.384Z,D1,peer0.org1.example.com,2.89,565.33,7815.99,NA_HOST_NETWORK,NA_HOST_NETWORK,98066432/1751162880,phase4b
2026-08-09T23:31:26.487Z,D2,cc-unified,0.00,23.70,15914.51,NA_HOST_NETWORK,NA_HOST_NETWORK,1605632/425984,phase4b
2026-08-09T23:31:26.487Z,D2,orderer2.example.com,0.99,396.01,15914.51,NA_HOST_NETWORK,NA_HOST_NETWORK,8413184/1708212224,phase4b
2026-08-09T23:31:26.487Z,D2,peer0.org2.example.com,1.90,534.00,15914.51,NA_HOST_NETWORK,NA_HOST_NETWORK,223277056/2660106240,phase4b
2026-08-09T23:31:27.356Z,D3,cc-unified,0.00,26.97,15823.57,NA_HOST_NETWORK,NA_HOST_NETWORK,3649536/372736,phase4b
2026-08-09T23:31:27.356Z,D3,orderer3.example.com,1.60,482.05,15823.57,NA_HOST_NETWORK,NA_HOST_NETWORK,1736704/1715982336,phase4b
2026-08-09T23:31:27.356Z,D3,peer0.org3.example.com,5.49,579.14,15823.57,NA_HOST_NETWORK,NA_HOST_NETWORK,120246272/1797152768,phase4b
2026-08-09T23:31:28.335Z,D4,cc-unified,0.00,24.99,15823.56,NA_HOST_NETWORK,NA_HOST_NETWORK,159744/0,phase4b
2026-08-09T23:31:28.335Z,D4,orderer.example.com,1.45,1155.27,15823.56,NA_HOST_NETWORK,NA_HOST_NETWORK,460144640/1216237568,phase4b
2026-08-09T23:31:28.335Z,D4,peer0.org4.example.com,2.38,865.02,15823.56,NA_HOST_NETWORK,NA_HOST_NETWORK,76492800/1748140032,phase4b
2026-08-09T23:31:28.432Z,D1,cc-unified,0.00,27.89,7815.99,NA_HOST_NETWORK,NA_HOST_NETWORK,618496/0,phase4b
2026-08-09T23:31:28.432Z,D1,HARNESS_bench.js,0.0,103.07,7815.99,NA,NA,threads=11,phase4b
2026-08-09T23:31:28.432Z,D1,peer0.org1.example.com,6.19,566.17,7815.99,NA_HOST_NETWORK,NA_HOST_NETWORK,98066432/1751162880,phase4b
2026-08-09T23:31:28.573Z,D2,cc-unified,0.00,23.70,15914.51,NA_HOST_NETWORK,NA_HOST_NETWORK,1605632/425984,phase4b
2026-08-09T23:31:28.573Z,D2,orderer2.example.com,0.99,396.24,15914.51,NA_HOST_NETWORK,NA_HOST_NETWORK,8413184/1708212224,phase4b
2026-08-09T23:31:28.573Z,D2,peer0.org2.example.com,7.72,534.75,15914.51,NA_HOST_NETWORK,NA_HOST_NETWORK,223277056/2660106240,phase4b
2026-08-09T23:31:29.519Z,D3,cc-unified,0.00,26.97,15823.57,NA_HOST_NETWORK,NA_HOST_NETWORK,3649536/372736,phase4b
2026-08-09T23:31:29.519Z,D3,orderer3.example.com,1.49,482.05,15823.57,NA_HOST_NETWORK,NA_HOST_NETWORK,1736704/1715982336,phase4b
2026-08-09T23:31:29.519Z,D3,peer0.org3.example.com,6.18,579.33,15823.57,NA_HOST_NETWORK,NA_HOST_NETWORK,120246272/1797152768,phase4b
2026-08-09T23:31:30.388Z,D4,cc-unified,0.00,24.99,15823.56,NA_HOST_NETWORK,NA_HOST_NETWORK,159744/0,phase4b
2026-08-09T23:31:30.388Z,D4,orderer.example.com,0.71,1153.81,15823.56,NA_HOST_NETWORK,NA_HOST_NETWORK,460144640/1216237568,phase4b
2026-08-09T23:31:30.388Z,D4,peer0.org4.example.com,0.68,865.01,15823.56,NA_HOST_NETWORK,NA_HOST_NETWORK,76492800/1748140032,phase4b
2026-08-09T23:31:30.510Z,D1,cc-unified,0.00,27.89,7815.99,NA_HOST_NETWORK,NA_HOST_NETWORK,618496/0,phase4b
2026-08-09T23:31:30.510Z,D1,HARNESS_bench.js,0.0,103.07,7815.99,NA,NA,threads=11,phase4b
2026-08-09T23:31:30.510Z,D1,peer0.org1.example.com,2.99,565.58,7815.99,NA_HOST_NETWORK,NA_HOST_NETWORK,98066432/1751162880,phase4b
2026-08-09T23:31:30.729Z,D2,cc-unified,0.00,23.70,15914.51,NA_HOST_NETWORK,NA_HOST_NETWORK,1605632/425984,phase4b
2026-08-09T23:31:30.729Z,D2,orderer2.example.com,1.01,396.25,15914.51,NA_HOST_NETWORK,NA_HOST_NETWORK,8413184/1708212224,phase4b
2026-08-09T23:31:30.729Z,D2,peer0.org2.example.com,6.99,534.31,15914.51,NA_HOST_NETWORK,NA_HOST_NETWORK,223277056/2660106240,phase4b
2026-08-09T23:31:31.679Z,D3,cc-unified,0.00,26.97,15823.57,NA_HOST_NETWORK,NA_HOST_NETWORK,3649536/372736,phase4b
2026-08-09T23:31:31.679Z,D3,orderer3.example.com,1.60,482.28,15823.57,NA_HOST_NETWORK,NA_HOST_NETWORK,1736704/1715982336,phase4b
2026-08-09T23:31:31.679Z,D3,peer0.org3.example.com,5.39,579.52,15823.57,NA_HOST_NETWORK,NA_HOST_NETWORK,120246272/1797152768,phase4b
2026-08-09T23:31:32.451Z,D4,cc-unified,0.00,24.99,15823.56,NA_HOST_NETWORK,NA_HOST_NETWORK,159744/0,phase4b
2026-08-09T23:31:32.451Z,D4,orderer.example.com,2.19,1155.03,15823.56,NA_HOST_NETWORK,NA_HOST_NETWORK,460144640/1216237568,phase4b
2026-08-09T23:31:32.451Z,D4,peer0.org4.example.com,2.98,866.25,15823.56,NA_HOST_NETWORK,NA_HOST_NETWORK,76492800/1748140032,phase4b
2026-08-09T23:31:32.654Z,D1,cc-unified,0.00,27.89,7815.99,NA_HOST_NETWORK,NA_HOST_NETWORK,618496/0,phase4b
2026-08-09T23:31:32.654Z,D1,HARNESS_bench.js,0.0,103.07,7815.99,NA,NA,threads=11,phase4b
2026-08-09T23:31:32.654Z,D1,peer0.org1.example.com,3.22,565.82,7815.99,NA_HOST_NETWORK,NA_HOST_NETWORK,98066432/1751162880,phase4b
2026-08-09T23:31:32.786Z,D2,cc-unified,0.00,23.70,15914.51,NA_HOST_NETWORK,NA_HOST_NETWORK,1605632/425984,phase4b
2026-08-09T23:31:32.786Z,D2,orderer2.example.com,1.02,395.99,15914.51,NA_HOST_NETWORK,NA_HOST_NETWORK,8413184/1708212224,phase4b
2026-08-09T23:31:32.786Z,D2,peer0.org2.example.com,2.51,534.74,15914.51,NA_HOST_NETWORK,NA_HOST_NETWORK,223277056/2660106240,phase4b
2026-08-09T23:31:33.843Z,D3,cc-unified,0.00,26.97,15823.57,NA_HOST_NETWORK,NA_HOST_NETWORK,3649536/372736,phase4b
2026-08-09T23:31:33.843Z,D3,orderer3.example.com,1.63,482.04,15823.57,NA_HOST_NETWORK,NA_HOST_NETWORK,1736704/1715982336,phase4b
2026-08-09T23:31:33.843Z,D3,peer0.org3.example.com,8.22,578.56,15823.57,NA_HOST_NETWORK,NA_HOST_NETWORK,120246272/1797152768,phase4b
2026-08-09T23:31:34.625Z,D4,cc-unified,0.00,24.99,15823.56,NA_HOST_NETWORK,NA_HOST_NETWORK,159744/0,phase4b
2026-08-09T23:31:34.625Z,D4,orderer.example.com,1.61,1155.26,15823.56,NA_HOST_NETWORK,NA_HOST_NETWORK,460144640/1216237568,phase4b
2026-08-09T23:31:34.625Z,D4,peer0.org4.example.com,2.25,865.77,15823.56,NA_HOST_NETWORK,NA_HOST_NETWORK,76492800/1748140032,phase4b
2026-08-09T23:31:34.843Z,D1,cc-unified,0.00,27.89,7815.99,NA_HOST_NETWORK,NA_HOST_NETWORK,618496/0,phase4b
2026-08-09T23:31:34.843Z,D1,HARNESS_bench.js,0.0,103.07,7815.99,NA,NA,threads=11,phase4b
2026-08-09T23:31:34.843Z,D1,peer0.org1.example.com,5.64,565.34,7815.99,NA_HOST_NETWORK,NA_HOST_NETWORK,98066432/1751162880,phase4b
2026-08-09T23:31:34.874Z,D2,cc-unified,0.00,23.70,15914.51,NA_HOST_NETWORK,NA_HOST_NETWORK,1605632/425984,phase4b
2026-08-09T23:31:34.874Z,D2,orderer2.example.com,1.00,396.24,15914.51,NA_HOST_NETWORK,NA_HOST_NETWORK,8413184/1708212224,phase4b
2026-08-09T23:31:34.874Z,D2,peer0.org2.example.com,8.04,534.50,15914.51,NA_HOST_NETWORK,NA_HOST_NETWORK,223277056/2660106240,phase4b
2026-08-09T23:31:35.903Z,D3,cc-unified,0.00,26.97,15823.57,NA_HOST_NETWORK,NA_HOST_NETWORK,3649536/372736,phase4b
2026-08-09T23:31:35.903Z,D3,orderer3.example.com,1.66,481.80,15823.57,NA_HOST_NETWORK,NA_HOST_NETWORK,1736704/1715982336,phase4b
2026-08-09T23:31:35.903Z,D3,peer0.org3.example.com,5.98,578.49,15823.57,NA_HOST_NETWORK,NA_HOST_NETWORK,120246272/1797152768,phase4b
2026-08-09T23:31:36.671Z,D4,cc-unified,0.00,24.99,15823.56,NA_HOST_NETWORK,NA_HOST_NETWORK,159744/0,phase4b
2026-08-09T23:31:36.671Z,D4,orderer.example.com,1.63,1155.02,15823.56,NA_HOST_NETWORK,NA_HOST_NETWORK,460144640/1216237568,phase4b
2026-08-09T23:31:36.671Z,D4,peer0.org4.example.com,1.96,865.51,15823.56,NA_HOST_NETWORK,NA_HOST_NETWORK,76492800/1748140032,phase4b
2026-08-09T23:31:36.893Z,D1,cc-unified,0.00,27.89,7815.99,NA_HOST_NETWORK,NA_HOST_NETWORK,618496/0,phase4b
2026-08-09T23:31:36.893Z,D1,HARNESS_bench.js,0.0,103.07,7815.99,NA,NA,threads=11,phase4b
2026-08-09T23:31:36.893Z,D1,peer0.org1.example.com,3.48,566.06,7815.99,NA_HOST_NETWORK,NA_HOST_NETWORK,98066432/1751162880,phase4b
2026-08-09T23:31:36.962Z,D2,cc-unified,0.00,23.70,15914.51,NA_HOST_NETWORK,NA_HOST_NETWORK,1605632/425984,phase4b
2026-08-09T23:31:36.962Z,D2,orderer2.example.com,1.02,396.26,15914.51,NA_HOST_NETWORK,NA_HOST_NETWORK,8413184/1708212224,phase4b
2026-08-09T23:31:36.962Z,D2,peer0.org2.example.com,7.95,534.37,15914.51,NA_HOST_NETWORK,NA_HOST_NETWORK,223277056/2660106240,phase4b
2026-08-09T23:31:38.120Z,D3,cc-unified,0.00,26.97,15823.57,NA_HOST_NETWORK,NA_HOST_NETWORK,3649536/372736,phase4b
2026-08-09T23:31:38.120Z,D3,orderer3.example.com,1.67,482.79,15823.57,NA_HOST_NETWORK,NA_HOST_NETWORK,1736704/1715982336,phase4b
2026-08-09T23:31:38.120Z,D3,peer0.org3.example.com,6.52,579.71,15823.57,NA_HOST_NETWORK,NA_HOST_NETWORK,120246272/1797152768,phase4b
2026-08-09T23:31:38.814Z,D4,cc-unified,0.00,24.99,15823.56,NA_HOST_NETWORK,NA_HOST_NETWORK,159744/0,phase4b
2026-08-09T23:31:38.814Z,D4,orderer.example.com,2.37,1154.34,15823.56,NA_HOST_NETWORK,NA_HOST_NETWORK,460144640/1216237568,phase4b
2026-08-09T23:31:38.814Z,D4,peer0.org4.example.com,3.07,866.00,15823.56,NA_HOST_NETWORK,NA_HOST_NETWORK,76492800/1748140032,phase4b
2026-08-09T23:31:39.042Z,D1,cc-unified,0.00,27.89,7815.99,NA_HOST_NETWORK,NA_HOST_NETWORK,618496/0,phase4b
2026-08-09T23:31:39.042Z,D1,HARNESS_bench.js,0.0,103.07,7815.99,NA,NA,threads=11,phase4b
2026-08-09T23:31:39.042Z,D1,peer0.org1.example.com,2.85,565.33,7815.99,NA_HOST_NETWORK,NA_HOST_NETWORK,98066432/1751162880,phase4b
2026-08-09T23:31:39.047Z,D2,cc-unified,0.00,23.70,15914.51,NA_HOST_NETWORK,NA_HOST_NETWORK,1605632/425984,phase4b
2026-08-09T23:31:39.047Z,D2,orderer2.example.com,1.05,396.01,15914.51,NA_HOST_NETWORK,NA_HOST_NETWORK,8413184/1708212224,phase4b
2026-08-09T23:31:39.047Z,D2,peer0.org2.example.com,2.39,534.75,15914.51,NA_HOST_NETWORK,NA_HOST_NETWORK,223277056/2660106240,phase4b
2026-08-09T23:31:40.177Z,D3,cc-unified,0.00,26.97,15823.57,NA_HOST_NETWORK,NA_HOST_NETWORK,3649536/372736,phase4b
2026-08-09T23:31:40.177Z,D3,orderer3.example.com,1.55,482.79,15823.57,NA_HOST_NETWORK,NA_HOST_NETWORK,1736704/1715982336,phase4b
2026-08-09T23:31:40.177Z,D3,peer0.org3.example.com,7.45,579.23,15823.57,NA_HOST_NETWORK,NA_HOST_NETWORK,120246272/1797152768,phase4b
2026-08-09T23:31:40.968Z,D4,cc-unified,0.00,24.99,15823.56,NA_HOST_NETWORK,NA_HOST_NETWORK,159744/0,phase4b
2026-08-09T23:31:40.968Z,D4,orderer.example.com,1.46,1154.79,15823.56,NA_HOST_NETWORK,NA_HOST_NETWORK,460144640/1216237568,phase4b
2026-08-09T23:31:40.968Z,D4,peer0.org4.example.com,2.17,866.25,15823.56,NA_HOST_NETWORK,NA_HOST_NETWORK,76492800/1748140032,phase4b
2026-08-09T23:31:41.133Z,D2,cc-unified,0.00,23.70,15914.51,NA_HOST_NETWORK,NA_HOST_NETWORK,1605632/425984,phase4b
2026-08-09T23:31:41.133Z,D2,orderer2.example.com,1.00,395.76,15914.51,NA_HOST_NETWORK,NA_HOST_NETWORK,8413184/1708212224,phase4b
2026-08-09T23:31:41.133Z,D2,peer0.org2.example.com,7.45,534.75,15914.51,NA_HOST_NETWORK,NA_HOST_NETWORK,223277056/2660106240,phase4b
2026-08-09T23:31:41.187Z,D1,cc-unified,0.00,27.89,7815.99,NA_HOST_NETWORK,NA_HOST_NETWORK,618496/0,phase4b
2026-08-09T23:31:41.187Z,D1,HARNESS_bench.js,0.0,103.07,7815.99,NA,NA,threads=11,phase4b
2026-08-09T23:31:41.187Z,D1,peer0.org1.example.com,5.43,565.97,7815.99,NA_HOST_NETWORK,NA_HOST_NETWORK,98066432/1751162880,phase4b
2026-08-09T23:31:42.255Z,D3,cc-unified,0.00,26.97,15823.57,NA_HOST_NETWORK,NA_HOST_NETWORK,3649536/372736,phase4b
2026-08-09T23:31:42.255Z,D3,orderer3.example.com,1.65,482.31,15823.57,NA_HOST_NETWORK,NA_HOST_NETWORK,1736704/1715982336,phase4b
2026-08-09T23:31:42.255Z,D3,peer0.org3.example.com,6.60,579.82,15823.57,NA_HOST_NETWORK,NA_HOST_NETWORK,120246272/1797152768,phase4b
2026-08-09T23:31:43.018Z,D4,cc-unified,0.00,24.99,15823.56,NA_HOST_NETWORK,NA_HOST_NETWORK,159744/0,phase4b
2026-08-09T23:31:43.018Z,D4,orderer.example.com,0.69,1155.77,15823.56,NA_HOST_NETWORK,NA_HOST_NETWORK,460144640/1216237568,phase4b
2026-08-09T23:31:43.018Z,D4,peer0.org4.example.com,0.51,865.51,15823.56,NA_HOST_NETWORK,NA_HOST_NETWORK,76492800/1748140032,phase4b
2026-08-09T23:31:43.214Z,D2,cc-unified,0.00,23.70,15914.51,NA_HOST_NETWORK,NA_HOST_NETWORK,1605632/425984,phase4b
2026-08-09T23:31:43.214Z,D2,orderer2.example.com,0.98,395.77,15914.51,NA_HOST_NETWORK,NA_HOST_NETWORK,8413184/1708212224,phase4b
2026-08-09T23:31:43.214Z,D2,peer0.org2.example.com,7.33,534.00,15914.51,NA_HOST_NETWORK,NA_HOST_NETWORK,223277056/2660106240,phase4b
2026-08-09T23:31:43.296Z,D1,cc-unified,0.00,27.89,7815.99,NA_HOST_NETWORK,NA_HOST_NETWORK,618496/0,phase4b
2026-08-09T23:31:43.296Z,D1,HARNESS_bench.js,0.0,103.07,7815.99,NA,NA,threads=11,phase4b
2026-08-09T23:31:43.296Z,D1,peer0.org1.example.com,2.59,565.82,7815.99,NA_HOST_NETWORK,NA_HOST_NETWORK,98066432/1751162880,phase4b
2026-08-09T23:31:44.418Z,D3,cc-unified,0.00,26.97,15823.57,NA_HOST_NETWORK,NA_HOST_NETWORK,3649536/372736,phase4b
2026-08-09T23:31:44.418Z,D3,orderer3.example.com,1.74,483.04,15823.57,NA_HOST_NETWORK,NA_HOST_NETWORK,1736704/1715982336,phase4b
2026-08-09T23:31:44.418Z,D3,peer0.org3.example.com,6.27,579.13,15823.57,NA_HOST_NETWORK,NA_HOST_NETWORK,120246272/1797152768,phase4b
2026-08-09T23:31:45.066Z,D4,cc-unified,0.00,24.99,15823.56,NA_HOST_NETWORK,NA_HOST_NETWORK,159744/0,phase4b
2026-08-09T23:31:45.066Z,D4,orderer.example.com,2.08,1154.55,15823.56,NA_HOST_NETWORK,NA_HOST_NETWORK,460144640/1216237568,phase4b
2026-08-09T23:31:45.066Z,D4,peer0.org4.example.com,3.25,865.76,15823.56,NA_HOST_NETWORK,NA_HOST_NETWORK,76492800/1748140032,phase4b
2026-08-09T23:31:45.280Z,D2,cc-unified,0.00,23.70,15914.51,NA_HOST_NETWORK,NA_HOST_NETWORK,1605632/425984,phase4b
2026-08-09T23:31:45.280Z,D2,orderer2.example.com,1.03,396.02,15914.51,NA_HOST_NETWORK,NA_HOST_NETWORK,8413184/1708212224,phase4b
2026-08-09T23:31:45.280Z,D2,peer0.org2.example.com,2.25,534.25,15914.51,NA_HOST_NETWORK,NA_HOST_NETWORK,223277056/2660106240,phase4b
2026-08-09T23:31:45.437Z,D1,cc-unified,0.00,27.89,7815.99,NA_HOST_NETWORK,NA_HOST_NETWORK,618496/0,phase4b
2026-08-09T23:31:45.437Z,D1,HARNESS_bench.js,0.0,103.07,7815.99,NA,NA,threads=11,phase4b
2026-08-09T23:31:45.437Z,D1,peer0.org1.example.com,3.51,565.31,7815.99,NA_HOST_NETWORK,NA_HOST_NETWORK,98066432/1751162880,phase4b
2026-08-09T23:31:46.583Z,D3,cc-unified,0.00,26.97,15823.57,NA_HOST_NETWORK,NA_HOST_NETWORK,3649536/372736,phase4b
2026-08-09T23:31:46.583Z,D3,orderer3.example.com,1.59,483.02,15823.57,NA_HOST_NETWORK,NA_HOST_NETWORK,1736704/1715982336,phase4b
2026-08-09T23:31:46.583Z,D3,peer0.org3.example.com,5.57,579.49,15823.57,NA_HOST_NETWORK,NA_HOST_NETWORK,120246272/1797152768,phase4b
2026-08-09T23:31:47.211Z,D4,cc-unified,0.00,24.99,15823.56,NA_HOST_NETWORK,NA_HOST_NETWORK,159744/0,phase4b
2026-08-09T23:31:47.211Z,D4,orderer.example.com,1.74,1154.27,15823.56,NA_HOST_NETWORK,NA_HOST_NETWORK,460144640/1216237568,phase4b
2026-08-09T23:31:47.211Z,D4,peer0.org4.example.com,4.26,811.40,15823.56,NA_HOST_NETWORK,NA_HOST_NETWORK,76492800/1748140032,phase4b
2026-08-09T23:31:47.346Z,D2,cc-unified,0.00,23.70,15914.51,NA_HOST_NETWORK,NA_HOST_NETWORK,1605632/425984,phase4b
2026-08-09T23:31:47.346Z,D2,orderer2.example.com,1.02,395.77,15914.51,NA_HOST_NETWORK,NA_HOST_NETWORK,8413184/1708212224,phase4b
2026-08-09T23:31:47.346Z,D2,peer0.org2.example.com,7.58,534.00,15914.51,NA_HOST_NETWORK,NA_HOST_NETWORK,223277056/2660106240,phase4b
2026-08-09T23:31:47.583Z,D1,cc-unified,0.00,27.89,7815.99,NA_HOST_NETWORK,NA_HOST_NETWORK,618496/0,phase4b
2026-08-09T23:31:47.583Z,D1,HARNESS_bench.js,0.0,103.07,7815.99,NA,NA,threads=11,phase4b
2026-08-09T23:31:47.583Z,D1,peer0.org1.example.com,5.89,565.56,7815.99,NA_HOST_NETWORK,NA_HOST_NETWORK,98066432/1751162880,phase4b
2026-08-09T23:31:48.743Z,D3,cc-unified,0.91,27.71,15823.57,NA_HOST_NETWORK,NA_HOST_NETWORK,3649536/372736,phase4b
2026-08-09T23:31:48.743Z,D3,orderer3.example.com,1.58,482.30,15823.57,NA_HOST_NETWORK,NA_HOST_NETWORK,1736704/1715982336,phase4b
2026-08-09T23:31:48.743Z,D3,peer0.org3.example.com,7.50,579.89,15823.57,NA_HOST_NETWORK,NA_HOST_NETWORK,120246272/1797152768,phase4b
2026-08-09T23:31:49.264Z,D4,cc-unified,0.87,25.74,15823.56,NA_HOST_NETWORK,NA_HOST_NETWORK,159744/0,phase4b
2026-08-09T23:31:49.264Z,D4,orderer.example.com,1.59,1154.31,15823.56,NA_HOST_NETWORK,NA_HOST_NETWORK,460144640/1216237568,phase4b
2026-08-09T23:31:49.264Z,D4,peer0.org4.example.com,2.27,811.88,15823.56,NA_HOST_NETWORK,NA_HOST_NETWORK,76492800/1748140032,phase4b
2026-08-09T23:31:49.412Z,D2,cc-unified,0.48,23.70,15914.51,NA_HOST_NETWORK,NA_HOST_NETWORK,1605632/425984,phase4b
2026-08-09T23:31:49.412Z,D2,orderer2.example.com,0.97,396.01,15914.51,NA_HOST_NETWORK,NA_HOST_NETWORK,8413184/1708212224,phase4b
2026-08-09T23:31:49.412Z,D2,peer0.org2.example.com,7.52,534.01,15914.51,NA_HOST_NETWORK,NA_HOST_NETWORK,223277056/2660106240,phase4b
2026-08-09T23:31:49.689Z,D1,cc-unified,0.05,27.89,7815.99,NA_HOST_NETWORK,NA_HOST_NETWORK,618496/0,phase4b
2026-08-09T23:31:49.689Z,D1,HARNESS_bench.js,0.0,103.07,7815.99,NA,NA,threads=11,phase4b
2026-08-09T23:31:49.689Z,D1,peer0.org1.example.com,3.82,565.31,7815.99,NA_HOST_NETWORK,NA_HOST_NETWORK,98066432/1751162880,phase4b
2026-08-09T23:31:50.909Z,D3,cc-unified,0.00,26.97,15823.57,NA_HOST_NETWORK,NA_HOST_NETWORK,3649536/372736,phase4b
2026-08-09T23:31:50.909Z,D3,orderer3.example.com,1.68,483.04,15823.57,NA_HOST_NETWORK,NA_HOST_NETWORK,1736704/1715982336,phase4b
2026-08-09T23:31:50.909Z,D3,peer0.org3.example.com,5.42,578.93,15823.57,NA_HOST_NETWORK,NA_HOST_NETWORK,120246272/1797152768,phase4b
2026-08-09T23:31:51.400Z,D4,cc-unified,0.00,24.99,15823.56,NA_HOST_NETWORK,NA_HOST_NETWORK,159744/0,phase4b
2026-08-09T23:31:51.400Z,D4,orderer.example.com,2.46,1154.77,15823.56,NA_HOST_NETWORK,NA_HOST_NETWORK,460144640/1216237568,phase4b
2026-08-09T23:31:51.400Z,D4,peer0.org4.example.com,2.94,811.65,15823.56,NA_HOST_NETWORK,NA_HOST_NETWORK,76492800/1748140032,phase4b
2026-08-09T23:31:51.564Z,D2,cc-unified,0.00,23.70,15914.51,NA_HOST_NETWORK,NA_HOST_NETWORK,1605632/425984,phase4b
2026-08-09T23:31:51.564Z,D2,orderer2.example.com,1.03,395.99,15914.51,NA_HOST_NETWORK,NA_HOST_NETWORK,8413184/1708212224,phase4b
2026-08-09T23:31:51.564Z,D2,peer0.org2.example.com,2.92,535.52,15914.51,NA_HOST_NETWORK,NA_HOST_NETWORK,223277056/2660106240,phase4b
2026-08-09T23:31:51.734Z,D1,cc-unified,0.00,27.89,7815.99,NA_HOST_NETWORK,NA_HOST_NETWORK,618496/0,phase4b
2026-08-09T23:31:51.734Z,D1,HARNESS_bench.js,0.0,103.07,7815.99,NA,NA,threads=11,phase4b
2026-08-09T23:31:51.734Z,D1,peer0.org1.example.com,5.49,565.55,7815.99,NA_HOST_NETWORK,NA_HOST_NETWORK,98066432/1751162880,phase4b
2026-08-09T23:31:52.956Z,D3,cc-unified,0.00,26.97,15823.57,NA_HOST_NETWORK,NA_HOST_NETWORK,3649536/372736,phase4b
2026-08-09T23:31:52.956Z,D3,orderer3.example.com,1.48,481.80,15823.57,NA_HOST_NETWORK,NA_HOST_NETWORK,1736704/1715982336,phase4b
2026-08-09T23:31:52.956Z,D3,peer0.org3.example.com,7.21,580.05,15823.57,NA_HOST_NETWORK,NA_HOST_NETWORK,120246272/1797152768,phase4b
2026-08-09T23:31:53.547Z,D4,cc-unified,0.00,24.99,15823.56,NA_HOST_NETWORK,NA_HOST_NETWORK,159744/0,phase4b
2026-08-09T23:31:53.547Z,D4,orderer.example.com,0.93,1156.27,15823.56,NA_HOST_NETWORK,NA_HOST_NETWORK,460144640/1216237568,phase4b
2026-08-09T23:31:53.547Z,D4,peer0.org4.example.com,0.99,811.89,15823.56,NA_HOST_NETWORK,NA_HOST_NETWORK,76492800/1748140032,phase4b
2026-08-09T23:31:53.625Z,D2,cc-unified,0.00,23.70,15914.51,NA_HOST_NETWORK,NA_HOST_NETWORK,1605632/425984,phase4b
2026-08-09T23:31:53.625Z,D2,orderer2.example.com,0.95,396.02,15914.51,NA_HOST_NETWORK,NA_HOST_NETWORK,8413184/1708212224,phase4b
2026-08-09T23:31:53.625Z,D2,peer0.org2.example.com,6.49,534.00,15914.51,NA_HOST_NETWORK,NA_HOST_NETWORK,223277056/2660106240,phase4b
2026-08-09T23:31:53.794Z,D1,cc-unified,0.00,27.89,7815.99,NA_HOST_NETWORK,NA_HOST_NETWORK,618496/0,phase4b
2026-08-09T23:31:53.794Z,D1,HARNESS_bench.js,0.0,103.07,7815.99,NA,NA,threads=11,phase4b
2026-08-09T23:31:53.794Z,D1,peer0.org1.example.com,5.53,564.51,7815.99,NA_HOST_NETWORK,NA_HOST_NETWORK,98066432/1751162880,phase4b
2026-08-09T23:31:55.001Z,D3,cc-unified,0.00,26.97,15823.57,NA_HOST_NETWORK,NA_HOST_NETWORK,3649536/372736,phase4b
2026-08-09T23:31:55.001Z,D3,orderer3.example.com,1.72,482.05,15823.57,NA_HOST_NETWORK,NA_HOST_NETWORK,1736704/1715982336,phase4b
2026-08-09T23:31:55.001Z,D3,peer0.org3.example.com,6.81,587.46,15823.57,NA_HOST_NETWORK,NA_HOST_NETWORK,120246272/1797152768,phase4b
2026-08-09T23:31:55.640Z,D4,cc-unified,0.00,24.99,15823.56,NA_HOST_NETWORK,NA_HOST_NETWORK,159744/0,phase4b
2026-08-09T23:31:55.640Z,D4,orderer.example.com,1.29,1155.26,15823.56,NA_HOST_NETWORK,NA_HOST_NETWORK,460144640/1216237568,phase4b
2026-08-09T23:31:55.640Z,D4,peer0.org4.example.com,1.58,812.15,15823.56,NA_HOST_NETWORK,NA_HOST_NETWORK,76492800/1748140032,phase4b
2026-08-09T23:31:55.688Z,D2,cc-unified,0.00,23.70,15914.51,NA_HOST_NETWORK,NA_HOST_NETWORK,1605632/425984,phase4b
2026-08-09T23:31:55.688Z,D2,orderer2.example.com,1.00,396.03,15914.51,NA_HOST_NETWORK,NA_HOST_NETWORK,8413184/1708212224,phase4b
2026-08-09T23:31:55.688Z,D2,peer0.org2.example.com,7.81,534.74,15914.51,NA_HOST_NETWORK,NA_HOST_NETWORK,223277056/2660106240,phase4b
2026-08-09T23:31:55.933Z,D1,cc-unified,0.00,27.89,7815.99,NA_HOST_NETWORK,NA_HOST_NETWORK,618496/0,phase4b
2026-08-09T23:31:55.933Z,D1,HARNESS_bench.js,0.0,103.07,7815.99,NA,NA,threads=11,phase4b
2026-08-09T23:31:55.933Z,D1,peer0.org1.example.com,2.57,564.26,7815.99,NA_HOST_NETWORK,NA_HOST_NETWORK,98066432/1751162880,phase4b
2026-08-09T23:31:57.049Z,D3,cc-unified,0.00,26.97,15823.57,NA_HOST_NETWORK,NA_HOST_NETWORK,3649536/372736,phase4b
2026-08-09T23:31:57.049Z,D3,orderer3.example.com,1.61,481.81,15823.57,NA_HOST_NETWORK,NA_HOST_NETWORK,1736704/1715982336,phase4b
2026-08-09T23:31:57.049Z,D3,peer0.org3.example.com,7.92,579.66,15823.57,NA_HOST_NETWORK,NA_HOST_NETWORK,120246272/1797152768,phase4b
2026-08-09T23:31:57.693Z,D4,cc-unified,0.00,24.99,15823.56,NA_HOST_NETWORK,NA_HOST_NETWORK,159744/0,phase4b
2026-08-09T23:31:57.693Z,D4,orderer.example.com,1.53,1155.05,15823.56,NA_HOST_NETWORK,NA_HOST_NETWORK,460144640/1216237568,phase4b
2026-08-09T23:31:57.693Z,D4,peer0.org4.example.com,1.99,812.39,15823.56,NA_HOST_NETWORK,NA_HOST_NETWORK,76492800/1748140032,phase4b
2026-08-09T23:31:57.776Z,D2,cc-unified,0.00,23.70,15914.51,NA_HOST_NETWORK,NA_HOST_NETWORK,1605632/425984,phase4b
2026-08-09T23:31:57.776Z,D2,orderer2.example.com,1.00,396.22,15914.51,NA_HOST_NETWORK,NA_HOST_NETWORK,8413184/1708212224,phase4b
2026-08-09T23:31:57.776Z,D2,peer0.org2.example.com,7.42,534.23,15914.51,NA_HOST_NETWORK,NA_HOST_NETWORK,223277056/2660106240,phase4b
2026-08-09T23:31:57.985Z,D1,cc-unified,0.00,27.89,7815.99,NA_HOST_NETWORK,NA_HOST_NETWORK,618496/0,phase4b
2026-08-09T23:31:57.985Z,D1,HARNESS_bench.js,0.0,103.07,7815.99,NA,NA,threads=11,phase4b
2026-08-09T23:31:57.985Z,D1,peer0.org1.example.com,5.80,565.00,7815.99,NA_HOST_NETWORK,NA_HOST_NETWORK,98066432/1751162880,phase4b
2026-08-09T23:31:59.139Z,D3,cc-unified,0.00,26.97,15823.57,NA_HOST_NETWORK,NA_HOST_NETWORK,3649536/372736,phase4b
2026-08-09T23:31:59.139Z,D3,orderer3.example.com,1.63,482.30,15823.57,NA_HOST_NETWORK,NA_HOST_NETWORK,1736704/1715982336,phase4b
2026-08-09T23:31:59.139Z,D3,peer0.org3.example.com,5.82,579.53,15823.57,NA_HOST_NETWORK,NA_HOST_NETWORK,120246272/1797152768,phase4b
2026-08-09T23:31:59.832Z,D4,cc-unified,0.00,24.99,15823.56,NA_HOST_NETWORK,NA_HOST_NETWORK,159744/0,phase4b
2026-08-09T23:31:59.832Z,D4,orderer.example.com,0.72,1154.55,15823.56,NA_HOST_NETWORK,NA_HOST_NETWORK,460144640/1216237568,phase4b
2026-08-09T23:31:59.832Z,D4,peer0.org4.example.com,1.03,811.17,15823.56,NA_HOST_NETWORK,NA_HOST_NETWORK,76492800/1748140032,phase4b
2026-08-09T23:31:59.854Z,D2,cc-unified,0.00,23.70,15914.51,NA_HOST_NETWORK,NA_HOST_NETWORK,1605632/425984,phase4b
2026-08-09T23:31:59.854Z,D2,orderer2.example.com,1.00,396.01,15914.51,NA_HOST_NETWORK,NA_HOST_NETWORK,8413184/1708212224,phase4b
2026-08-09T23:31:59.854Z,D2,peer0.org2.example.com,2.50,534.50,15914.51,NA_HOST_NETWORK,NA_HOST_NETWORK,223277056/2660106240,phase4b
2026-08-09T23:32:00.094Z,D1,cc-unified,0.00,27.89,7815.99,NA_HOST_NETWORK,NA_HOST_NETWORK,618496/0,phase4b
2026-08-09T23:32:00.094Z,D1,HARNESS_bench.js,0.0,103.07,7815.99,NA,NA,threads=11,phase4b
2026-08-09T23:32:00.094Z,D1,peer0.org1.example.com,3.17,564.70,7815.99,NA_HOST_NETWORK,NA_HOST_NETWORK,98066432/1751162880,phase4b
2026-08-09T23:32:01.186Z,D3,cc-unified,0.00,26.97,15823.57,NA_HOST_NETWORK,NA_HOST_NETWORK,3649536/372736,phase4b
2026-08-09T23:32:01.186Z,D3,orderer3.example.com,1.39,482.05,15823.57,NA_HOST_NETWORK,NA_HOST_NETWORK,1736704/1715982336,phase4b
2026-08-09T23:32:01.186Z,D3,peer0.org3.example.com,7.43,579.00,15823.57,NA_HOST_NETWORK,NA_HOST_NETWORK,120246272/1797152768,phase4b
2026-08-09T23:32:01.920Z,D4,cc-unified,0.00,24.99,15823.56,NA_HOST_NETWORK,NA_HOST_NETWORK,159744/0,phase4b
2026-08-09T23:32:01.920Z,D4,orderer.example.com,2.28,1155.04,15823.56,NA_HOST_NETWORK,NA_HOST_NETWORK,460144640/1216237568,phase4b
2026-08-09T23:32:01.920Z,D4,peer0.org4.example.com,2.79,812.15,15823.56,NA_HOST_NETWORK,NA_HOST_NETWORK,76492800/1748140032,phase4b
2026-08-09T23:32:01.942Z,D2,cc-unified,0.00,23.70,15914.51,NA_HOST_NETWORK,NA_HOST_NETWORK,1605632/425984,phase4b
2026-08-09T23:32:01.942Z,D2,orderer2.example.com,1.02,395.75,15914.51,NA_HOST_NETWORK,NA_HOST_NETWORK,8413184/1708212224,phase4b
2026-08-09T23:32:01.942Z,D2,peer0.org2.example.com,6.74,534.74,15914.51,NA_HOST_NETWORK,NA_HOST_NETWORK,223277056/2660106240,phase4b
2026-08-09T23:32:02.244Z,D1,cc-unified,0.00,27.89,7815.99,NA_HOST_NETWORK,NA_HOST_NETWORK,618496/0,phase4b
2026-08-09T23:32:02.244Z,D1,HARNESS_bench.js,0.0,103.07,7815.99,NA,NA,threads=11,phase4b
2026-08-09T23:32:02.244Z,D1,peer0.org1.example.com,3.31,564.99,7815.99,NA_HOST_NETWORK,NA_HOST_NETWORK,98066432/1751162880,phase4b
2026-08-09T23:32:03.351Z,D3,cc-unified,0.00,26.97,15823.57,NA_HOST_NETWORK,NA_HOST_NETWORK,3649536/372736,phase4b
2026-08-09T23:32:03.351Z,D3,orderer3.example.com,1.64,482.29,15823.57,NA_HOST_NETWORK,NA_HOST_NETWORK,1736704/1715982336,phase4b
2026-08-09T23:32:03.351Z,D3,peer0.org3.example.com,5.51,579.94,15823.57,NA_HOST_NETWORK,NA_HOST_NETWORK,120246272/1797152768,phase4b
2026-08-09T23:32:04.028Z,D2,cc-unified,0.00,23.70,15914.51,NA_HOST_NETWORK,NA_HOST_NETWORK,1605632/425984,phase4b
2026-08-09T23:32:04.028Z,D2,orderer2.example.com,1.16,396.26,15914.51,NA_HOST_NETWORK,NA_HOST_NETWORK,8413184/1708212224,phase4b
2026-08-09T23:32:04.028Z,D2,peer0.org2.example.com,8.02,534.34,15914.51,NA_HOST_NETWORK,NA_HOST_NETWORK,223277056/2660106240,phase4b
2026-08-09T23:32:04.075Z,D4,cc-unified,0.00,24.99,15823.56,NA_HOST_NETWORK,NA_HOST_NETWORK,159744/0,phase4b
2026-08-09T23:32:04.075Z,D4,orderer.example.com,1.82,1155.52,15823.56,NA_HOST_NETWORK,NA_HOST_NETWORK,460144640/1216237568,phase4b
2026-08-09T23:32:04.075Z,D4,peer0.org4.example.com,2.29,812.39,15823.56,NA_HOST_NETWORK,NA_HOST_NETWORK,76492800/1748140032,phase4b
2026-08-09T23:32:04.387Z,D1,cc-unified,21.28,28.52,7815.99,NA_HOST_NETWORK,NA_HOST_NETWORK,618496/0,phase4b
2026-08-09T23:32:04.387Z,D1,HARNESS_bench.js,5.4,105.29,7815.99,NA,NA,threads=11,phase4b
2026-08-09T23:32:04.387Z,D1,peer0.org1.example.com,21.03,569.12,7815.99,NA_HOST_NETWORK,NA_HOST_NETWORK,98066432/1751162880,phase4b
2026-08-09T23:32:05.513Z,D3,cc-unified,3.67,28.19,15823.57,NA_HOST_NETWORK,NA_HOST_NETWORK,3649536/372736,phase4b
2026-08-09T23:32:05.513Z,D3,orderer3.example.com,7.55,491.40,15823.57,NA_HOST_NETWORK,NA_HOST_NETWORK,1736704/1721188352,phase4b
2026-08-09T23:32:05.513Z,D3,peer0.org3.example.com,104.92,582.98,15823.57,NA_HOST_NETWORK,NA_HOST_NETWORK,120246272/1800826880,phase4b
2026-08-09T23:32:06.109Z,D2,cc-unified,6.25,24.57,15914.51,NA_HOST_NETWORK,NA_HOST_NETWORK,1605632/425984,phase4b
2026-08-09T23:32:06.109Z,D2,orderer2.example.com,3.63,399.41,15914.51,NA_HOST_NETWORK,NA_HOST_NETWORK,8413184/1710432256,phase4b
2026-08-09T23:32:06.109Z,D2,peer0.org2.example.com,33.88,534.73,15914.51,NA_HOST_NETWORK,NA_HOST_NETWORK,223277056/2660352000,phase4b
2026-08-09T23:32:06.124Z,D4,cc-unified,5.87,28.91,15823.56,NA_HOST_NETWORK,NA_HOST_NETWORK,159744/0,phase4b
2026-08-09T23:32:06.124Z,D4,orderer.example.com,52.55,1166.02,15823.56,NA_HOST_NETWORK,NA_HOST_NETWORK,460144640/1221840896,phase4b
2026-08-09T23:32:06.124Z,D4,peer0.org4.example.com,104.53,843.88,15823.56,NA_HOST_NETWORK,NA_HOST_NETWORK,76492800/1752068096,phase4b
2026-08-09T23:32:06.433Z,D1,cc-unified,7.12,37.08,7815.99,NA_HOST_NETWORK,NA_HOST_NETWORK,618496/0,phase4b
2026-08-09T23:32:06.433Z,D1,HARNESS_bench.js,89.4,145.08,7815.99,NA,NA,threads=11,phase4b
2026-08-09T23:32:06.433Z,D1,peer0.org1.example.com,84.15,575.88,7815.99,NA_HOST_NETWORK,NA_HOST_NETWORK,98066432/1751777280,phase4b
2026-08-09T23:32:07.711Z,D3,cc-unified,5.50,27.34,15823.57,NA_HOST_NETWORK,NA_HOST_NETWORK,3649536/372736,phase4b
2026-08-09T23:32:07.711Z,D3,orderer3.example.com,4.89,491.84,15823.57,NA_HOST_NETWORK,NA_HOST_NETWORK,1736704/1722396672,phase4b
2026-08-09T23:32:07.711Z,D3,peer0.org3.example.com,49.27,583.44,15823.57,NA_HOST_NETWORK,NA_HOST_NETWORK,120246272/1801748480,phase4b
2026-08-09T23:32:08.197Z,D2,cc-unified,1.44,23.91,15914.51,NA_HOST_NETWORK,NA_HOST_NETWORK,1605632/425984,phase4b
2026-08-09T23:32:08.197Z,D2,orderer2.example.com,1.89,400.66,15914.51,NA_HOST_NETWORK,NA_HOST_NETWORK,8413184/1711996928,phase4b
2026-08-09T23:32:08.197Z,D2,peer0.org2.example.com,20.72,535.02,15914.51,NA_HOST_NETWORK,NA_HOST_NETWORK,223277056/2660720640,phase4b
2026-08-09T23:32:08.276Z,D4,cc-unified,4.52,29.68,15823.56,NA_HOST_NETWORK,NA_HOST_NETWORK,159744/0,phase4b
2026-08-09T23:32:08.276Z,D4,orderer.example.com,19.55,1166.36,15823.56,NA_HOST_NETWORK,NA_HOST_NETWORK,460144640/1222909952,phase4b
2026-08-09T23:32:08.276Z,D4,peer0.org4.example.com,53.98,863.15,15823.56,NA_HOST_NETWORK,NA_HOST_NETWORK,76492800/1752936448,phase4b
2026-08-09T23:32:08.490Z,D1,cc-unified,2.01,36.17,7815.99,NA_HOST_NETWORK,NA_HOST_NETWORK,618496/0,phase4b
2026-08-09T23:32:08.490Z,D1,HARNESS_bench.js,23.4,145.93,7815.99,NA,NA,threads=11,phase4b
2026-08-09T23:32:08.490Z,D1,peer0.org1.example.com,41.24,587.76,7815.99,NA_HOST_NETWORK,NA_HOST_NETWORK,98066432/1752498176,phase4b
2026-08-09T23:32:09.826Z,D3,cc-unified,3.66,29.11,15823.57,NA_HOST_NETWORK,NA_HOST_NETWORK,3649536/372736,phase4b
2026-08-09T23:32:09.826Z,D3,orderer3.example.com,4.28,492.81,15823.57,NA_HOST_NETWORK,NA_HOST_NETWORK,1736704/1723457536,phase4b
2026-08-09T23:32:09.826Z,D3,peer0.org3.example.com,41.69,583.88,15823.57,NA_HOST_NETWORK,NA_HOST_NETWORK,120246272/1802575872,phase4b
2026-08-09T23:32:10.278Z,D2,cc-unified,1.68,23.90,15914.51,NA_HOST_NETWORK,NA_HOST_NETWORK,1605632/425984,phase4b
2026-08-09T23:32:10.278Z,D2,orderer2.example.com,2.05,402.22,15914.51,NA_HOST_NETWORK,NA_HOST_NETWORK,8413184/1712979968,phase4b
2026-08-09T23:32:10.278Z,D2,peer0.org2.example.com,23.91,535.33,15914.51,NA_HOST_NETWORK,NA_HOST_NETWORK,223277056/2661154816,phase4b
2026-08-09T23:32:10.370Z,D4,cc-unified,0.69,28.51,15823.56,NA_HOST_NETWORK,NA_HOST_NETWORK,159744/0,phase4b
2026-08-09T23:32:10.370Z,D4,orderer.example.com,5.76,1167.98,15823.56,NA_HOST_NETWORK,NA_HOST_NETWORK,460144640/1223847936,phase4b
2026-08-09T23:32:10.370Z,D4,peer0.org4.example.com,11.24,863.15,15823.56,NA_HOST_NETWORK,NA_HOST_NETWORK,76492800/1753661440,phase4b
2026-08-09T23:32:10.545Z,D1,cc-unified,0.94,37.71,7815.99,NA_HOST_NETWORK,NA_HOST_NETWORK,618496/0,phase4b
2026-08-09T23:32:10.545Z,D1,HARNESS_bench.js,15.0,147.62,7815.99,NA,NA,threads=11,phase4b
2026-08-09T23:32:10.545Z,D1,peer0.org1.example.com,29.64,588.46,7815.99,NA_HOST_NETWORK,NA_HOST_NETWORK,98066432/1753006080,phase4b
2026-08-09T23:32:11.924Z,D3,cc-unified,3.25,30.57,15823.57,NA_HOST_NETWORK,NA_HOST_NETWORK,3649536/372736,phase4b
2026-08-09T23:32:11.924Z,D3,orderer3.example.com,3.30,493.61,15823.57,NA_HOST_NETWORK,NA_HOST_NETWORK,1736704/1724317696,phase4b
2026-08-09T23:32:11.924Z,D3,peer0.org3.example.com,30.46,584.79,15823.57,NA_HOST_NETWORK,NA_HOST_NETWORK,120246272/1803227136,phase4b
2026-08-09T23:32:12.407Z,D2,cc-unified,2.37,23.00,15914.51,NA_HOST_NETWORK,NA_HOST_NETWORK,1605632/425984,phase4b
2026-08-09T23:32:12.407Z,D2,orderer2.example.com,1.77,403.17,15914.51,NA_HOST_NETWORK,NA_HOST_NETWORK,8413184/1713725440,phase4b
2026-08-09T23:32:12.407Z,D2,peer0.org2.example.com,19.30,535.96,15914.51,NA_HOST_NETWORK,NA_HOST_NETWORK,223277056/2661511168,phase4b
2026-08-09T23:32:12.427Z,D4,cc-unified,4.30,31.14,15823.56,NA_HOST_NETWORK,NA_HOST_NETWORK,159744/0,phase4b
2026-08-09T23:32:12.427Z,D4,orderer.example.com,11.75,1169.11,15823.56,NA_HOST_NETWORK,NA_HOST_NETWORK,460144640/1224818688,phase4b
2026-08-09T23:32:12.427Z,D4,peer0.org4.example.com,25.45,864.79,15823.56,NA_HOST_NETWORK,NA_HOST_NETWORK,76492800/1754398720,phase4b
2026-08-09T23:32:12.617Z,D1,cc-unified,2.01,39.58,7815.99,NA_HOST_NETWORK,NA_HOST_NETWORK,618496/0,phase4b
2026-08-09T23:32:12.617Z,D1,HARNESS_bench.js,23.0,151.40,7815.99,NA,NA,threads=11,phase4b
2026-08-09T23:32:12.617Z,D1,peer0.org1.example.com,35.79,589.00,7815.99,NA_HOST_NETWORK,NA_HOST_NETWORK,98066432/1753645056,phase4b
2026-08-09T23:32:14.090Z,D3,cc-unified,4.02,31.66,15823.57,NA_HOST_NETWORK,NA_HOST_NETWORK,3649536/372736,phase4b
2026-08-09T23:32:14.090Z,D3,orderer3.example.com,4.05,494.32,15823.57,NA_HOST_NETWORK,NA_HOST_NETWORK,1736704/1725218816,phase4b
2026-08-09T23:32:14.090Z,D3,peer0.org3.example.com,39.34,584.41,15823.57,NA_HOST_NETWORK,NA_HOST_NETWORK,120246272/1803948032,phase4b
2026-08-09T23:32:14.472Z,D2,cc-unified,1.68,22.55,15914.51,NA_HOST_NETWORK,NA_HOST_NETWORK,1605632/425984,phase4b
2026-08-09T23:32:14.472Z,D2,orderer2.example.com,2.92,405.14,15914.51,NA_HOST_NETWORK,NA_HOST_NETWORK,8413184/1715384320,phase4b
2026-08-09T23:32:14.472Z,D2,peer0.org2.example.com,26.98,536.15,15914.51,NA_HOST_NETWORK,NA_HOST_NETWORK,223277056/2661871616,phase4b
2026-08-09T23:32:14.575Z,D4,cc-unified,5.42,32.36,15823.56,NA_HOST_NETWORK,NA_HOST_NETWORK,159744/0,phase4b
2026-08-09T23:32:14.575Z,D4,orderer.example.com,18.80,1169.59,15823.56,NA_HOST_NETWORK,NA_HOST_NETWORK,460144640/1225781248,phase4b
2026-08-09T23:32:14.575Z,D4,peer0.org4.example.com,39.63,865.56,15823.56,NA_HOST_NETWORK,NA_HOST_NETWORK,76492800/1755160576,phase4b
2026-08-09T23:32:14.696Z,D1,cc-unified,3.42,38.46,7815.99,NA_HOST_NETWORK,NA_HOST_NETWORK,618496/0,phase4b
2026-08-09T23:32:14.696Z,D1,HARNESS_bench.js,21.9,154.47,7815.99,NA,NA,threads=11,phase4b
2026-08-09T23:32:14.696Z,D1,peer0.org1.example.com,52.22,590.95,7815.99,NA_HOST_NETWORK,NA_HOST_NETWORK,98066432/1754324992,phase4b
2026-08-09T23:32:16.205Z,D3,cc-unified,6.08,29.71,15823.57,NA_HOST_NETWORK,NA_HOST_NETWORK,3649536/372736,phase4b
2026-08-09T23:32:16.205Z,D3,orderer3.example.com,4.30,494.88,15823.57,NA_HOST_NETWORK,NA_HOST_NETWORK,1736704/1726345216,phase4b
2026-08-09T23:32:16.205Z,D3,peer0.org3.example.com,45.41,585.02,15823.57,NA_HOST_NETWORK,NA_HOST_NETWORK,120246272/1804816384,phase4b
2026-08-09T23:32:16.554Z,D2,cc-unified,1.63,22.55,15914.51,NA_HOST_NETWORK,NA_HOST_NETWORK,1605632/425984,phase4b
2026-08-09T23:32:16.554Z,D2,orderer2.example.com,1.63,405.47,15914.51,NA_HOST_NETWORK,NA_HOST_NETWORK,8413184/1715875840,phase4b
2026-08-09T23:32:16.554Z,D2,peer0.org2.example.com,24.33,536.03,15914.51,NA_HOST_NETWORK,NA_HOST_NETWORK,223277056/2662215680,phase4b
2026-08-09T23:32:16.728Z,D4,cc-unified,3.76,32.10,15823.56,NA_HOST_NETWORK,NA_HOST_NETWORK,159744/0,phase4b
2026-08-09T23:32:16.728Z,D4,orderer.example.com,11.91,1171.58,15823.56,NA_HOST_NETWORK,NA_HOST_NETWORK,460144640/1226870784,phase4b
2026-08-09T23:32:16.728Z,D4,peer0.org4.example.com,34.31,865.56,15823.56,NA_HOST_NETWORK,NA_HOST_NETWORK,76492800/1755947008,phase4b
2026-08-09T23:32:16.852Z,D1,cc-unified,4.34,40.48,7815.99,NA_HOST_NETWORK,NA_HOST_NETWORK,618496/0,phase4b
2026-08-09T23:32:16.852Z,D1,HARNESS_bench.js,20.4,158.30,7815.99,NA,NA,threads=11,phase4b
2026-08-09T23:32:16.852Z,D1,peer0.org1.example.com,61.96,593.91,7815.99,NA_HOST_NETWORK,NA_HOST_NETWORK,98066432/1754955776,phase4b
2026-08-09T23:32:18.271Z,D3,cc-unified,2.67,30.95,15823.57,NA_HOST_NETWORK,NA_HOST_NETWORK,3649536/372736,phase4b
2026-08-09T23:32:18.271Z,D3,orderer3.example.com,3.95,496.52,15823.57,NA_HOST_NETWORK,NA_HOST_NETWORK,1736704/1727070208,phase4b
2026-08-09T23:32:18.271Z,D3,peer0.org3.example.com,33.71,586.38,15823.57,NA_HOST_NETWORK,NA_HOST_NETWORK,120246272/1805373440,phase4b
2026-08-09T23:32:18.617Z,D2,cc-unified,1.24,23.04,15914.51,NA_HOST_NETWORK,NA_HOST_NETWORK,1605632/425984,phase4b
2026-08-09T23:32:18.617Z,D2,orderer2.example.com,2.17,406.44,15914.51,NA_HOST_NETWORK,NA_HOST_NETWORK,8413184/1716604928,phase4b
2026-08-09T23:32:18.617Z,D2,peer0.org2.example.com,14.53,536.75,15914.51,NA_HOST_NETWORK,NA_HOST_NETWORK,223277056/2662514688,phase4b
2026-08-09T23:32:18.779Z,D4,cc-unified,1.13,32.09,15823.56,NA_HOST_NETWORK,NA_HOST_NETWORK,159744/0,phase4b
2026-08-09T23:32:18.779Z,D4,orderer.example.com,7.91,1171.53,15823.56,NA_HOST_NETWORK,NA_HOST_NETWORK,460144640/1227608064,phase4b
2026-08-09T23:32:18.779Z,D4,peer0.org4.example.com,14.35,866.64,15823.56,NA_HOST_NETWORK,NA_HOST_NETWORK,76492800/1756573696,phase4b
2026-08-09T23:32:18.957Z,D1,cc-unified,3.99,29.82,7815.99,NA_HOST_NETWORK,NA_HOST_NETWORK,618496/0,phase4b
2026-08-09T23:32:18.957Z,D1,HARNESS_bench.js,22.8,160.83,7815.99,NA,NA,threads=11,phase4b
2026-08-09T23:32:18.957Z,D1,peer0.org1.example.com,34.43,595.30,7815.99,NA_HOST_NETWORK,NA_HOST_NETWORK,98066432/1755484160,phase4b
2026-08-09T23:32:20.550Z,D3,cc-unified,3.42,30.82,15823.57,NA_HOST_NETWORK,NA_HOST_NETWORK,3649536/372736,phase4b
2026-08-09T23:32:20.550Z,D3,orderer3.example.com,4.14,496.64,15823.57,NA_HOST_NETWORK,NA_HOST_NETWORK,1736704/1727979520,phase4b
2026-08-09T23:32:20.550Z,D3,peer0.org3.example.com,30.63,587.19,15823.57,NA_HOST_NETWORK,NA_HOST_NETWORK,120246272/1806118912,phase4b
2026-08-09T23:32:20.700Z,D2,cc-unified,1.67,22.80,15914.51,NA_HOST_NETWORK,NA_HOST_NETWORK,1605632/425984,phase4b
2026-08-09T23:32:20.700Z,D2,orderer2.example.com,2.02,407.43,15914.51,NA_HOST_NETWORK,NA_HOST_NETWORK,8413184/1717805056,phase4b
2026-08-09T23:32:20.700Z,D2,peer0.org2.example.com,20.08,537.00,15914.51,NA_HOST_NETWORK,NA_HOST_NETWORK,223277056/2662838272,phase4b
2026-08-09T23:32:20.897Z,D4,cc-unified,4.27,32.61,15823.56,NA_HOST_NETWORK,NA_HOST_NETWORK,159744/0,phase4b
2026-08-09T23:32:20.897Z,D4,orderer.example.com,16.75,1172.50,15823.56,NA_HOST_NETWORK,NA_HOST_NETWORK,460144640/1228451840,phase4b
2026-08-09T23:32:20.897Z,D4,peer0.org4.example.com,28.53,870.51,15823.56,NA_HOST_NETWORK,NA_HOST_NETWORK,76492800/1757138944,phase4b
2026-08-09T23:32:21.017Z,D1,cc-unified,3.08,29.79,7815.99,NA_HOST_NETWORK,NA_HOST_NETWORK,618496/0,phase4b
2026-08-09T23:32:21.017Z,D1,HARNESS_bench.js,19.0,163.49,7815.99,NA,NA,threads=11,phase4b
2026-08-09T23:32:21.017Z,D1,peer0.org1.example.com,40.37,596.90,7815.99,NA_HOST_NETWORK,NA_HOST_NETWORK,98066432/1755955200,phase4b
2026-08-09T23:32:22.620Z,D3,cc-unified,5.43,29.32,15823.57,NA_HOST_NETWORK,NA_HOST_NETWORK,3649536/372736,phase4b
2026-08-09T23:32:22.620Z,D3,orderer3.example.com,3.67,496.81,15823.57,NA_HOST_NETWORK,NA_HOST_NETWORK,1736704/1728495616,phase4b
2026-08-09T23:32:22.620Z,D3,peer0.org3.example.com,29.35,586.91,15823.57,NA_HOST_NETWORK,NA_HOST_NETWORK,120246272/1806540800,phase4b
2026-08-09T23:32:22.778Z,D2,cc-unified,1.06,22.76,15914.51,NA_HOST_NETWORK,NA_HOST_NETWORK,1605632/425984,phase4b
2026-08-09T23:32:22.778Z,D2,orderer2.example.com,1.84,407.91,15914.51,NA_HOST_NETWORK,NA_HOST_NETWORK,8413184/1718497280,phase4b
2026-08-09T23:32:22.778Z,D2,peer0.org2.example.com,19.00,545.20,15914.51,NA_HOST_NETWORK,NA_HOST_NETWORK,223277056/2663108608,phase4b
2026-08-09T23:32:23.042Z,D4,cc-unified,1.45,31.93,15823.56,NA_HOST_NETWORK,NA_HOST_NETWORK,159744/0,phase4b
2026-08-09T23:32:23.042Z,D4,orderer.example.com,3.79,1173.09,15823.56,NA_HOST_NETWORK,NA_HOST_NETWORK,460144640/1228787712,phase4b
2026-08-09T23:32:23.042Z,D4,peer0.org4.example.com,13.49,870.21,15823.56,NA_HOST_NETWORK,NA_HOST_NETWORK,76492800/1757560832,phase4b
2026-08-09T23:32:23.075Z,D1,cc-unified,1.18,30.05,7815.99,NA_HOST_NETWORK,NA_HOST_NETWORK,618496/0,phase4b
2026-08-09T23:32:23.075Z,D1,HARNESS_bench.js,9.2,165.58,7815.99,NA,NA,threads=11,phase4b
2026-08-09T23:32:23.075Z,D1,peer0.org1.example.com,25.63,597.54,7815.99,NA_HOST_NETWORK,NA_HOST_NETWORK,98066432/1756463104,phase4b
2026-08-09T23:32:24.772Z,D3,cc-unified,2.15,29.32,15823.57,NA_HOST_NETWORK,NA_HOST_NETWORK,3649536/372736,phase4b
2026-08-09T23:32:24.772Z,D3,orderer3.example.com,3.51,498.21,15823.57,NA_HOST_NETWORK,NA_HOST_NETWORK,1736704/1729159168,phase4b
2026-08-09T23:32:24.772Z,D3,peer0.org3.example.com,29.60,587.98,15823.57,NA_HOST_NETWORK,NA_HOST_NETWORK,120246272/1807167488,phase4b
2026-08-09T23:32:24.865Z,D2,cc-unified,1.24,22.80,15914.51,NA_HOST_NETWORK,NA_HOST_NETWORK,1605632/425984,phase4b
2026-08-09T23:32:24.865Z,D2,orderer2.example.com,1.15,408.55,15914.51,NA_HOST_NETWORK,NA_HOST_NETWORK,8413184/1718747136,phase4b
2026-08-09T23:32:24.865Z,D2,peer0.org2.example.com,16.20,537.09,15914.51,NA_HOST_NETWORK,NA_HOST_NETWORK,223277056/2663292928,phase4b
2026-08-09T23:32:25.098Z,D4,cc-unified,1.33,28.27,15823.56,NA_HOST_NETWORK,NA_HOST_NETWORK,159744/0,phase4b
2026-08-09T23:32:25.098Z,D4,orderer.example.com,6.82,1172.58,15823.56,NA_HOST_NETWORK,NA_HOST_NETWORK,460144640/1229582336,phase4b
2026-08-09T23:32:25.098Z,D4,peer0.org4.example.com,13.93,871.70,15823.56,NA_HOST_NETWORK,NA_HOST_NETWORK,76492800/1758183424,phase4b
2026-08-09T23:32:25.132Z,D1,cc-unified,3.16,27.15,7815.99,NA_HOST_NETWORK,NA_HOST_NETWORK,618496/0,phase4b
2026-08-09T23:32:25.132Z,D1,HARNESS_bench.js,13.3,167.27,7815.99,NA,NA,threads=11,phase4b
2026-08-09T23:32:25.132Z,D1,peer0.org1.example.com,37.68,588.66,7815.99,NA_HOST_NETWORK,NA_HOST_NETWORK,98066432/1756971008,phase4b
2026-08-09T23:32:26.931Z,D3,cc-unified,2.36,29.34,15823.57,NA_HOST_NETWORK,NA_HOST_NETWORK,3649536/372736,phase4b
2026-08-09T23:32:26.931Z,D3,orderer3.example.com,3.89,501.02,15823.57,NA_HOST_NETWORK,NA_HOST_NETWORK,1736704/1729966080,phase4b
2026-08-09T23:32:26.931Z,D3,peer0.org3.example.com,28.13,587.71,15823.57,NA_HOST_NETWORK,NA_HOST_NETWORK,120246272/1807720448,phase4b
2026-08-09T23:32:26.945Z,D2,cc-unified,1.35,22.81,15914.51,NA_HOST_NETWORK,NA_HOST_NETWORK,1605632/425984,phase4b
2026-08-09T23:32:26.945Z,D2,orderer2.example.com,1.56,408.82,15914.51,NA_HOST_NETWORK,NA_HOST_NETWORK,8413184/1719234560,phase4b
2026-08-09T23:32:26.945Z,D2,peer0.org2.example.com,19.77,537.89,15914.51,NA_HOST_NETWORK,NA_HOST_NETWORK,223277056/2663677952,phase4b
2026-08-09T23:32:27.236Z,D4,cc-unified,3.32,28.25,15823.56,NA_HOST_NETWORK,NA_HOST_NETWORK,159744/0,phase4b
2026-08-09T23:32:27.236Z,D4,orderer.example.com,15.25,1174.19,15823.56,NA_HOST_NETWORK,NA_HOST_NETWORK,460144640/1230405632,phase4b
2026-08-09T23:32:27.236Z,D4,peer0.org4.example.com,30.31,871.59,15823.56,NA_HOST_NETWORK,NA_HOST_NETWORK,76492800/1758752768,phase4b
2026-08-09T23:32:27.237Z,D1,cc-unified,2.60,28.11,7815.99,NA_HOST_NETWORK,NA_HOST_NETWORK,618496/0,phase4b
2026-08-09T23:32:27.237Z,D1,HARNESS_bench.js,16.8,170.37,7815.99,NA,NA,threads=11,phase4b
2026-08-09T23:32:27.237Z,D1,peer0.org1.example.com,39.76,589.09,7815.99,NA_HOST_NETWORK,NA_HOST_NETWORK,98066432/1757462528,phase4b
2026-08-09T23:32:29.030Z,D3,cc-unified,2.24,28.60,15823.57,NA_HOST_NETWORK,NA_HOST_NETWORK,3649536/372736,phase4b
2026-08-09T23:32:29.030Z,D3,orderer3.example.com,5.07,503.22,15823.57,NA_HOST_NETWORK,NA_HOST_NETWORK,1736704/1730473984,phase4b
2026-08-09T23:32:29.030Z,D3,peer0.org3.example.com,28.99,588.17,15823.57,NA_HOST_NETWORK,NA_HOST_NETWORK,120246272/1808105472,phase4b
2026-08-09T23:32:29.032Z,D2,cc-unified,0.84,22.79,15914.51,NA_HOST_NETWORK,NA_HOST_NETWORK,1605632/425984,phase4b
2026-08-09T23:32:29.032Z,D2,orderer2.example.com,2.37,409.67,15914.51,NA_HOST_NETWORK,NA_HOST_NETWORK,8413184/1719779328,phase4b
2026-08-09T23:32:29.032Z,D2,peer0.org2.example.com,16.48,533.45,15914.51,NA_HOST_NETWORK,NA_HOST_NETWORK,223277056/2663981056,phase4b
2026-08-09T23:32:29.315Z,D1,cc-unified,2.00,27.38,7815.99,NA_HOST_NETWORK,NA_HOST_NETWORK,618496/0,phase4b
2026-08-09T23:32:29.315Z,D1,HARNESS_bench.js,14.6,171.80,7815.99,NA,NA,threads=11,phase4b
2026-08-09T23:32:29.315Z,D1,peer0.org1.example.com,42.11,587.96,7815.99,NA_HOST_NETWORK,NA_HOST_NETWORK,98066432/1757855744,phase4b
2026-08-09T23:32:29.381Z,D4,cc-unified,1.50,27.97,15823.56,NA_HOST_NETWORK,NA_HOST_NETWORK,159744/0,phase4b
2026-08-09T23:32:29.381Z,D4,orderer.example.com,6.94,1174.84,15823.56,NA_HOST_NETWORK,NA_HOST_NETWORK,460144640/1230876672,phase4b
2026-08-09T23:32:29.381Z,D4,peer0.org4.example.com,15.30,871.16,15823.56,NA_HOST_NETWORK,NA_HOST_NETWORK,76492800/1759170560,phase4b
2026-08-09T23:32:31.117Z,D2,cc-unified,1.98,22.73,15914.51,NA_HOST_NETWORK,NA_HOST_NETWORK,1605632/425984,phase4b
2026-08-09T23:32:31.117Z,D2,orderer2.example.com,2.16,410.96,15914.51,NA_HOST_NETWORK,NA_HOST_NETWORK,8413184/1720872960,phase4b
2026-08-09T23:32:31.117Z,D2,peer0.org2.example.com,18.74,533.59,15914.51,NA_HOST_NETWORK,NA_HOST_NETWORK,223277056/2664239104,phase4b
2026-08-09T23:32:31.195Z,D3,cc-unified,2.18,29.59,15823.57,NA_HOST_NETWORK,NA_HOST_NETWORK,3649536/372736,phase4b
2026-08-09T23:32:31.195Z,D3,orderer3.example.com,3.51,503.44,15823.57,NA_HOST_NETWORK,NA_HOST_NETWORK,1736704/1731088384,phase4b
2026-08-09T23:32:31.195Z,D3,peer0.org3.example.com,27.84,588.45,15823.57,NA_HOST_NETWORK,NA_HOST_NETWORK,120246272/1808588800,phase4b
2026-08-09T23:32:31.365Z,D1,cc-unified,4.49,28.17,7815.99,NA_HOST_NETWORK,NA_HOST_NETWORK,618496/0,phase4b
2026-08-09T23:32:31.365Z,D1,HARNESS_bench.js,13.6,173.25,7815.99,NA,NA,threads=11,phase4b
2026-08-09T23:32:31.365Z,D1,peer0.org1.example.com,33.27,587.92,7815.99,NA_HOST_NETWORK,NA_HOST_NETWORK,98066432/1758228480,phase4b
2026-08-09T23:32:31.432Z,D4,cc-unified,1.56,28.28,15823.56,NA_HOST_NETWORK,NA_HOST_NETWORK,159744/0,phase4b
2026-08-09T23:32:31.432Z,D4,orderer.example.com,7.41,1175.23,15823.56,NA_HOST_NETWORK,NA_HOST_NETWORK,460144640/1231368192,phase4b
2026-08-09T23:32:31.432Z,D4,peer0.org4.example.com,13.10,872.23,15823.56,NA_HOST_NETWORK,NA_HOST_NETWORK,76492800/1759600640,phase4b
2026-08-09T23:32:33.267Z,D2,cc-unified,0.81,22.47,15914.51,NA_HOST_NETWORK,NA_HOST_NETWORK,1605632/425984,phase4b
2026-08-09T23:32:33.267Z,D2,orderer2.example.com,2.01,411.51,15914.51,NA_HOST_NETWORK,NA_HOST_NETWORK,8413184/1721565184,phase4b
2026-08-09T23:32:33.267Z,D2,peer0.org2.example.com,16.16,533.42,15914.51,NA_HOST_NETWORK,NA_HOST_NETWORK,223277056/2664513536,phase4b
2026-08-09T23:32:33.358Z,D3,cc-unified,2.09,28.60,15823.57,NA_HOST_NETWORK,NA_HOST_NETWORK,3649536/372736,phase4b
2026-08-09T23:32:33.358Z,D3,orderer3.example.com,3.55,503.82,15823.57,NA_HOST_NETWORK,NA_HOST_NETWORK,1736704/1731747840,phase4b
2026-08-09T23:32:33.358Z,D3,peer0.org3.example.com,28.60,588.91,15823.57,NA_HOST_NETWORK,NA_HOST_NETWORK,120246272/1809129472,phase4b
2026-08-09T23:32:33.429Z,D1,cc-unified,2.85,27.20,7815.99,NA_HOST_NETWORK,NA_HOST_NETWORK,618496/0,phase4b
2026-08-09T23:32:33.429Z,D1,HARNESS_bench.js,17.3,176.60,7815.99,NA,NA,threads=11,phase4b
2026-08-09T23:32:33.429Z,D1,peer0.org1.example.com,34.67,588.59,7815.99,NA_HOST_NETWORK,NA_HOST_NETWORK,98066432/1758769152,phase4b
2026-08-09T23:32:33.502Z,D4,cc-unified,2.36,28.25,15823.56,NA_HOST_NETWORK,NA_HOST_NETWORK,159744/0,phase4b
2026-08-09T23:32:33.502Z,D4,orderer.example.com,11.42,1175.75,15823.56,NA_HOST_NETWORK,NA_HOST_NETWORK,460144640/1232056320,phase4b
2026-08-09T23:32:33.502Z,D4,peer0.org4.example.com,20.38,872.92,15823.56,NA_HOST_NETWORK,NA_HOST_NETWORK,76492800/1760157696,phase4b
2026-08-09T23:32:35.326Z,D2,cc-unified,1.41,22.50,15914.51,NA_HOST_NETWORK,NA_HOST_NETWORK,1605632/425984,phase4b
2026-08-09T23:32:35.326Z,D2,orderer2.example.com,1.61,411.92,15914.51,NA_HOST_NETWORK,NA_HOST_NETWORK,8413184/1722028032,phase4b
2026-08-09T23:32:35.326Z,D2,peer0.org2.example.com,14.85,534.01,15914.51,NA_HOST_NETWORK,NA_HOST_NETWORK,223277056/2664816640,phase4b
2026-08-09T23:32:35.463Z,D3,cc-unified,3.39,28.58,15823.57,NA_HOST_NETWORK,NA_HOST_NETWORK,3649536/372736,phase4b
2026-08-09T23:32:35.463Z,D3,orderer3.example.com,3.94,504.41,15823.57,NA_HOST_NETWORK,NA_HOST_NETWORK,1736704/1732501504,phase4b
2026-08-09T23:32:35.463Z,D3,peer0.org3.example.com,35.41,595.50,15823.57,NA_HOST_NETWORK,NA_HOST_NETWORK,120246272/1809727488,phase4b
2026-08-09T23:32:35.511Z,D1,cc-unified,1.86,27.43,7815.99,NA_HOST_NETWORK,NA_HOST_NETWORK,618496/0,phase4b
2026-08-09T23:32:35.511Z,D1,HARNESS_bench.js,9.9,180.18,7815.99,NA,NA,threads=11,phase4b
2026-08-09T23:32:35.511Z,D1,peer0.org1.example.com,35.18,590.61,7815.99,NA_HOST_NETWORK,NA_HOST_NETWORK,98066432/1759277056,phase4b
2026-08-09T23:32:35.619Z,D4,cc-unified,2.24,28.51,15823.56,NA_HOST_NETWORK,NA_HOST_NETWORK,159744/0,phase4b
2026-08-09T23:32:35.619Z,D4,orderer.example.com,11.15,1176.69,15823.56,NA_HOST_NETWORK,NA_HOST_NETWORK,460144640/1232764928,phase4b
2026-08-09T23:32:35.619Z,D4,peer0.org4.example.com,23.51,873.39,15823.56,NA_HOST_NETWORK,NA_HOST_NETWORK,76492800/1760710656,phase4b
2026-08-09T23:32:37.402Z,D2,cc-unified,0.52,22.23,15914.51,NA_HOST_NETWORK,NA_HOST_NETWORK,1605632/425984,phase4b
2026-08-09T23:32:37.402Z,D2,orderer2.example.com,2.90,412.34,15914.51,NA_HOST_NETWORK,NA_HOST_NETWORK,8413184/1722535936,phase4b
2026-08-09T23:32:37.402Z,D2,peer0.org2.example.com,15.14,535.09,15914.51,NA_HOST_NETWORK,NA_HOST_NETWORK,223277056/2665013248,phase4b
2026-08-09T23:32:37.512Z,D3,cc-unified,1.28,28.85,15823.57,NA_HOST_NETWORK,NA_HOST_NETWORK,3649536/372736,phase4b
2026-08-09T23:32:37.512Z,D3,orderer3.example.com,2.71,504.95,15823.57,NA_HOST_NETWORK,NA_HOST_NETWORK,1736704/1732845568,phase4b
2026-08-09T23:32:37.512Z,D3,peer0.org3.example.com,20.58,588.92,15823.57,NA_HOST_NETWORK,NA_HOST_NETWORK,120246272/1809997824,phase4b
2026-08-09T23:32:37.708Z,D1,cc-unified,0.63,26.46,7815.99,NA_HOST_NETWORK,NA_HOST_NETWORK,618496/0,phase4b
2026-08-09T23:32:37.708Z,D1,HARNESS_bench.js,7.5,182.41,7815.99,NA,NA,threads=11,phase4b
2026-08-09T23:32:37.708Z,D1,peer0.org1.example.com,16.56,589.20,7815.99,NA_HOST_NETWORK,NA_HOST_NETWORK,98066432/1759584256,phase4b
2026-08-09T23:32:37.719Z,D4,cc-unified,0.91,27.86,15823.56,NA_HOST_NETWORK,NA_HOST_NETWORK,159744/0,phase4b
2026-08-09T23:32:37.719Z,D4,orderer.example.com,2.58,1176.78,15823.56,NA_HOST_NETWORK,NA_HOST_NETWORK,460144640/1233149952,phase4b
2026-08-09T23:32:37.719Z,D4,peer0.org4.example.com,4.74,871.98,15823.56,NA_HOST_NETWORK,NA_HOST_NETWORK,76492800/1760985088,phase4b
2026-08-09T23:32:39.466Z,D2,cc-unified,0.92,22.23,15914.51,NA_HOST_NETWORK,NA_HOST_NETWORK,1605632/425984,phase4b
2026-08-09T23:32:39.466Z,D2,orderer2.example.com,2.38,414.94,15914.51,NA_HOST_NETWORK,NA_HOST_NETWORK,8413184/1723486208,phase4b
2026-08-09T23:32:39.466Z,D2,peer0.org2.example.com,18.43,535.05,15914.51,NA_HOST_NETWORK,NA_HOST_NETWORK,223277056/2665291776,phase4b
2026-08-09T23:32:39.557Z,D3,cc-unified,1.97,28.62,15823.57,NA_HOST_NETWORK,NA_HOST_NETWORK,3649536/372736,phase4b
2026-08-09T23:32:39.557Z,D3,orderer3.example.com,3.55,504.91,15823.57,NA_HOST_NETWORK,NA_HOST_NETWORK,1736704/1733378048,phase4b
2026-08-09T23:32:39.557Z,D3,peer0.org3.example.com,22.06,589.45,15823.57,NA_HOST_NETWORK,NA_HOST_NETWORK,120246272/1810456576,phase4b
2026-08-09T23:32:39.755Z,D1,cc-unified,3.67,27.07,7815.99,NA_HOST_NETWORK,NA_HOST_NETWORK,618496/0,phase4b
2026-08-09T23:32:39.755Z,D1,HARNESS_bench.js,11.7,185.45,7815.99,NA,NA,threads=11,phase4b
2026-08-09T23:32:39.755Z,D1,peer0.org1.example.com,27.89,592.79,7815.99,NA_HOST_NETWORK,NA_HOST_NETWORK,98066432/1759948800,phase4b
2026-08-09T23:32:39.766Z,D4,cc-unified,2.35,27.86,15823.56,NA_HOST_NETWORK,NA_HOST_NETWORK,159744/0,phase4b
2026-08-09T23:32:39.766Z,D4,orderer.example.com,9.74,1177.17,15823.56,NA_HOST_NETWORK,NA_HOST_NETWORK,460144640/1233743872,phase4b
2026-08-09T23:32:39.766Z,D4,peer0.org4.example.com,20.73,873.53,15823.56,NA_HOST_NETWORK,NA_HOST_NETWORK,76492800/1761517568,phase4b
2026-08-09T23:32:41.549Z,D2,cc-unified,1.09,22.23,15914.51,NA_HOST_NETWORK,NA_HOST_NETWORK,1605632/425984,phase4b
2026-08-09T23:32:41.549Z,D2,orderer2.example.com,1.86,415.10,15914.51,NA_HOST_NETWORK,NA_HOST_NETWORK,8413184/1724002304,phase4b
2026-08-09T23:32:41.549Z,D2,peer0.org2.example.com,12.84,535.63,15914.51,NA_HOST_NETWORK,NA_HOST_NETWORK,223277056/2665521152,phase4b
2026-08-09T23:32:41.759Z,D3,cc-unified,1.50,28.62,15823.57,NA_HOST_NETWORK,NA_HOST_NETWORK,3649536/372736,phase4b
2026-08-09T23:32:41.759Z,D3,orderer3.example.com,2.61,504.99,15823.57,NA_HOST_NETWORK,NA_HOST_NETWORK,1736704/1733816320,phase4b
2026-08-09T23:32:41.759Z,D3,peer0.org3.example.com,17.07,588.88,15823.57,NA_HOST_NETWORK,NA_HOST_NETWORK,120246272/1810808832,phase4b
2026-08-09T23:32:41.892Z,D1,cc-unified,1.35,25.83,7815.99,NA_HOST_NETWORK,NA_HOST_NETWORK,618496/0,phase4b
2026-08-09T23:32:41.892Z,D1,HARNESS_bench.js,9.3,187.81,7815.99,NA,NA,threads=11,phase4b
2026-08-09T23:32:41.892Z,D1,peer0.org1.example.com,25.15,592.30,7815.99,NA_HOST_NETWORK,NA_HOST_NETWORK,98066432/1760362496,phase4b
2026-08-09T23:32:41.915Z,D4,cc-unified,1.11,27.35,15823.56,NA_HOST_NETWORK,NA_HOST_NETWORK,159744/0,phase4b
2026-08-09T23:32:41.915Z,D4,orderer.example.com,6.05,1176.46,15823.56,NA_HOST_NETWORK,NA_HOST_NETWORK,460144640/1234202624,phase4b
2026-08-09T23:32:41.915Z,D4,peer0.org4.example.com,9.88,872.63,15823.56,NA_HOST_NETWORK,NA_HOST_NETWORK,76492800/1761882112,phase4b
2026-08-09T23:32:43.624Z,D2,cc-unified,0.57,22.23,15914.51,NA_HOST_NETWORK,NA_HOST_NETWORK,1605632/425984,phase4b
2026-08-09T23:32:43.624Z,D2,orderer2.example.com,1.53,415.19,15914.51,NA_HOST_NETWORK,NA_HOST_NETWORK,8413184/1724407808,phase4b
2026-08-09T23:32:43.624Z,D2,peer0.org2.example.com,15.67,535.13,15914.51,NA_HOST_NETWORK,NA_HOST_NETWORK,223277056/2665742336,phase4b
2026-08-09T23:32:43.839Z,D3,cc-unified,0.87,28.88,15823.57,NA_HOST_NETWORK,NA_HOST_NETWORK,3649536/372736,phase4b
2026-08-09T23:32:43.839Z,D3,orderer3.example.com,2.62,505.96,15823.57,NA_HOST_NETWORK,NA_HOST_NETWORK,1736704/1734111232,phase4b
2026-08-09T23:32:43.839Z,D3,peer0.org3.example.com,11.78,589.34,15823.57,NA_HOST_NETWORK,NA_HOST_NETWORK,120246272/1811054592,phase4b
2026-08-09T23:32:43.943Z,D1,cc-unified,1.27,25.89,7815.99,NA_HOST_NETWORK,NA_HOST_NETWORK,618496/0,phase4b
2026-08-09T23:32:43.943Z,D1,HARNESS_bench.js,4.9,188.85,7815.99,NA,NA,threads=11,phase4b
2026-08-09T23:32:43.943Z,D1,peer0.org1.example.com,17.95,592.27,7815.99,NA_HOST_NETWORK,NA_HOST_NETWORK,98066432/1760579584,phase4b
2026-08-09T23:32:43.963Z,D4,cc-unified,0.99,26.62,15823.56,NA_HOST_NETWORK,NA_HOST_NETWORK,159744/0,phase4b
2026-08-09T23:32:43.963Z,D4,orderer.example.com,3.57,1177.07,15823.56,NA_HOST_NETWORK,NA_HOST_NETWORK,460144640/1234477056,phase4b
2026-08-09T23:32:43.963Z,D4,peer0.org4.example.com,8.79,871.97,15823.56,NA_HOST_NETWORK,NA_HOST_NETWORK,76492800/1762037760,phase4b
2026-08-09T23:32:45.707Z,D2,cc-unified,1.83,22.47,15914.51,NA_HOST_NETWORK,NA_HOST_NETWORK,1605632/425984,phase4b
2026-08-09T23:32:45.707Z,D2,orderer2.example.com,2.40,415.96,15914.51,NA_HOST_NETWORK,NA_HOST_NETWORK,8413184/1725194240,phase4b
2026-08-09T23:32:45.707Z,D2,peer0.org2.example.com,16.53,536.01,15914.51,NA_HOST_NETWORK,NA_HOST_NETWORK,223277056/2665975808,phase4b
2026-08-09T23:32:45.995Z,D1,cc-unified,1.59,27.34,7815.99,NA_HOST_NETWORK,NA_HOST_NETWORK,618496/0,phase4b
2026-08-09T23:32:45.995Z,D1,HARNESS_bench.js,12.5,191.51,7815.99,NA,NA,threads=11,phase4b
2026-08-09T23:32:45.995Z,D1,peer0.org1.example.com,28.42,593.33,7815.99,NA_HOST_NETWORK,NA_HOST_NETWORK,98066432/1761054720,phase4b
2026-08-09T23:32:46.004Z,D3,cc-unified,1.74,29.61,15823.57,NA_HOST_NETWORK,NA_HOST_NETWORK,3649536/372736,phase4b
2026-08-09T23:32:46.004Z,D3,orderer3.example.com,3.10,506.72,15823.57,NA_HOST_NETWORK,NA_HOST_NETWORK,1736704/1734717440,phase4b
2026-08-09T23:32:46.004Z,D3,peer0.org3.example.com,23.37,590.71,15823.57,NA_HOST_NETWORK,NA_HOST_NETWORK,120246272/1811525632,phase4b
2026-08-09T23:32:46.064Z,D4,cc-unified,2.41,28.13,15823.56,NA_HOST_NETWORK,NA_HOST_NETWORK,159744/0,phase4b
2026-08-09T23:32:46.064Z,D4,orderer.example.com,11.42,1178.86,15823.56,NA_HOST_NETWORK,NA_HOST_NETWORK,460144640/1235009536,phase4b
2026-08-09T23:32:46.064Z,D4,peer0.org4.example.com,24.07,873.54,15823.56,NA_HOST_NETWORK,NA_HOST_NETWORK,76492800/1762504704,phase4b
2026-08-09T23:32:47.798Z,D2,cc-unified,1.43,22.71,15914.51,NA_HOST_NETWORK,NA_HOST_NETWORK,1605632/425984,phase4b
2026-08-09T23:32:47.798Z,D2,orderer2.example.com,2.01,416.23,15914.51,NA_HOST_NETWORK,NA_HOST_NETWORK,8413184/1725714432,phase4b
2026-08-09T23:32:47.798Z,D2,peer0.org2.example.com,13.53,535.91,15914.51,NA_HOST_NETWORK,NA_HOST_NETWORK,223277056/2666217472,phase4b
2026-08-09T23:32:48.075Z,D1,cc-unified,3.79,26.66,7815.99,NA_HOST_NETWORK,NA_HOST_NETWORK,618496/0,phase4b
2026-08-09T23:32:48.075Z,D1,HARNESS_bench.js,17.0,195.12,7815.99,NA,NA,threads=11,phase4b
2026-08-09T23:32:48.075Z,D1,peer0.org1.example.com,47.68,593.50,7815.99,NA_HOST_NETWORK,NA_HOST_NETWORK,98066432/1761574912,phase4b
2026-08-09T23:32:48.129Z,D3,cc-unified,2.45,29.37,15823.57,NA_HOST_NETWORK,NA_HOST_NETWORK,3649536/372736,phase4b
2026-08-09T23:32:48.129Z,D3,orderer3.example.com,3.46,506.88,15823.57,NA_HOST_NETWORK,NA_HOST_NETWORK,1736704/1735376896,phase4b
2026-08-09T23:32:48.129Z,D3,peer0.org3.example.com,27.57,590.46,15823.57,NA_HOST_NETWORK,NA_HOST_NETWORK,120246272/1812049920,phase4b
2026-08-09T23:32:48.180Z,D4,cc-unified,2.69,28.35,15823.56,NA_HOST_NETWORK,NA_HOST_NETWORK,159744/0,phase4b
2026-08-09T23:32:48.180Z,D4,orderer.example.com,9.81,1178.84,15823.56,NA_HOST_NETWORK,NA_HOST_NETWORK,460144640/1235681280,phase4b
2026-08-09T23:32:48.180Z,D4,peer0.org4.example.com,17.42,874.45,15823.56,NA_HOST_NETWORK,NA_HOST_NETWORK,76492800/1763069952,phase4b
2026-08-09T23:32:49.866Z,D2,cc-unified,1.24,22.96,15914.51,NA_HOST_NETWORK,NA_HOST_NETWORK,1605632/425984,phase4b
2026-08-09T23:32:49.866Z,D2,orderer2.example.com,1.88,417.21,15914.51,NA_HOST_NETWORK,NA_HOST_NETWORK,8413184/1726242816,phase4b
2026-08-09T23:32:49.866Z,D2,peer0.org2.example.com,20.88,535.61,15914.51,NA_HOST_NETWORK,NA_HOST_NETWORK,223277056/2666516480,phase4b
2026-08-09T23:32:50.138Z,D1,cc-unified,2.92,28.70,7815.99,NA_HOST_NETWORK,NA_HOST_NETWORK,618496/0,phase4b
2026-08-09T23:32:50.138Z,D1,HARNESS_bench.js,10.8,197.73,7815.99,NA,NA,threads=11,phase4b
2026-08-09T23:32:50.138Z,D1,peer0.org1.example.com,30.73,591.25,7815.99,NA_HOST_NETWORK,NA_HOST_NETWORK,98066432/1762009088,phase4b
2026-08-09T23:32:50.184Z,D3,cc-unified,2.13,29.64,15823.57,NA_HOST_NETWORK,NA_HOST_NETWORK,3649536/372736,phase4b
2026-08-09T23:32:50.184Z,D3,orderer3.example.com,3.12,507.69,15823.57,NA_HOST_NETWORK,NA_HOST_NETWORK,1736704/1735933952,phase4b
2026-08-09T23:32:50.184Z,D3,peer0.org3.example.com,23.32,591.35,15823.57,NA_HOST_NETWORK,NA_HOST_NETWORK,120246272/1812533248,phase4b
2026-08-09T23:32:50.226Z,D4,cc-unified,1.11,28.35,15823.56,NA_HOST_NETWORK,NA_HOST_NETWORK,159744/0,phase4b
2026-08-09T23:32:50.226Z,D4,orderer.example.com,4.18,1180.22,15823.56,NA_HOST_NETWORK,NA_HOST_NETWORK,460144640/1236189184,phase4b
2026-08-09T23:32:50.226Z,D4,peer0.org4.example.com,7.65,874.37,15823.56,NA_HOST_NETWORK,NA_HOST_NETWORK,76492800/1763516416,phase4b
2026-08-09T23:32:51.952Z,D2,cc-unified,1.29,22.23,15914.51,NA_HOST_NETWORK,NA_HOST_NETWORK,1605632/425984,phase4b
2026-08-09T23:32:51.952Z,D2,orderer2.example.com,2.30,417.59,15914.51,NA_HOST_NETWORK,NA_HOST_NETWORK,8413184/1727021056,phase4b
2026-08-09T23:32:51.952Z,D2,peer0.org2.example.com,14.97,535.62,15914.51,NA_HOST_NETWORK,NA_HOST_NETWORK,223277056/2666700800,phase4b
2026-08-09T23:32:52.274Z,D1,cc-unified,1.24,27.59,7815.99,NA_HOST_NETWORK,NA_HOST_NETWORK,618496/0,phase4b
2026-08-09T23:32:52.274Z,D1,HARNESS_bench.js,14.5,201.15,7815.99,NA,NA,threads=11,phase4b
2026-08-09T23:32:52.274Z,D1,peer0.org1.example.com,24.52,591.47,7815.99,NA_HOST_NETWORK,NA_HOST_NETWORK,98066432/1762476032,phase4b
2026-08-09T23:32:52.274Z,D4,cc-unified,1.35,28.12,15823.56,NA_HOST_NETWORK,NA_HOST_NETWORK,159744/0,phase4b
2026-08-09T23:32:52.274Z,D4,orderer.example.com,7.33,1179.96,15823.56,NA_HOST_NETWORK,NA_HOST_NETWORK,460144640/1236865024,phase4b
2026-08-09T23:32:52.274Z,D4,peer0.org4.example.com,14.19,875.58,15823.56,NA_HOST_NETWORK,NA_HOST_NETWORK,76492800/1764052992,phase4b
2026-08-09T23:32:52.334Z,D3,cc-unified,2.09,28.92,15823.57,NA_HOST_NETWORK,NA_HOST_NETWORK,3649536/372736,phase4b
2026-08-09T23:32:52.334Z,D3,orderer3.example.com,3.57,508.27,15823.57,NA_HOST_NETWORK,NA_HOST_NETWORK,1736704/1736605696,phase4b
2026-08-09T23:32:52.334Z,D3,peer0.org3.example.com,31.41,592.02,15823.57,NA_HOST_NETWORK,NA_HOST_NETWORK,120250368/1813065728,phase4b
2026-08-09T23:32:54.115Z,D2,cc-unified,1.37,22.72,15914.51,NA_HOST_NETWORK,NA_HOST_NETWORK,1605632/425984,phase4b
2026-08-09T23:32:54.115Z,D2,orderer2.example.com,1.81,417.84,15914.51,NA_HOST_NETWORK,NA_HOST_NETWORK,8413184/1727504384,phase4b
2026-08-09T23:32:54.115Z,D2,peer0.org2.example.com,12.95,536.15,15914.51,NA_HOST_NETWORK,NA_HOST_NETWORK,223277056/2666930176,phase4b
2026-08-09T23:32:54.404Z,D4,cc-unified,1.53,28.11,15823.56,NA_HOST_NETWORK,NA_HOST_NETWORK,159744/0,phase4b
2026-08-09T23:32:54.404Z,D4,orderer.example.com,5.85,1180.91,15823.56,NA_HOST_NETWORK,NA_HOST_NETWORK,460144640/1237348352,phase4b
2026-08-09T23:32:54.404Z,D4,peer0.org4.example.com,11.33,874.05,15823.56,NA_HOST_NETWORK,NA_HOST_NETWORK,76492800/1764474880,phase4b
2026-08-09T23:32:54.409Z,D1,cc-unified,1.73,27.86,7815.99,NA_HOST_NETWORK,NA_HOST_NETWORK,618496/0,phase4b
2026-08-09T23:32:54.409Z,D1,HARNESS_bench.js,12.2,203.25,7815.99,NA,NA,threads=11,phase4b
2026-08-09T23:32:54.409Z,D1,peer0.org1.example.com,26.25,592.06,7815.99,NA_HOST_NETWORK,NA_HOST_NETWORK,98066432/1762881536,phase4b
2026-08-09T23:32:54.497Z,D3,cc-unified,4.69,28.41,15823.57,NA_HOST_NETWORK,NA_HOST_NETWORK,3649536/372736,phase4b
2026-08-09T23:32:54.497Z,D3,orderer3.example.com,3.60,508.63,15823.57,NA_HOST_NETWORK,NA_HOST_NETWORK,1736704/1737093120,phase4b
2026-08-09T23:32:54.497Z,D3,peer0.org3.example.com,21.70,592.75,15823.57,NA_HOST_NETWORK,NA_HOST_NETWORK,120250368/1813499904,phase4b
2026-08-09T23:32:56.173Z,D2,cc-unified,0.89,22.72,15914.51,NA_HOST_NETWORK,NA_HOST_NETWORK,1605632/425984,phase4b
2026-08-09T23:32:56.173Z,D2,orderer2.example.com,2.00,418.34,15914.51,NA_HOST_NETWORK,NA_HOST_NETWORK,8413184/1728118784,phase4b
2026-08-09T23:32:56.173Z,D2,peer0.org2.example.com,14.69,536.30,15914.51,NA_HOST_NETWORK,NA_HOST_NETWORK,223277056/2667167744,phase4b
2026-08-09T23:32:56.453Z,D4,cc-unified,2.52,27.73,15823.56,NA_HOST_NETWORK,NA_HOST_NETWORK,159744/0,phase4b
2026-08-09T23:32:56.453Z,D4,orderer.example.com,8.08,1181.21,15823.56,NA_HOST_NETWORK,NA_HOST_NETWORK,460144640/1237929984,phase4b
2026-08-09T23:32:56.453Z,D4,peer0.org4.example.com,17.08,875.85,15823.56,NA_HOST_NETWORK,NA_HOST_NETWORK,76492800/1764962304,phase4b
2026-08-09T23:32:56.542Z,D1,cc-unified,2.18,28.08,7815.99,NA_HOST_NETWORK,NA_HOST_NETWORK,618496/0,phase4b
2026-08-09T23:32:56.542Z,D1,HARNESS_bench.js,18.6,201.94,7815.99,NA,NA,threads=11,phase4b
2026-08-09T23:32:56.542Z,D1,peer0.org1.example.com,35.59,591.99,7815.99,NA_HOST_NETWORK,NA_HOST_NETWORK,98066432/1763332096,phase4b
2026-08-09T23:32:56.660Z,D3,cc-unified,2.14,27.67,15823.57,NA_HOST_NETWORK,NA_HOST_NETWORK,3649536/372736,phase4b
2026-08-09T23:32:56.660Z,D3,orderer3.example.com,3.29,508.12,15823.57,NA_HOST_NETWORK,NA_HOST_NETWORK,1736704/1737674752,phase4b
2026-08-09T23:32:56.660Z,D3,peer0.org3.example.com,26.41,593.12,15823.57,NA_HOST_NETWORK,NA_HOST_NETWORK,120250368/1813975040,phase4b
2026-08-09T23:32:58.259Z,D2,cc-unified,1.69,22.49,15914.51,NA_HOST_NETWORK,NA_HOST_NETWORK,1605632/425984,phase4b
2026-08-09T23:32:58.259Z,D2,orderer2.example.com,1.37,418.63,15914.51,NA_HOST_NETWORK,NA_HOST_NETWORK,8413184/1728405504,phase4b
2026-08-09T23:32:58.259Z,D2,peer0.org2.example.com,14.06,544.37,15914.51,NA_HOST_NETWORK,NA_HOST_NETWORK,223277056/2667335680,phase4b
2026-08-09T23:32:58.653Z,D4,cc-unified,2.77,27.50,15823.56,NA_HOST_NETWORK,NA_HOST_NETWORK,159744/0,phase4b
2026-08-09T23:32:58.653Z,D4,orderer.example.com,9.04,1181.41,15823.56,NA_HOST_NETWORK,NA_HOST_NETWORK,460144640/1238384640,phase4b
2026-08-09T23:32:58.653Z,D4,peer0.org4.example.com,20.22,876.43,15823.56,NA_HOST_NETWORK,NA_HOST_NETWORK,76492800/1765339136,phase4b
2026-08-09T23:32:58.716Z,D1,cc-unified,2.76,27.87,7815.99,NA_HOST_NETWORK,NA_HOST_NETWORK,618496/0,phase4b
2026-08-09T23:32:58.716Z,D1,HARNESS_bench.js,16.5,201.96,7815.99,NA,NA,threads=11,phase4b
2026-08-09T23:32:58.716Z,D1,peer0.org1.example.com,34.48,601.50,7815.99,NA_HOST_NETWORK,NA_HOST_NETWORK,98066432/1763827712,phase4b
2026-08-09T23:32:58.824Z,D3,cc-unified,3.06,29.17,15823.57,NA_HOST_NETWORK,NA_HOST_NETWORK,3649536/372736,phase4b
2026-08-09T23:32:58.824Z,D3,orderer3.example.com,3.39,509.42,15823.57,NA_HOST_NETWORK,NA_HOST_NETWORK,1736704/1738321920,phase4b
2026-08-09T23:32:58.824Z,D3,peer0.org3.example.com,20.23,594.13,15823.57,NA_HOST_NETWORK,NA_HOST_NETWORK,120250368/1814499328,phase4b
2026-08-09T23:33:00.346Z,D2,cc-unified,0.72,22.24,15914.51,NA_HOST_NETWORK,NA_HOST_NETWORK,1605632/425984,phase4b
2026-08-09T23:33:00.346Z,D2,orderer2.example.com,1.47,418.98,15914.51,NA_HOST_NETWORK,NA_HOST_NETWORK,8413184/1728856064,phase4b
2026-08-09T23:33:00.346Z,D2,peer0.org2.example.com,9.89,536.27,15914.51,NA_HOST_NETWORK,NA_HOST_NETWORK,223277056/2667483136,phase4b
2026-08-09T23:33:00.718Z,D4,cc-unified,1.57,27.96,15823.56,NA_HOST_NETWORK,NA_HOST_NETWORK,159744/0,phase4b
2026-08-09T23:33:00.718Z,D4,orderer.example.com,5.50,1181.74,15823.56,NA_HOST_NETWORK,NA_HOST_NETWORK,460144640/1239142400,phase4b
2026-08-09T23:33:00.718Z,D4,peer0.org4.example.com,14.19,873.97,15823.56,NA_HOST_NETWORK,NA_HOST_NETWORK,76492800/1767563264,phase4b
2026-08-09T23:33:00.767Z,D1,cc-unified,2.34,28.13,7815.99,NA_HOST_NETWORK,NA_HOST_NETWORK,618496/0,phase4b
2026-08-09T23:33:00.767Z,D1,HARNESS_bench.js,9.8,201.96,7815.99,NA,NA,threads=11,phase4b
2026-08-09T23:33:00.767Z,D1,peer0.org1.example.com,26.39,593.12,7815.99,NA_HOST_NETWORK,NA_HOST_NETWORK,98066432/1764241408,phase4b
2026-08-09T23:33:00.982Z,D3,cc-unified,2.30,29.61,15823.57,NA_HOST_NETWORK,NA_HOST_NETWORK,3649536/372736,phase4b
2026-08-09T23:33:00.982Z,D3,orderer3.example.com,3.60,510.46,15823.57,NA_HOST_NETWORK,NA_HOST_NETWORK,1736704/1738985472,phase4b
2026-08-09T23:33:00.982Z,D3,peer0.org3.example.com,27.57,593.88,15823.57,NA_HOST_NETWORK,NA_HOST_NETWORK,120250368/1815031808,phase4b
2026-08-09T23:33:02.431Z,D2,cc-unified,0.79,22.24,15914.51,NA_HOST_NETWORK,NA_HOST_NETWORK,1605632/425984,phase4b
2026-08-09T23:33:02.431Z,D2,orderer2.example.com,1.81,419.92,15914.51,NA_HOST_NETWORK,NA_HOST_NETWORK,8413184/1729437696,phase4b
2026-08-09T23:33:02.431Z,D2,peer0.org2.example.com,15.20,536.25,15914.51,NA_HOST_NETWORK,NA_HOST_NETWORK,223277056/2667720704,phase4b
2026-08-09T23:33:02.764Z,D4,cc-unified,0.53,26.53,15823.56,NA_HOST_NETWORK,NA_HOST_NETWORK,159744/0,phase4b
2026-08-09T23:33:02.764Z,D4,orderer.example.com,5.08,1181.07,15823.56,NA_HOST_NETWORK,NA_HOST_NETWORK,460144640/1239461888,phase4b
2026-08-09T23:33:02.764Z,D4,peer0.org4.example.com,10.70,883.60,15823.56,NA_HOST_NETWORK,NA_HOST_NETWORK,76492800/1778601984,phase4b
2026-08-09T23:33:02.913Z,D1,cc-unified,0.74,27.88,7815.99,NA_HOST_NETWORK,NA_HOST_NETWORK,618496/0,phase4b
2026-08-09T23:33:02.913Z,D1,HARNESS_bench.js,6.6,201.96,7815.99,NA,NA,threads=11,phase4b
2026-08-09T23:33:02.913Z,D1,peer0.org1.example.com,13.02,583.98,7815.99,NA_HOST_NETWORK,NA_HOST_NETWORK,98066432/1764577280,phase4b
2026-08-09T23:33:03.103Z,D3,cc-unified,1.20,28.91,15823.57,NA_HOST_NETWORK,NA_HOST_NETWORK,3649536/372736,phase4b
2026-08-09T23:33:03.103Z,D3,orderer3.example.com,2.56,510.70,15823.57,NA_HOST_NETWORK,NA_HOST_NETWORK,1736704/1739247616,phase4b
2026-08-09T23:33:03.103Z,D3,peer0.org3.example.com,14.18,594.72,15823.57,NA_HOST_NETWORK,NA_HOST_NETWORK,120250368/1815252992,phase4b
2026-08-09T23:33:04.516Z,D2,cc-unified,0.74,22.24,15914.51,NA_HOST_NETWORK,NA_HOST_NETWORK,1605632/425984,phase4b
2026-08-09T23:33:04.516Z,D2,orderer2.example.com,1.91,420.33,15914.51,NA_HOST_NETWORK,NA_HOST_NETWORK,8413184/1729982464,phase4b
2026-08-09T23:33:04.516Z,D2,peer0.org2.example.com,13.12,536.43,15914.51,NA_HOST_NETWORK,NA_HOST_NETWORK,223277056/2667966464,phase4b
2026-08-09T23:33:04.810Z,D4,cc-unified,1.30,27.58,15823.56,NA_HOST_NETWORK,NA_HOST_NETWORK,159744/0,phase4b
2026-08-09T23:33:04.810Z,D4,orderer.example.com,3.88,1181.87,15823.56,NA_HOST_NETWORK,NA_HOST_NETWORK,460144640/1239908352,phase4b
2026-08-09T23:33:04.810Z,D4,peer0.org4.example.com,23.94,875.78,15823.56,NA_HOST_NETWORK,NA_HOST_NETWORK,76492800/1819721728,phase4b
2026-08-09T23:33:05.045Z,D1,cc-unified,2.67,27.36,7815.99,NA_HOST_NETWORK,NA_HOST_NETWORK,618496/0,phase4b
2026-08-09T23:33:05.045Z,D1,HARNESS_bench.js,15.6,161.26,7815.99,NA,NA,threads=11,phase4b
2026-08-09T23:33:05.045Z,D1,peer0.org1.example.com,32.46,584.17,7815.99,NA_HOST_NETWORK,NA_HOST_NETWORK,98066432/1764970496,phase4b
2026-08-09T23:33:05.154Z,D3,cc-unified,2.40,28.69,15823.57,NA_HOST_NETWORK,NA_HOST_NETWORK,3649536/372736,phase4b
2026-08-09T23:33:05.154Z,D3,orderer3.example.com,3.62,510.98,15823.57,NA_HOST_NETWORK,NA_HOST_NETWORK,1736704/1739849728,phase4b
2026-08-09T23:33:05.154Z,D3,peer0.org3.example.com,29.52,589.83,15823.57,NA_HOST_NETWORK,NA_HOST_NETWORK,120250368/1815744512,phase4b
2026-08-09T23:33:06.599Z,D2,cc-unified,1.12,22.97,15914.51,NA_HOST_NETWORK,NA_HOST_NETWORK,1605632/425984,phase4b
2026-08-09T23:33:06.599Z,D2,orderer2.example.com,2.28,420.86,15914.51,NA_HOST_NETWORK,NA_HOST_NETWORK,8413184/1730629632,phase4b
2026-08-09T23:33:06.599Z,D2,peer0.org2.example.com,17.08,536.90,15914.51,NA_HOST_NETWORK,NA_HOST_NETWORK,223277056/2668228608,phase4b
2026-08-09T23:33:06.949Z,D4,cc-unified,1.02,27.30,15823.56,NA_HOST_NETWORK,NA_HOST_NETWORK,159744/0,phase4b
2026-08-09T23:33:06.949Z,D4,orderer.example.com,6.17,1183.71,15823.56,NA_HOST_NETWORK,NA_HOST_NETWORK,460144640/1240485888,phase4b
2026-08-09T23:33:06.949Z,D4,peer0.org4.example.com,13.31,876.30,15823.56,NA_HOST_NETWORK,NA_HOST_NETWORK,76492800/1820225536,phase4b
2026-08-09T23:33:07.094Z,D1,cc-unified,2.17,27.86,7815.99,NA_HOST_NETWORK,NA_HOST_NETWORK,618496/0,phase4b
2026-08-09T23:33:07.094Z,D1,HARNESS_bench.js,8.8,161.26,7815.99,NA,NA,threads=11,phase4b
2026-08-09T23:33:07.094Z,D1,peer0.org1.example.com,31.63,584.92,7815.99,NA_HOST_NETWORK,NA_HOST_NETWORK,98066432/1765355520,phase4b
2026-08-09T23:33:07.313Z,D3,cc-unified,2.54,29.41,15823.57,NA_HOST_NETWORK,NA_HOST_NETWORK,3649536/372736,phase4b
2026-08-09T23:33:07.313Z,D3,orderer3.example.com,3.72,511.07,15823.57,NA_HOST_NETWORK,NA_HOST_NETWORK,1736704/1740337152,phase4b
2026-08-09T23:33:07.313Z,D3,peer0.org3.example.com,23.73,590.12,15823.57,NA_HOST_NETWORK,NA_HOST_NETWORK,120250368/1816174592,phase4b
2026-08-09T23:33:08.687Z,D2,cc-unified,1.05,22.24,15914.51,NA_HOST_NETWORK,NA_HOST_NETWORK,1605632/425984,phase4b
2026-08-09T23:33:08.687Z,D2,orderer2.example.com,2.12,420.64,15914.51,NA_HOST_NETWORK,NA_HOST_NETWORK,8413184/1731235840,phase4b
2026-08-09T23:33:08.687Z,D2,peer0.org2.example.com,19.80,536.57,15914.51,NA_HOST_NETWORK,NA_HOST_NETWORK,223277056/2668498944,phase4b
2026-08-09T23:33:08.995Z,D4,cc-unified,2.13,26.84,15823.56,NA_HOST_NETWORK,NA_HOST_NETWORK,159744/0,phase4b
2026-08-09T23:33:08.995Z,D4,orderer.example.com,9.30,1183.23,15823.56,NA_HOST_NETWORK,NA_HOST_NETWORK,460144640/1241059328,phase4b
2026-08-09T23:33:08.995Z,D4,peer0.org4.example.com,22.16,876.65,15823.56,NA_HOST_NETWORK,NA_HOST_NETWORK,76492800/1820676096,phase4b
2026-08-09T23:33:09.140Z,D1,cc-unified,1.94,27.52,7815.99,NA_HOST_NETWORK,NA_HOST_NETWORK,618496/0,phase4b
2026-08-09T23:33:09.140Z,D1,HARNESS_bench.js,14.4,161.26,7815.99,NA,NA,threads=11,phase4b
2026-08-09T23:33:09.140Z,D1,peer0.org1.example.com,33.39,585.22,7815.99,NA_HOST_NETWORK,NA_HOST_NETWORK,98066432/1765826560,phase4b
2026-08-09T23:33:09.478Z,D3,cc-unified,2.99,29.40,15823.57,NA_HOST_NETWORK,NA_HOST_NETWORK,3649536/372736,phase4b
2026-08-09T23:33:09.478Z,D3,orderer3.example.com,2.92,511.54,15823.57,NA_HOST_NETWORK,NA_HOST_NETWORK,1736704/1740881920,phase4b
2026-08-09T23:33:09.478Z,D3,peer0.org3.example.com,26.86,589.98,15823.57,NA_HOST_NETWORK,NA_HOST_NETWORK,120250368/1816604672,phase4b
2026-08-09T23:33:10.753Z,D2,cc-unified,0.75,22.73,15914.51,NA_HOST_NETWORK,NA_HOST_NETWORK,1605632/425984,phase4b
2026-08-09T23:33:10.753Z,D2,orderer2.example.com,1.87,421.61,15914.51,NA_HOST_NETWORK,NA_HOST_NETWORK,8413184/1731645440,phase4b
2026-08-09T23:33:10.753Z,D2,peer0.org2.example.com,11.05,537.59,15914.51,NA_HOST_NETWORK,NA_HOST_NETWORK,223277056/2668691456,phase4b
2026-08-09T23:33:11.145Z,D4,cc-unified,2.54,27.59,15823.56,NA_HOST_NETWORK,NA_HOST_NETWORK,159744/0,phase4b
2026-08-09T23:33:11.145Z,D4,orderer.example.com,11.74,1183.75,15823.56,NA_HOST_NETWORK,NA_HOST_NETWORK,460144640/1241559040,phase4b
2026-08-09T23:33:11.145Z,D4,peer0.org4.example.com,20.46,877.11,15823.56,NA_HOST_NETWORK,NA_HOST_NETWORK,76492800/1821077504,phase4b
2026-08-09T23:33:11.223Z,D1,cc-unified,1.83,27.49,7815.99,NA_HOST_NETWORK,NA_HOST_NETWORK,618496/0,phase4b
2026-08-09T23:33:11.223Z,D1,HARNESS_bench.js,13.4,160.76,7815.99,NA,NA,threads=11,phase4b
2026-08-09T23:33:11.223Z,D1,peer0.org1.example.com,26.35,586.25,7815.99,NA_HOST_NETWORK,NA_HOST_NETWORK,98066432/1766137856,phase4b
2026-08-09T23:33:11.626Z,D3,cc-unified,1.44,29.67,15823.57,NA_HOST_NETWORK,NA_HOST_NETWORK,3649536/372736,phase4b
2026-08-09T23:33:11.626Z,D3,orderer3.example.com,3.52,511.48,15823.57,NA_HOST_NETWORK,NA_HOST_NETWORK,1736704/1741369344,phase4b
2026-08-09T23:33:11.626Z,D3,peer0.org3.example.com,21.65,592.40,15823.57,NA_HOST_NETWORK,NA_HOST_NETWORK,120250368/1817001984,phase4b
2026-08-09T23:33:12.838Z,D2,cc-unified,0.92,22.73,15914.51,NA_HOST_NETWORK,NA_HOST_NETWORK,1605632/425984,phase4b
2026-08-09T23:33:12.838Z,D2,orderer2.example.com,2.31,421.95,15914.51,NA_HOST_NETWORK,NA_HOST_NETWORK,8413184/1732280320,phase4b
2026-08-09T23:33:12.838Z,D2,peer0.org2.example.com,16.37,536.95,15914.51,NA_HOST_NETWORK,NA_HOST_NETWORK,223277056/2668867584,phase4b
2026-08-09T23:33:13.199Z,D4,cc-unified,2.86,25.31,15823.56,NA_HOST_NETWORK,NA_HOST_NETWORK,159744/0,phase4b
2026-08-09T23:33:13.199Z,D4,orderer.example.com,2.62,1182.45,15823.56,NA_HOST_NETWORK,NA_HOST_NETWORK,460144640/1241911296,phase4b
2026-08-09T23:33:13.199Z,D4,peer0.org4.example.com,4.75,875.97,15823.56,NA_HOST_NETWORK,NA_HOST_NETWORK,76492800/1821384704,phase4b
2026-08-09T23:33:13.308Z,D1,cc-unified,1.72,26.81,7815.99,NA_HOST_NETWORK,NA_HOST_NETWORK,618496/0,phase4b
2026-08-09T23:33:13.308Z,D1,HARNESS_bench.js,9.3,160.76,7815.99,NA,NA,threads=11,phase4b
2026-08-09T23:33:13.308Z,D1,peer0.org1.example.com,19.29,584.90,7815.99,NA_HOST_NETWORK,NA_HOST_NETWORK,98066432/1766494208,phase4b
2026-08-09T23:33:13.767Z,D3,cc-unified,1.44,28.64,15823.57,NA_HOST_NETWORK,NA_HOST_NETWORK,3649536/372736,phase4b
2026-08-09T23:33:13.767Z,D3,orderer3.example.com,3.30,511.98,15823.57,NA_HOST_NETWORK,NA_HOST_NETWORK,1736704/1741758464,phase4b
2026-08-09T23:33:13.767Z,D3,peer0.org3.example.com,20.72,593.07,15823.57,NA_HOST_NETWORK,NA_HOST_NETWORK,120250368/1817346048,phase4b
2026-08-09T23:33:14.992Z,D2,cc-unified,1.00,22.31,15914.51,NA_HOST_NETWORK,NA_HOST_NETWORK,1605632/425984,phase4b
2026-08-09T23:33:14.992Z,D2,orderer2.example.com,2.13,421.89,15914.51,NA_HOST_NETWORK,NA_HOST_NETWORK,8413184/1732788224,phase4b
2026-08-09T23:33:14.992Z,D2,peer0.org2.example.com,15.23,537.40,15914.51,NA_HOST_NETWORK,NA_HOST_NETWORK,223277056/2669064192,phase4b
2026-08-09T23:33:15.246Z,D4,cc-unified,3.21,27.02,15823.56,NA_HOST_NETWORK,NA_HOST_NETWORK,159744/0,phase4b
2026-08-09T23:33:15.246Z,D4,orderer.example.com,12.55,1183.28,15823.56,NA_HOST_NETWORK,NA_HOST_NETWORK,460144640/1242447872,phase4b
2026-08-09T23:33:15.246Z,D4,peer0.org4.example.com,24.67,878.33,15823.56,NA_HOST_NETWORK,NA_HOST_NETWORK,76492800/1821827072,phase4b
2026-08-09T23:33:15.358Z,D1,cc-unified,2.13,28.31,7815.99,NA_HOST_NETWORK,NA_HOST_NETWORK,618496/0,phase4b
2026-08-09T23:33:15.358Z,D1,HARNESS_bench.js,10.9,160.76,7815.99,NA,NA,threads=11,phase4b
2026-08-09T23:33:15.358Z,D1,peer0.org1.example.com,27.59,586.22,7815.99,NA_HOST_NETWORK,NA_HOST_NETWORK,98066432/1766920192,phase4b
2026-08-09T23:33:15.840Z,D3,cc-unified,1.64,27.68,15823.57,NA_HOST_NETWORK,NA_HOST_NETWORK,3649536/372736,phase4b
2026-08-09T23:33:15.840Z,D3,orderer3.example.com,3.26,512.89,15823.57,NA_HOST_NETWORK,NA_HOST_NETWORK,1736704/1742274560,phase4b
2026-08-09T23:33:15.840Z,D3,peer0.org3.example.com,25.74,592.84,15823.57,NA_HOST_NETWORK,NA_HOST_NETWORK,120250368/1817763840,phase4b
2026-08-09T23:33:17.047Z,D2,cc-unified,0.65,22.69,15914.51,NA_HOST_NETWORK,NA_HOST_NETWORK,1605632/425984,phase4b
2026-08-09T23:33:17.047Z,D2,orderer2.example.com,2.27,422.89,15914.51,NA_HOST_NETWORK,NA_HOST_NETWORK,8413184/1733263360,phase4b
2026-08-09T23:33:17.047Z,D2,peer0.org2.example.com,10.28,537.99,15914.51,NA_HOST_NETWORK,NA_HOST_NETWORK,223277056/2669264896,phase4b
2026-08-09T23:33:17.381Z,D4,cc-unified,0.22,25.33,15823.56,NA_HOST_NETWORK,NA_HOST_NETWORK,159744/0,phase4b
2026-08-09T23:33:17.381Z,D4,orderer.example.com,3.07,1184.20,15823.56,NA_HOST_NETWORK,NA_HOST_NETWORK,460144640/1242660864,phase4b
2026-08-09T23:33:17.381Z,D4,peer0.org4.example.com,5.21,877.00,15823.56,NA_HOST_NETWORK,NA_HOST_NETWORK,76492800/1822011392,phase4b
2026-08-09T23:33:17.463Z,D1,cc-unified,1.57,28.07,7815.99,NA_HOST_NETWORK,NA_HOST_NETWORK,618496/0,phase4b
2026-08-09T23:33:17.463Z,D1,HARNESS_bench.js,9.2,160.77,7815.99,NA,NA,threads=11,phase4b
2026-08-09T23:33:17.463Z,D1,peer0.org1.example.com,22.80,589.28,7815.99,NA_HOST_NETWORK,NA_HOST_NETWORK,98066432/1767124992,phase4b
2026-08-09T23:33:17.884Z,D3,cc-unified,0.91,28.18,15823.57,NA_HOST_NETWORK,NA_HOST_NETWORK,3649536/372736,phase4b
2026-08-09T23:33:17.884Z,D3,orderer3.example.com,2.54,511.93,15823.57,NA_HOST_NETWORK,NA_HOST_NETWORK,1736704/1742565376,phase4b
2026-08-09T23:33:17.884Z,D3,peer0.org3.example.com,13.57,592.86,15823.57,NA_HOST_NETWORK,NA_HOST_NETWORK,120250368/1817997312,phase4b
2026-08-09T23:33:19.129Z,D2,cc-unified,1.84,23.43,15914.51,NA_HOST_NETWORK,NA_HOST_NETWORK,1605632/425984,phase4b
2026-08-09T23:33:19.129Z,D2,orderer2.example.com,2.26,423.00,15914.51,NA_HOST_NETWORK,NA_HOST_NETWORK,8413184/1733734400,phase4b
2026-08-09T23:33:19.129Z,D2,peer0.org2.example.com,15.63,537.86,15914.51,NA_HOST_NETWORK,NA_HOST_NETWORK,223277056/2669457408,phase4b
2026-08-09T23:33:19.542Z,D4,cc-unified,0.76,25.55,15823.56,NA_HOST_NETWORK,NA_HOST_NETWORK,159744/0,phase4b
2026-08-09T23:33:19.542Z,D4,orderer.example.com,3.64,1185.11,15823.56,NA_HOST_NETWORK,NA_HOST_NETWORK,460144640/1243181056,phase4b
2026-08-09T23:33:19.542Z,D4,peer0.org4.example.com,7.92,877.32,15823.56,NA_HOST_NETWORK,NA_HOST_NETWORK,76492800/1822445568,phase4b
2026-08-09T23:33:19.605Z,D1,cc-unified,2.12,27.55,7815.99,NA_HOST_NETWORK,NA_HOST_NETWORK,618496/0,phase4b
2026-08-09T23:33:19.605Z,D1,HARNESS_bench.js,14.4,160.77,7815.99,NA,NA,threads=11,phase4b
2026-08-09T23:33:19.605Z,D1,peer0.org1.example.com,24.21,589.26,7815.99,NA_HOST_NETWORK,NA_HOST_NETWORK,98066432/1767497728,phase4b
2026-08-09T23:33:19.997Z,D3,cc-unified,1.49,28.43,15823.57,NA_HOST_NETWORK,NA_HOST_NETWORK,3649536/372736,phase4b
2026-08-09T23:33:19.997Z,D3,orderer3.example.com,3.41,512.77,15823.57,NA_HOST_NETWORK,NA_HOST_NETWORK,1736704/1743015936,phase4b
2026-08-09T23:33:19.997Z,D3,peer0.org3.example.com,18.47,592.66,15823.57,NA_HOST_NETWORK,NA_HOST_NETWORK,120250368/1818390528,phase4b
2026-08-09T23:33:21.216Z,D2,cc-unified,0.94,23.77,15914.51,NA_HOST_NETWORK,NA_HOST_NETWORK,1605632/425984,phase4b
2026-08-09T23:33:21.216Z,D2,orderer2.example.com,2.38,423.18,15914.51,NA_HOST_NETWORK,NA_HOST_NETWORK,8413184/1734107136,phase4b
2026-08-09T23:33:21.216Z,D2,peer0.org2.example.com,16.90,537.89,15914.51,NA_HOST_NETWORK,NA_HOST_NETWORK,223277056/2669731840,phase4b
2026-08-09T23:33:21.633Z,D4,cc-unified,2.49,26.79,15823.56,NA_HOST_NETWORK,NA_HOST_NETWORK,159744/0,phase4b
2026-08-09T23:33:21.633Z,D4,orderer.example.com,9.77,1185.39,15823.56,NA_HOST_NETWORK,NA_HOST_NETWORK,460144640/1243525120,phase4b
2026-08-09T23:33:21.633Z,D4,peer0.org4.example.com,16.01,878.61,15823.56,NA_HOST_NETWORK,NA_HOST_NETWORK,76492800/1822756864,phase4b
2026-08-09T23:33:21.736Z,D1,cc-unified,1.97,28.07,7815.99,NA_HOST_NETWORK,NA_HOST_NETWORK,618496/0,phase4b
2026-08-09T23:33:21.736Z,D1,HARNESS_bench.js,15.4,160.02,7815.99,NA,NA,threads=11,phase4b
2026-08-09T23:33:21.736Z,D1,peer0.org1.example.com,28.23,589.14,7815.99,NA_HOST_NETWORK,NA_HOST_NETWORK,98066432/1767899136,phase4b
2026-08-09T23:33:22.156Z,D3,cc-unified,1.41,29.11,15823.57,NA_HOST_NETWORK,NA_HOST_NETWORK,3649536/372736,phase4b
2026-08-09T23:33:22.156Z,D3,orderer3.example.com,2.97,513.27,15823.57,NA_HOST_NETWORK,NA_HOST_NETWORK,1736704/1743360000,phase4b
2026-08-09T23:33:22.156Z,D3,peer0.org3.example.com,17.76,591.95,15823.57,NA_HOST_NETWORK,NA_HOST_NETWORK,120250368/1818693632,phase4b
2026-08-09T23:33:23.301Z,D2,cc-unified,0.79,23.53,15914.51,NA_HOST_NETWORK,NA_HOST_NETWORK,1605632/425984,phase4b
2026-08-09T23:33:23.301Z,D2,orderer2.example.com,2.08,423.65,15914.51,NA_HOST_NETWORK,NA_HOST_NETWORK,8413184/1734549504,phase4b
2026-08-09T23:33:23.301Z,D2,peer0.org2.example.com,10.75,538.13,15914.51,NA_HOST_NETWORK,NA_HOST_NETWORK,223277056/2669924352,phase4b
2026-08-09T23:33:23.687Z,D4,cc-unified,2.04,27.02,15823.56,NA_HOST_NETWORK,NA_HOST_NETWORK,159744/0,phase4b
2026-08-09T23:33:23.687Z,D4,orderer.example.com,11.54,1186.06,15823.56,NA_HOST_NETWORK,NA_HOST_NETWORK,460144640/1244094464,phase4b
2026-08-09T23:33:23.687Z,D4,peer0.org4.example.com,17.71,878.70,15823.56,NA_HOST_NETWORK,NA_HOST_NETWORK,76492800/1823186944,phase4b
2026-08-09T23:33:23.876Z,D1,cc-unified,1.54,27.58,7815.99,NA_HOST_NETWORK,NA_HOST_NETWORK,618496/0,phase4b
2026-08-09T23:33:23.876Z,D1,HARNESS_bench.js,12.7,160.02,7815.99,NA,NA,threads=11,phase4b
2026-08-09T23:33:23.876Z,D1,peer0.org1.example.com,27.28,589.97,7815.99,NA_HOST_NETWORK,NA_HOST_NETWORK,98066432/1768345600,phase4b
2026-08-09T23:33:24.334Z,D3,cc-unified,1.97,28.41,15823.57,NA_HOST_NETWORK,NA_HOST_NETWORK,3649536/372736,phase4b
2026-08-09T23:33:24.334Z,D3,orderer3.example.com,3.59,514.04,15823.57,NA_HOST_NETWORK,NA_HOST_NETWORK,1736704/1743970304,phase4b
2026-08-09T23:33:24.334Z,D3,peer0.org3.example.com,25.99,593.00,15823.57,NA_HOST_NETWORK,NA_HOST_NETWORK,120254464/1819181056,phase4b
2026-08-09T23:33:25.381Z,D2,cc-unified,1.16,23.84,15914.51,NA_HOST_NETWORK,NA_HOST_NETWORK,1605632/425984,phase4b
2026-08-09T23:33:25.381Z,D2,orderer2.example.com,2.50,423.94,15914.51,NA_HOST_NETWORK,NA_HOST_NETWORK,8413184/1735032832,phase4b
2026-08-09T23:33:25.381Z,D2,peer0.org2.example.com,16.08,538.00,15914.51,NA_HOST_NETWORK,NA_HOST_NETWORK,223277056/2670096384,phase4b
2026-08-09T23:33:25.842Z,D4,cc-unified,0.53,26.05,15823.56,NA_HOST_NETWORK,NA_HOST_NETWORK,159744/0,phase4b
2026-08-09T23:33:25.842Z,D4,orderer.example.com,3.96,1187.20,15823.56,NA_HOST_NETWORK,NA_HOST_NETWORK,460144640/1244450816,phase4b
2026-08-09T23:33:25.842Z,D4,peer0.org4.example.com,6.55,879.27,15823.56,NA_HOST_NETWORK,NA_HOST_NETWORK,76492800/1823494144,phase4b
2026-08-09T23:33:25.923Z,D1,cc-unified,1.02,28.56,7815.99,NA_HOST_NETWORK,NA_HOST_NETWORK,618496/0,phase4b
2026-08-09T23:33:25.923Z,D1,HARNESS_bench.js,6.1,160.03,7815.99,NA,NA,threads=11,phase4b
2026-08-09T23:33:25.923Z,D1,peer0.org1.example.com,24.07,589.55,7815.99,NA_HOST_NETWORK,NA_HOST_NETWORK,98070528/1770422272,phase4b
2026-08-09T23:33:26.455Z,D3,cc-unified,0.54,27.69,15823.57,NA_HOST_NETWORK,NA_HOST_NETWORK,3649536/372736,phase4b
2026-08-09T23:33:26.455Z,D3,orderer3.example.com,2.40,513.80,15823.57,NA_HOST_NETWORK,NA_HOST_NETWORK,1736704/1744195584,phase4b
2026-08-09T23:33:26.455Z,D3,peer0.org3.example.com,11.89,593.02,15823.57,NA_HOST_NETWORK,NA_HOST_NETWORK,120254464/1819369472,phase4b
2026-08-09T23:33:27.467Z,D2,cc-unified,0.00,23.38,15914.51,NA_HOST_NETWORK,NA_HOST_NETWORK,1605632/425984,phase4b
2026-08-09T23:33:27.467Z,D2,orderer2.example.com,1.15,424.38,15914.51,NA_HOST_NETWORK,NA_HOST_NETWORK,8413184/1735098368,phase4b
2026-08-09T23:33:27.467Z,D2,peer0.org2.example.com,16.87,537.93,15914.51,NA_HOST_NETWORK,NA_HOST_NETWORK,223277056/2670571520,phase4b
2026-08-09T23:33:27.888Z,D4,cc-unified,0.00,25.31,15823.56,NA_HOST_NETWORK,NA_HOST_NETWORK,159744/0,phase4b
2026-08-09T23:33:27.888Z,D4,orderer.example.com,2.56,1186.31,15823.56,NA_HOST_NETWORK,NA_HOST_NETWORK,460144640/1244450816,phase4b
2026-08-09T23:33:27.888Z,D4,peer0.org4.example.com,3.67,878.12,15823.56,NA_HOST_NETWORK,NA_HOST_NETWORK,76492800/1823494144,phase4b
2026-08-09T23:33:28.067Z,D1,cc-unified,0.00,26.93,7815.99,NA_HOST_NETWORK,NA_HOST_NETWORK,618496/0,phase4b
2026-08-09T23:33:28.067Z,D1,HARNESS_bench.js,1.0,160.03,7815.99,NA,NA,threads=11,phase4b
2026-08-09T23:33:28.067Z,D1,peer0.org1.example.com,16.92,589.82,7815.99,NA_HOST_NETWORK,NA_HOST_NETWORK,98070528/1770778624,phase4b
2026-08-09T23:33:28.508Z,D3,cc-unified,0.00,27.68,15823.57,NA_HOST_NETWORK,NA_HOST_NETWORK,3649536/372736,phase4b
2026-08-09T23:33:28.508Z,D3,orderer3.example.com,1.57,514.11,15823.57,NA_HOST_NETWORK,NA_HOST_NETWORK,1736704/1744195584,phase4b
2026-08-09T23:33:28.508Z,D3,peer0.org3.example.com,7.45,592.70,15823.57,NA_HOST_NETWORK,NA_HOST_NETWORK,120254464/1819369472,phase4b
2026-08-09T23:33:29.553Z,D2,cc-unified,0.00,23.38,15914.51,NA_HOST_NETWORK,NA_HOST_NETWORK,1605632/425984,phase4b
2026-08-09T23:33:29.553Z,D2,orderer2.example.com,1.06,424.15,15914.51,NA_HOST_NETWORK,NA_HOST_NETWORK,8413184/1735098368,phase4b
2026-08-09T23:33:29.553Z,D2,peer0.org2.example.com,12.18,538.96,15914.51,NA_HOST_NETWORK,NA_HOST_NETWORK,223277056/2670997504,phase4b
2026-08-09T23:33:30.029Z,D4,cc-unified,0.00,25.31,15823.56,NA_HOST_NETWORK,NA_HOST_NETWORK,159744/0,phase4b
2026-08-09T23:33:30.029Z,D4,orderer.example.com,2.52,1185.57,15823.56,NA_HOST_NETWORK,NA_HOST_NETWORK,460144640/1244450816,phase4b
2026-08-09T23:33:30.029Z,D4,peer0.org4.example.com,3.16,877.88,15823.56,NA_HOST_NETWORK,NA_HOST_NETWORK,76492800/1823494144,phase4b
2026-08-09T23:33:30.137Z,D1,cc-unified,0.00,26.93,7815.99,NA_HOST_NETWORK,NA_HOST_NETWORK,618496/0,phase4b
2026-08-09T23:33:30.137Z,D1,HARNESS_bench.js,0.5,160.03,7815.99,NA,NA,threads=11,phase4b
2026-08-09T23:33:30.137Z,D1,peer0.org1.example.com,15.96,603.18,7815.99,NA_HOST_NETWORK,NA_HOST_NETWORK,98476032/1775501312,phase4b
2026-08-09T23:33:30.640Z,D3,cc-unified,0.00,27.68,15823.57,NA_HOST_NETWORK,NA_HOST_NETWORK,3649536/372736,phase4b
2026-08-09T23:33:30.640Z,D3,orderer3.example.com,1.58,514.12,15823.57,NA_HOST_NETWORK,NA_HOST_NETWORK,1736704/1744195584,phase4b
2026-08-09T23:33:30.640Z,D3,peer0.org3.example.com,5.55,592.79,15823.57,NA_HOST_NETWORK,NA_HOST_NETWORK,120254464/1819369472,phase4b
2026-08-09T23:33:31.635Z,D2,cc-unified,0.00,23.38,15914.51,NA_HOST_NETWORK,NA_HOST_NETWORK,1605632/425984,phase4b
2026-08-09T23:33:31.635Z,D2,orderer2.example.com,1.07,423.89,15914.51,NA_HOST_NETWORK,NA_HOST_NETWORK,8413184/1735098368,phase4b
2026-08-09T23:33:31.635Z,D2,peer0.org2.example.com,14.53,539.16,15914.51,NA_HOST_NETWORK,NA_HOST_NETWORK,223277056/2671300608,phase4b
2026-08-09T23:33:32.100Z,D4,cc-unified,0.00,25.31,15823.56,NA_HOST_NETWORK,NA_HOST_NETWORK,159744/0,phase4b
2026-08-09T23:33:32.100Z,D4,orderer.example.com,0.77,1185.55,15823.56,NA_HOST_NETWORK,NA_HOST_NETWORK,460144640/1244450816,phase4b
2026-08-09T23:33:32.100Z,D4,peer0.org4.example.com,0.89,878.62,15823.56,NA_HOST_NETWORK,NA_HOST_NETWORK,76492800/1823494144,phase4b
2026-08-09T23:33:32.277Z,D1,cc-unified,0.00,26.93,7815.99,NA_HOST_NETWORK,NA_HOST_NETWORK,618496/0,phase4b
2026-08-09T23:33:32.277Z,D1,HARNESS_bench.js,0.9,160.03,7815.99,NA,NA,threads=11,phase4b
2026-08-09T23:33:32.277Z,D1,peer0.org1.example.com,28.82,619.11,7815.99,NA_HOST_NETWORK,NA_HOST_NETWORK,99037184/1799397376,phase4b
2026-08-09T23:33:32.776Z,D3,cc-unified,0.00,27.68,15823.57,NA_HOST_NETWORK,NA_HOST_NETWORK,3649536/372736,phase4b
2026-08-09T23:33:32.776Z,D3,orderer3.example.com,1.64,514.85,15823.57,NA_HOST_NETWORK,NA_HOST_NETWORK,1736704/1744195584,phase4b
2026-08-09T23:33:32.776Z,D3,peer0.org3.example.com,7.23,593.09,15823.57,NA_HOST_NETWORK,NA_HOST_NETWORK,120254464/1819369472,phase4b
2026-08-09T23:33:33.719Z,D2,cc-unified,0.00,23.38,15914.51,NA_HOST_NETWORK,NA_HOST_NETWORK,1605632/425984,phase4b
2026-08-09T23:33:33.719Z,D2,orderer2.example.com,1.07,423.88,15914.51,NA_HOST_NETWORK,NA_HOST_NETWORK,8413184/1735098368,phase4b
2026-08-09T23:33:33.719Z,D2,peer0.org2.example.com,17.38,538.88,15914.51,NA_HOST_NETWORK,NA_HOST_NETWORK,223277056/2671640576,phase4b
2026-08-09T23:33:34.157Z,D4,cc-unified,0.00,25.31,15823.56,NA_HOST_NETWORK,NA_HOST_NETWORK,159744/0,phase4b
2026-08-09T23:33:34.157Z,D4,orderer.example.com,1.59,1186.51,15823.56,NA_HOST_NETWORK,NA_HOST_NETWORK,460144640/1244450816,phase4b
2026-08-09T23:33:34.157Z,D4,peer0.org4.example.com,1.77,878.38,15823.56,NA_HOST_NETWORK,NA_HOST_NETWORK,76492800/1823502336,phase4b
2026-08-09T23:33:34.385Z,D1,cc-unified,0.00,26.93,7815.99,NA_HOST_NETWORK,NA_HOST_NETWORK,618496/0,phase4b
2026-08-09T23:33:34.385Z,D1,HARNESS_bench.js,0.0,160.03,7815.99,NA,NA,threads=11,phase4b
2026-08-09T23:33:34.385Z,D1,peer0.org1.example.com,29.01,637.86,7815.99,NA_HOST_NETWORK,NA_HOST_NETWORK,100573184/1816698880,phase4b
2026-08-09T23:33:34.939Z,D3,cc-unified,0.00,27.68,15823.57,NA_HOST_NETWORK,NA_HOST_NETWORK,3649536/372736,phase4b
2026-08-09T23:33:34.939Z,D3,orderer3.example.com,1.75,514.83,15823.57,NA_HOST_NETWORK,NA_HOST_NETWORK,1736704/1744195584,phase4b
2026-08-09T23:33:34.939Z,D3,peer0.org3.example.com,5.78,593.37,15823.57,NA_HOST_NETWORK,NA_HOST_NETWORK,120254464/1819369472,phase4b
2026-08-09T23:33:35.854Z,D2,cc-unified,0.00,23.38,15914.51,NA_HOST_NETWORK,NA_HOST_NETWORK,1605632/425984,phase4b
2026-08-09T23:33:35.854Z,D2,orderer2.example.com,1.03,423.64,15914.51,NA_HOST_NETWORK,NA_HOST_NETWORK,8413184/1735098368,phase4b
2026-08-09T23:33:35.854Z,D2,peer0.org2.example.com,16.70,547.62,15914.51,NA_HOST_NETWORK,NA_HOST_NETWORK,223277056/2672066560,phase4b
2026-08-09T23:33:36.300Z,D4,cc-unified,0.00,25.31,15823.56,NA_HOST_NETWORK,NA_HOST_NETWORK,159744/0,phase4b
2026-08-09T23:33:36.300Z,D4,orderer.example.com,2.55,1186.70,15823.56,NA_HOST_NETWORK,NA_HOST_NETWORK,460144640/1244450816,phase4b
2026-08-09T23:33:36.300Z,D4,peer0.org4.example.com,3.35,878.12,15823.56,NA_HOST_NETWORK,NA_HOST_NETWORK,76492800/1823502336,phase4b
2026-08-09T23:33:36.505Z,D1,cc-unified,0.00,26.93,7815.99,NA_HOST_NETWORK,NA_HOST_NETWORK,618496/0,phase4b
2026-08-09T23:33:36.505Z,D1,HARNESS_bench.js,1.4,160.03,7815.99,NA,NA,threads=11,phase4b
2026-08-09T23:33:36.505Z,D1,peer0.org1.example.com,25.26,595.91,7815.99,NA_HOST_NETWORK,NA_HOST_NETWORK,102608896/1823436800,phase4b
2026-08-09T23:33:37.093Z,D3,cc-unified,0.00,27.68,15823.57,NA_HOST_NETWORK,NA_HOST_NETWORK,3649536/372736,phase4b
2026-08-09T23:33:37.093Z,D3,orderer3.example.com,1.57,514.86,15823.57,NA_HOST_NETWORK,NA_HOST_NETWORK,1736704/1744195584,phase4b
2026-08-09T23:33:37.093Z,D3,peer0.org3.example.com,6.65,592.77,15823.57,NA_HOST_NETWORK,NA_HOST_NETWORK,120254464/1819369472,phase4b
2026-08-09T23:33:37.912Z,D2,cc-unified,0.00,23.38,15914.51,NA_HOST_NETWORK,NA_HOST_NETWORK,1605632/425984,phase4b
2026-08-09T23:33:37.912Z,D2,orderer2.example.com,1.04,424.38,15914.51,NA_HOST_NETWORK,NA_HOST_NETWORK,8413184/1735098368,phase4b
2026-08-09T23:33:37.912Z,D2,peer0.org2.example.com,10.53,539.57,15914.51,NA_HOST_NETWORK,NA_HOST_NETWORK,223277056/2672431104,phase4b
2026-08-09T23:33:38.457Z,D4,cc-unified,0.00,25.31,15823.56,NA_HOST_NETWORK,NA_HOST_NETWORK,159744/0,phase4b
2026-08-09T23:33:38.457Z,D4,orderer.example.com,1.92,1186.19,15823.56,NA_HOST_NETWORK,NA_HOST_NETWORK,460144640/1244450816,phase4b
2026-08-09T23:33:38.457Z,D4,peer0.org4.example.com,2.28,877.38,15823.56,NA_HOST_NETWORK,NA_HOST_NETWORK,76492800/1823502336,phase4b
2026-08-09T23:33:38.648Z,D1,cc-unified,0.00,26.93,7815.99,NA_HOST_NETWORK,NA_HOST_NETWORK,618496/0,phase4b
2026-08-09T23:33:38.648Z,D1,HARNESS_bench.js,0.9,160.03,7815.99,NA,NA,threads=11,phase4b
2026-08-09T23:33:38.648Z,D1,peer0.org1.example.com,17.12,595.71,7815.99,NA_HOST_NETWORK,NA_HOST_NETWORK,102608896/1823854592,phase4b
2026-08-09T23:33:39.256Z,D3,cc-unified,0.00,27.68,15823.57,NA_HOST_NETWORK,NA_HOST_NETWORK,3649536/372736,phase4b
2026-08-09T23:33:39.256Z,D3,orderer3.example.com,1.68,514.38,15823.57,NA_HOST_NETWORK,NA_HOST_NETWORK,1736704/1744195584,phase4b
2026-08-09T23:33:39.256Z,D3,peer0.org3.example.com,5.94,593.13,15823.57,NA_HOST_NETWORK,NA_HOST_NETWORK,120254464/1819369472,phase4b
2026-08-09T23:33:39.997Z,D2,cc-unified,0.00,23.38,15914.51,NA_HOST_NETWORK,NA_HOST_NETWORK,1605632/425984,phase4b
2026-08-09T23:33:39.997Z,D2,orderer2.example.com,0.98,424.61,15914.51,NA_HOST_NETWORK,NA_HOST_NETWORK,8413184/1735098368,phase4b
2026-08-09T23:33:39.997Z,D2,peer0.org2.example.com,16.05,540.12,15914.51,NA_HOST_NETWORK,NA_HOST_NETWORK,223277056/2672898048,phase4b
2026-08-09T23:33:40.571Z,D4,cc-unified,0.00,25.31,15823.56,NA_HOST_NETWORK,NA_HOST_NETWORK,159744/0,phase4b
2026-08-09T23:33:40.571Z,D4,orderer.example.com,1.32,1185.77,15823.56,NA_HOST_NETWORK,NA_HOST_NETWORK,460144640/1244450816,phase4b
2026-08-09T23:33:40.571Z,D4,peer0.org4.example.com,2.08,877.63,15823.56,NA_HOST_NETWORK,NA_HOST_NETWORK,76492800/1823502336,phase4b
2026-08-09T23:33:40.887Z,D1,cc-unified,0.00,26.93,7815.99,NA_HOST_NETWORK,NA_HOST_NETWORK,618496/0,phase4b
2026-08-09T23:33:40.887Z,D1,HARNESS_bench.js,0.9,160.03,7815.99,NA,NA,threads=11,phase4b
2026-08-09T23:33:40.887Z,D1,peer0.org1.example.com,19.60,596.18,7815.99,NA_HOST_NETWORK,NA_HOST_NETWORK,102608896/1824309248,phase4b
2026-08-09T23:33:41.420Z,D3,cc-unified,0.00,27.68,15823.57,NA_HOST_NETWORK,NA_HOST_NETWORK,3649536/372736,phase4b
2026-08-09T23:33:41.420Z,D3,orderer3.example.com,1.58,514.36,15823.57,NA_HOST_NETWORK,NA_HOST_NETWORK,1736704/1744195584,phase4b
2026-08-09T23:33:41.420Z,D3,peer0.org3.example.com,5.94,592.80,15823.57,NA_HOST_NETWORK,NA_HOST_NETWORK,120254464/1819369472,phase4b
2026-08-09T23:33:42.068Z,D2,cc-unified,0.00,23.38,15914.51,NA_HOST_NETWORK,NA_HOST_NETWORK,1605632/425984,phase4b
2026-08-09T23:33:42.068Z,D2,orderer2.example.com,1.08,424.38,15914.51,NA_HOST_NETWORK,NA_HOST_NETWORK,8413184/1735098368,phase4b
2026-08-09T23:33:42.068Z,D2,peer0.org2.example.com,14.15,548.07,15914.51,NA_HOST_NETWORK,NA_HOST_NETWORK,223277056/2673258496,phase4b
2026-08-09T23:33:42.618Z,D4,cc-unified,0.00,25.31,15823.56,NA_HOST_NETWORK,NA_HOST_NETWORK,159744/0,phase4b
2026-08-09T23:33:42.618Z,D4,orderer.example.com,2.89,1184.77,15823.56,NA_HOST_NETWORK,NA_HOST_NETWORK,460144640/1244450816,phase4b
2026-08-09T23:33:42.618Z,D4,peer0.org4.example.com,3.17,878.38,15823.56,NA_HOST_NETWORK,NA_HOST_NETWORK,76492800/1823502336,phase4b
2026-08-09T23:33:42.953Z,D1,cc-unified,0.00,26.93,7815.99,NA_HOST_NETWORK,NA_HOST_NETWORK,618496/0,phase4b
2026-08-09T23:33:42.953Z,D1,HARNESS_bench.js,3.4,114.52,7815.99,NA,NA,threads=11,phase4b
2026-08-09T23:33:42.953Z,D1,peer0.org1.example.com,9.47,595.84,7815.99,NA_HOST_NETWORK,NA_HOST_NETWORK,102608896/1824591872,phase4b
2026-08-09T23:33:43.580Z,D3,cc-unified,0.00,27.68,15823.57,NA_HOST_NETWORK,NA_HOST_NETWORK,3649536/372736,phase4b
2026-08-09T23:33:43.580Z,D3,orderer3.example.com,1.45,513.88,15823.57,NA_HOST_NETWORK,NA_HOST_NETWORK,1736704/1744195584,phase4b
2026-08-09T23:33:43.580Z,D3,peer0.org3.example.com,5.40,593.06,15823.57,NA_HOST_NETWORK,NA_HOST_NETWORK,120254464/1819369472,phase4b
2026-08-09T23:33:44.128Z,D2,cc-unified,0.00,23.38,15914.51,NA_HOST_NETWORK,NA_HOST_NETWORK,1605632/425984,phase4b
2026-08-09T23:33:44.128Z,D2,orderer2.example.com,1.05,424.12,15914.51,NA_HOST_NETWORK,NA_HOST_NETWORK,8413184/1735098368,phase4b
2026-08-09T23:33:44.128Z,D2,peer0.org2.example.com,12.65,540.56,15914.51,NA_HOST_NETWORK,NA_HOST_NETWORK,223277056/2673700864,phase4b
2026-08-09T23:33:44.673Z,D4,cc-unified,0.00,25.31,15823.56,NA_HOST_NETWORK,NA_HOST_NETWORK,159744/0,phase4b
2026-08-09T23:33:44.673Z,D4,orderer.example.com,1.80,1186.00,15823.56,NA_HOST_NETWORK,NA_HOST_NETWORK,460144640/1244450816,phase4b
2026-08-09T23:33:44.673Z,D4,peer0.org4.example.com,2.70,878.36,15823.56,NA_HOST_NETWORK,NA_HOST_NETWORK,76492800/1823502336,phase4b
2026-08-09T23:33:45.002Z,D1,cc-unified,0.00,26.93,7815.99,NA_HOST_NETWORK,NA_HOST_NETWORK,618496/0,phase4b
2026-08-09T23:33:45.002Z,D1,HARNESS_bench.js,3.4,113.76,7815.99,NA,NA,threads=11,phase4b
2026-08-09T23:33:45.002Z,D1,peer0.org1.example.com,15.09,595.21,7815.99,NA_HOST_NETWORK,NA_HOST_NETWORK,102608896/1824956416,phase4b
2026-08-09T23:33:45.799Z,D3,cc-unified,0.00,27.65,15823.57,NA_HOST_NETWORK,NA_HOST_NETWORK,3649536/397312,phase4b
2026-08-09T23:33:45.799Z,D3,orderer3.example.com,1.44,505.81,15823.57,NA_HOST_NETWORK,NA_HOST_NETWORK,1736704/1744195584,phase4b
2026-08-09T23:33:45.799Z,D3,peer0.org3.example.com,7.95,583.07,15823.57,NA_HOST_NETWORK,NA_HOST_NETWORK,120254464/1819369472,phase4b
2026-08-09T23:33:46.211Z,D2,cc-unified,0.00,23.38,15914.51,NA_HOST_NETWORK,NA_HOST_NETWORK,1605632/425984,phase4b
2026-08-09T23:33:46.211Z,D2,orderer2.example.com,1.05,424.14,15914.51,NA_HOST_NETWORK,NA_HOST_NETWORK,8413184/1735098368,phase4b
2026-08-09T23:33:46.211Z,D2,peer0.org2.example.com,16.59,541.00,15914.51,NA_HOST_NETWORK,NA_HOST_NETWORK,223277056/2674085888,phase4b
2026-08-09T23:33:46.727Z,D4,cc-unified,0.00,25.31,15823.56,NA_HOST_NETWORK,NA_HOST_NETWORK,159744/0,phase4b
2026-08-09T23:33:46.727Z,D4,orderer.example.com,0.78,1185.52,15823.56,NA_HOST_NETWORK,NA_HOST_NETWORK,460144640/1244450816,phase4b
2026-08-09T23:33:46.727Z,D4,peer0.org4.example.com,0.63,877.38,15823.56,NA_HOST_NETWORK,NA_HOST_NETWORK,76492800/1823502336,phase4b
2026-08-09T23:33:47.069Z,D1,cc-unified,0.00,26.93,7815.99,NA_HOST_NETWORK,NA_HOST_NETWORK,618496/0,phase4b
2026-08-09T23:33:47.069Z,D1,HARNESS_bench.js,1.4,113.55,7815.99,NA,NA,threads=11,phase4b
2026-08-09T23:33:47.069Z,D1,peer0.org1.example.com,14.59,596.88,7815.99,NA_HOST_NETWORK,NA_HOST_NETWORK,102608896/1825304576,phase4b
2026-08-09T23:33:47.852Z,D3,cc-unified,0.00,27.65,15823.57,NA_HOST_NETWORK,NA_HOST_NETWORK,3649536/397312,phase4b
2026-08-09T23:33:47.852Z,D3,orderer3.example.com,1.55,506.16,15823.57,NA_HOST_NETWORK,NA_HOST_NETWORK,1736704/1744195584,phase4b
2026-08-09T23:33:47.852Z,D3,peer0.org3.example.com,7.21,583.79,15823.57,NA_HOST_NETWORK,NA_HOST_NETWORK,120254464/1819369472,phase4b
2026-08-09T23:33:48.295Z,D2,cc-unified,0.00,23.38,15914.51,NA_HOST_NETWORK,NA_HOST_NETWORK,1605632/425984,phase4b
2026-08-09T23:33:48.295Z,D2,orderer2.example.com,1.06,423.88,15914.51,NA_HOST_NETWORK,NA_HOST_NETWORK,8413184/1735098368,phase4b
2026-08-09T23:33:48.295Z,D2,peer0.org2.example.com,12.53,542.94,15914.51,NA_HOST_NETWORK,NA_HOST_NETWORK,223277056/2674507776,phase4b
2026-08-09T23:33:48.837Z,D4,cc-unified,0.00,25.31,15823.56,NA_HOST_NETWORK,NA_HOST_NETWORK,159744/0,phase4b
2026-08-09T23:33:48.837Z,D4,orderer.example.com,2.46,1185.98,15823.56,NA_HOST_NETWORK,NA_HOST_NETWORK,460144640/1244450816,phase4b
2026-08-09T23:33:48.837Z,D4,peer0.org4.example.com,4.50,879.11,15823.56,NA_HOST_NETWORK,NA_HOST_NETWORK,76492800/1823502336,phase4b
2026-08-09T23:33:49.153Z,D1,cc-unified,0.00,26.93,7815.99,NA_HOST_NETWORK,NA_HOST_NETWORK,618496/0,phase4b
2026-08-09T23:33:49.153Z,D1,HARNESS_bench.js,1.0,113.92,7815.99,NA,NA,threads=11,phase4b
2026-08-09T23:33:49.153Z,D1,peer0.org1.example.com,10.51,596.44,7815.99,NA_HOST_NETWORK,NA_HOST_NETWORK,102608896/1825591296,phase4b
2026-08-09T23:33:50.014Z,D3,cc-unified,0.00,27.65,15823.57,NA_HOST_NETWORK,NA_HOST_NETWORK,3649536/397312,phase4b
2026-08-09T23:33:50.014Z,D3,orderer3.example.com,1.77,505.42,15823.57,NA_HOST_NETWORK,NA_HOST_NETWORK,1736704/1744195584,phase4b
2026-08-09T23:33:50.014Z,D3,peer0.org3.example.com,8.18,583.16,15823.57,NA_HOST_NETWORK,NA_HOST_NETWORK,120254464/1819369472,phase4b
2026-08-09T23:33:50.363Z,D2,cc-unified,0.00,23.38,15914.51,NA_HOST_NETWORK,NA_HOST_NETWORK,1605632/425984,phase4b
2026-08-09T23:33:50.363Z,D2,orderer2.example.com,1.07,424.12,15914.51,NA_HOST_NETWORK,NA_HOST_NETWORK,8413184/1735098368,phase4b
2026-08-09T23:33:50.363Z,D2,peer0.org2.example.com,15.03,541.43,15914.51,NA_HOST_NETWORK,NA_HOST_NETWORK,223277056/2674851840,phase4b
2026-08-09T23:33:50.978Z,D4,cc-unified,0.00,25.31,15823.56,NA_HOST_NETWORK,NA_HOST_NETWORK,159744/0,phase4b
2026-08-09T23:33:50.978Z,D4,orderer.example.com,2.45,1186.32,15823.56,NA_HOST_NETWORK,NA_HOST_NETWORK,460144640/1244450816,phase4b
2026-08-09T23:33:50.978Z,D4,peer0.org4.example.com,2.39,877.91,15823.56,NA_HOST_NETWORK,NA_HOST_NETWORK,76492800/1823502336,phase4b
2026-08-09T23:33:51.226Z,D1,cc-unified,0.00,26.93,7815.99,NA_HOST_NETWORK,NA_HOST_NETWORK,618496/0,phase4b
2026-08-09T23:33:51.226Z,D1,HARNESS_bench.js,0.9,113.50,7815.99,NA,NA,threads=11,phase4b
2026-08-09T23:33:51.226Z,D1,peer0.org1.example.com,14.82,597.59,7815.99,NA_HOST_NETWORK,NA_HOST_NETWORK,102608896/1825923072,phase4b
2026-08-09T23:33:52.161Z,D3,cc-unified,0.00,27.65,15823.57,NA_HOST_NETWORK,NA_HOST_NETWORK,3649536/397312,phase4b
2026-08-09T23:33:52.161Z,D3,orderer3.example.com,1.67,505.92,15823.57,NA_HOST_NETWORK,NA_HOST_NETWORK,1736704/1744195584,phase4b
2026-08-09T23:33:52.161Z,D3,peer0.org3.example.com,9.83,593.05,15823.57,NA_HOST_NETWORK,NA_HOST_NETWORK,120254464/1819369472,phase4b
2026-08-09T23:33:52.448Z,D2,cc-unified,0.00,23.38,15914.51,NA_HOST_NETWORK,NA_HOST_NETWORK,1605632/425984,phase4b
2026-08-09T23:33:52.448Z,D2,orderer2.example.com,1.07,424.35,15914.51,NA_HOST_NETWORK,NA_HOST_NETWORK,8413184/1735098368,phase4b
2026-08-09T23:33:52.448Z,D2,peer0.org2.example.com,19.11,541.58,15914.51,NA_HOST_NETWORK,NA_HOST_NETWORK,223277056/2675273728,phase4b
2026-08-09T23:33:53.063Z,D4,cc-unified,0.00,25.31,15823.56,NA_HOST_NETWORK,NA_HOST_NETWORK,159744/0,phase4b
2026-08-09T23:33:53.063Z,D4,orderer.example.com,1.07,1187.23,15823.56,NA_HOST_NETWORK,NA_HOST_NETWORK,460144640/1244450816,phase4b
2026-08-09T23:33:53.063Z,D4,peer0.org4.example.com,2.10,878.37,15823.56,NA_HOST_NETWORK,NA_HOST_NETWORK,76492800/1823502336,phase4b
2026-08-09T23:33:53.374Z,D1,cc-unified,0.00,26.93,7815.99,NA_HOST_NETWORK,NA_HOST_NETWORK,618496/0,phase4b
2026-08-09T23:33:53.374Z,D1,HARNESS_bench.js,1.4,113.46,7815.99,NA,NA,threads=11,phase4b
2026-08-09T23:33:53.374Z,D1,peer0.org1.example.com,14.93,597.59,7815.99,NA_HOST_NETWORK,NA_HOST_NETWORK,102608896/1826353152,phase4b
2026-08-09T23:33:54.206Z,D3,cc-unified,0.00,27.65,15823.57,NA_HOST_NETWORK,NA_HOST_NETWORK,3649536/397312,phase4b
2026-08-09T23:33:54.206Z,D3,orderer3.example.com,1.57,505.18,15823.57,NA_HOST_NETWORK,NA_HOST_NETWORK,1736704/1744195584,phase4b
2026-08-09T23:33:54.206Z,D3,peer0.org3.example.com,7.09,583.89,15823.57,NA_HOST_NETWORK,NA_HOST_NETWORK,120254464/1819369472,phase4b
2026-08-09T23:33:54.516Z,D2,cc-unified,0.00,23.38,15914.51,NA_HOST_NETWORK,NA_HOST_NETWORK,1605632/425984,phase4b
2026-08-09T23:33:54.516Z,D2,orderer2.example.com,1.01,423.85,15914.51,NA_HOST_NETWORK,NA_HOST_NETWORK,8413184/1735098368,phase4b
2026-08-09T23:33:54.516Z,D2,peer0.org2.example.com,10.73,541.70,15914.51,NA_HOST_NETWORK,NA_HOST_NETWORK,223277056/2675646464,phase4b
2026-08-09T23:33:55.111Z,D4,cc-unified,0.00,25.31,15823.56,NA_HOST_NETWORK,NA_HOST_NETWORK,159744/0,phase4b
2026-08-09T23:33:55.111Z,D4,orderer.example.com,2.78,1185.95,15823.56,NA_HOST_NETWORK,NA_HOST_NETWORK,460144640/1244450816,phase4b
2026-08-09T23:33:55.111Z,D4,peer0.org4.example.com,3.77,878.86,15823.56,NA_HOST_NETWORK,NA_HOST_NETWORK,76492800/1823502336,phase4b
2026-08-09T23:33:55.522Z,D1,cc-unified,0.00,26.93,7815.99,NA_HOST_NETWORK,NA_HOST_NETWORK,618496/0,phase4b
2026-08-09T23:33:55.522Z,D1,HARNESS_bench.js,0.9,113.86,7815.99,NA,NA,threads=11,phase4b
2026-08-09T23:33:55.522Z,D1,peer0.org1.example.com,9.00,596.85,7815.99,NA_HOST_NETWORK,NA_HOST_NETWORK,102608896/1826521088,phase4b
2026-08-09T23:33:56.251Z,D3,cc-unified,0.00,27.65,15823.57,NA_HOST_NETWORK,NA_HOST_NETWORK,3649536/397312,phase4b
2026-08-09T23:33:56.251Z,D3,orderer3.example.com,1.66,505.68,15823.57,NA_HOST_NETWORK,NA_HOST_NETWORK,1736704/1744195584,phase4b
2026-08-09T23:33:56.251Z,D3,peer0.org3.example.com,7.23,584.00,15823.57,NA_HOST_NETWORK,NA_HOST_NETWORK,120254464/1819369472,phase4b
2026-08-09T23:33:56.654Z,D2,cc-unified,0.00,23.38,15914.51,NA_HOST_NETWORK,NA_HOST_NETWORK,1605632/425984,phase4b
2026-08-09T23:33:56.654Z,D2,orderer2.example.com,1.23,423.62,15914.51,NA_HOST_NETWORK,NA_HOST_NETWORK,8413184/1735098368,phase4b
2026-08-09T23:33:56.654Z,D2,peer0.org2.example.com,15.76,541.99,15914.51,NA_HOST_NETWORK,NA_HOST_NETWORK,223277056/2676060160,phase4b
2026-08-09T23:33:57.175Z,D4,cc-unified,0.00,25.31,15823.56,NA_HOST_NETWORK,NA_HOST_NETWORK,159744/0,phase4b
2026-08-09T23:33:57.175Z,D4,orderer.example.com,2.17,1186.27,15823.56,NA_HOST_NETWORK,NA_HOST_NETWORK,460144640/1244450816,phase4b
2026-08-09T23:33:57.175Z,D4,peer0.org4.example.com,3.00,878.86,15823.56,NA_HOST_NETWORK,NA_HOST_NETWORK,76492800/1823502336,phase4b
2026-08-09T23:33:57.671Z,D1,cc-unified,0.00,26.93,7815.99,NA_HOST_NETWORK,NA_HOST_NETWORK,618496/0,phase4b
2026-08-09T23:33:57.671Z,D1,HARNESS_bench.js,1.0,113.92,7815.99,NA,NA,threads=11,phase4b
2026-08-09T23:33:57.671Z,D1,peer0.org1.example.com,5.02,596.98,7815.99,NA_HOST_NETWORK,NA_HOST_NETWORK,102608896/1826529280,phase4b
2026-08-09T23:33:58.319Z,D3,cc-unified,0.00,27.65,15823.57,NA_HOST_NETWORK,NA_HOST_NETWORK,3649536/397312,phase4b
2026-08-09T23:33:58.319Z,D3,orderer3.example.com,1.75,505.92,15823.57,NA_HOST_NETWORK,NA_HOST_NETWORK,1736704/1744195584,phase4b
2026-08-09T23:33:58.319Z,D3,peer0.org3.example.com,6.60,584.00,15823.57,NA_HOST_NETWORK,NA_HOST_NETWORK,120254464/1819369472,phase4b
2026-08-09T23:33:58.710Z,D2,cc-unified,0.00,23.38,15914.51,NA_HOST_NETWORK,NA_HOST_NETWORK,1605632/425984,phase4b
2026-08-09T23:33:58.710Z,D2,orderer2.example.com,1.17,424.10,15914.51,NA_HOST_NETWORK,NA_HOST_NETWORK,8413184/1735098368,phase4b
2026-08-09T23:33:58.710Z,D2,peer0.org2.example.com,14.50,541.66,15914.51,NA_HOST_NETWORK,NA_HOST_NETWORK,223277056/2676396032,phase4b
2026-08-09T23:33:59.224Z,D4,cc-unified,0.00,25.31,15823.56,NA_HOST_NETWORK,NA_HOST_NETWORK,159744/0,phase4b
2026-08-09T23:33:59.224Z,D4,orderer.example.com,0.90,1187.04,15823.56,NA_HOST_NETWORK,NA_HOST_NETWORK,460144640/1244450816,phase4b
2026-08-09T23:33:59.224Z,D4,peer0.org4.example.com,1.15,878.37,15823.56,NA_HOST_NETWORK,NA_HOST_NETWORK,76492800/1823502336,phase4b
2026-08-09T23:33:59.737Z,D1,cc-unified,0.00,26.93,7815.99,NA_HOST_NETWORK,NA_HOST_NETWORK,618496/0,phase4b
2026-08-09T23:33:59.737Z,D1,HARNESS_bench.js,0.5,113.95,7815.99,NA,NA,threads=11,phase4b
2026-08-09T23:33:59.737Z,D1,peer0.org1.example.com,2.97,597.35,7815.99,NA_HOST_NETWORK,NA_HOST_NETWORK,102608896/1826529280,phase4b
2026-08-09T23:34:00.473Z,D3,cc-unified,0.00,27.65,15823.57,NA_HOST_NETWORK,NA_HOST_NETWORK,3649536/397312,phase4b
2026-08-09T23:34:00.473Z,D3,orderer3.example.com,1.63,506.45,15823.57,NA_HOST_NETWORK,NA_HOST_NETWORK,1736704/1744195584,phase4b
2026-08-09T23:34:00.473Z,D3,peer0.org3.example.com,6.69,583.86,15823.57,NA_HOST_NETWORK,NA_HOST_NETWORK,120254464/1819369472,phase4b
2026-08-09T23:34:00.777Z,D2,cc-unified,0.00,23.38,15914.51,NA_HOST_NETWORK,NA_HOST_NETWORK,1605632/425984,phase4b
2026-08-09T23:34:00.777Z,D2,orderer2.example.com,1.34,423.86,15914.51,NA_HOST_NETWORK,NA_HOST_NETWORK,8413184/1735098368,phase4b
2026-08-09T23:34:00.777Z,D2,peer0.org2.example.com,11.21,542.35,15914.51,NA_HOST_NETWORK,NA_HOST_NETWORK,223277056/2676764672,phase4b
2026-08-09T23:34:01.326Z,D4,cc-unified,0.00,25.31,15823.56,NA_HOST_NETWORK,NA_HOST_NETWORK,159744/0,phase4b
2026-08-09T23:34:01.326Z,D4,orderer.example.com,1.85,1186.00,15823.56,NA_HOST_NETWORK,NA_HOST_NETWORK,460144640/1244450816,phase4b
2026-08-09T23:34:01.326Z,D4,peer0.org4.example.com,2.32,877.87,15823.56,NA_HOST_NETWORK,NA_HOST_NETWORK,76492800/1823502336,phase4b
2026-08-09T23:34:01.924Z,D1,cc-unified,0.00,26.93,7815.99,NA_HOST_NETWORK,NA_HOST_NETWORK,618496/0,phase4b
2026-08-09T23:34:01.924Z,D1,HARNESS_bench.js,0.5,113.99,7815.99,NA,NA,threads=11,phase4b
2026-08-09T23:34:01.924Z,D1,peer0.org1.example.com,2.60,596.86,7815.99,NA_HOST_NETWORK,NA_HOST_NETWORK,102608896/1826529280,phase4b
2026-08-09T23:34:02.634Z,D3,cc-unified,0.00,27.65,15823.57,NA_HOST_NETWORK,NA_HOST_NETWORK,3649536/397312,phase4b
2026-08-09T23:34:02.634Z,D3,orderer3.example.com,2.11,505.96,15823.57,NA_HOST_NETWORK,NA_HOST_NETWORK,1736704/1744195584,phase4b
2026-08-09T23:34:02.634Z,D3,peer0.org3.example.com,6.29,583.79,15823.57,NA_HOST_NETWORK,NA_HOST_NETWORK,120254464/1819369472,phase4b
2026-08-09T23:34:02.855Z,D2,cc-unified,0.00,23.38,15914.51,NA_HOST_NETWORK,NA_HOST_NETWORK,1605632/425984,phase4b
2026-08-09T23:34:02.855Z,D2,orderer2.example.com,1.19,424.08,15914.51,NA_HOST_NETWORK,NA_HOST_NETWORK,8413184/1735098368,phase4b
2026-08-09T23:34:02.855Z,D2,peer0.org2.example.com,16.95,543.01,15914.51,NA_HOST_NETWORK,NA_HOST_NETWORK,223277056/2677186560,phase4b
2026-08-09T23:34:03.378Z,D4,cc-unified,0.00,25.31,15823.56,NA_HOST_NETWORK,NA_HOST_NETWORK,159744/0,phase4b
2026-08-09T23:34:03.378Z,D4,orderer.example.com,2.63,1185.75,15823.56,NA_HOST_NETWORK,NA_HOST_NETWORK,460144640/1244450816,phase4b
2026-08-09T23:34:03.378Z,D4,peer0.org4.example.com,3.64,877.38,15823.56,NA_HOST_NETWORK,NA_HOST_NETWORK,76492800/1823502336,phase4b
2026-08-09T23:34:03.971Z,D1,cc-unified,0.00,26.93,7815.99,NA_HOST_NETWORK,NA_HOST_NETWORK,618496/0,phase4b
2026-08-09T23:34:03.971Z,D1,HARNESS_bench.js,0.0,114.04,7815.99,NA,NA,threads=11,phase4b
2026-08-09T23:34:03.971Z,D1,peer0.org1.example.com,5.18,596.86,7815.99,NA_HOST_NETWORK,NA_HOST_NETWORK,102608896/1826529280,phase4b
2026-08-09T23:34:04.794Z,D3,cc-unified,0.00,27.65,15823.57,NA_HOST_NETWORK,NA_HOST_NETWORK,3649536/397312,phase4b
2026-08-09T23:34:04.794Z,D3,orderer3.example.com,1.88,506.52,15823.57,NA_HOST_NETWORK,NA_HOST_NETWORK,1736704/1744195584,phase4b
2026-08-09T23:34:04.794Z,D3,peer0.org3.example.com,7.73,583.66,15823.57,NA_HOST_NETWORK,NA_HOST_NETWORK,120254464/1819369472,phase4b
2026-08-09T23:34:04.924Z,D2,cc-unified,0.00,23.38,15914.51,NA_HOST_NETWORK,NA_HOST_NETWORK,1605632/425984,phase4b
2026-08-09T23:34:04.924Z,D2,orderer2.example.com,1.18,424.10,15914.51,NA_HOST_NETWORK,NA_HOST_NETWORK,8413184/1735098368,phase4b
2026-08-09T23:34:04.924Z,D2,peer0.org2.example.com,12.47,542.25,15914.51,NA_HOST_NETWORK,NA_HOST_NETWORK,223277056/2677309440,phase4b
2026-08-09T23:34:05.427Z,D4,cc-unified,0.00,25.31,15823.56,NA_HOST_NETWORK,NA_HOST_NETWORK,159744/0,phase4b
2026-08-09T23:34:05.427Z,D4,orderer.example.com,1.07,1185.52,15823.56,NA_HOST_NETWORK,NA_HOST_NETWORK,460144640/1244450816,phase4b
2026-08-09T23:34:05.427Z,D4,peer0.org4.example.com,1.45,877.62,15823.56,NA_HOST_NETWORK,NA_HOST_NETWORK,76492800/1823502336,phase4b
2026-08-09T23:34:06.115Z,D1,cc-unified,0.00,26.93,7815.99,NA_HOST_NETWORK,NA_HOST_NETWORK,618496/0,phase4b
2026-08-09T23:34:06.115Z,D1,HARNESS_bench.js,0.9,114.07,7815.99,NA,NA,threads=11,phase4b
2026-08-09T23:34:06.115Z,D1,peer0.org1.example.com,3.34,596.85,7815.99,NA_HOST_NETWORK,NA_HOST_NETWORK,102608896/1826529280,phase4b
2026-08-09T23:34:06.945Z,D3,cc-unified,0.00,27.65,15823.57,NA_HOST_NETWORK,NA_HOST_NETWORK,3649536/397312,phase4b
2026-08-09T23:34:06.945Z,D3,orderer3.example.com,1.96,506.39,15823.57,NA_HOST_NETWORK,NA_HOST_NETWORK,1736704/1744195584,phase4b
2026-08-09T23:34:06.945Z,D3,peer0.org3.example.com,5.95,584.20,15823.57,NA_HOST_NETWORK,NA_HOST_NETWORK,120254464/1819369472,phase4b
2026-08-09T23:34:06.995Z,D2,cc-unified,0.00,23.38,15914.51,NA_HOST_NETWORK,NA_HOST_NETWORK,1605632/425984,phase4b
2026-08-09T23:34:06.995Z,D2,orderer2.example.com,1.20,424.32,15914.51,NA_HOST_NETWORK,NA_HOST_NETWORK,8413184/1735098368,phase4b
2026-08-09T23:34:06.995Z,D2,peer0.org2.example.com,9.56,543.20,15914.51,NA_HOST_NETWORK,NA_HOST_NETWORK,223277056/2677686272,phase4b
2026-08-09T23:34:07.571Z,D4,cc-unified,0.00,25.31,15823.56,NA_HOST_NETWORK,NA_HOST_NETWORK,159744/0,phase4b
2026-08-09T23:34:07.571Z,D4,orderer.example.com,2.80,1186.50,15823.56,NA_HOST_NETWORK,NA_HOST_NETWORK,460144640/1244450816,phase4b
2026-08-09T23:34:07.571Z,D4,peer0.org4.example.com,3.81,878.86,15823.56,NA_HOST_NETWORK,NA_HOST_NETWORK,76492800/1823502336,phase4b
2026-08-09T23:34:08.257Z,D1,cc-unified,0.00,26.93,7815.99,NA_HOST_NETWORK,NA_HOST_NETWORK,618496/0,phase4b
2026-08-09T23:34:08.257Z,D1,HARNESS_bench.js,1.0,114.11,7815.99,NA,NA,threads=11,phase4b
2026-08-09T23:34:08.257Z,D1,peer0.org1.example.com,3.11,597.35,7815.99,NA_HOST_NETWORK,NA_HOST_NETWORK,102608896/1826529280,phase4b
2026-08-09T23:34:09.051Z,D3,cc-unified,0.04,27.65,15823.57,NA_HOST_NETWORK,NA_HOST_NETWORK,3649536/397312,phase4b
2026-08-09T23:34:09.051Z,D3,orderer3.example.com,2.04,506.51,15823.57,NA_HOST_NETWORK,NA_HOST_NETWORK,1736704/1744195584,phase4b
2026-08-09T23:34:09.051Z,D3,peer0.org3.example.com,8.58,583.88,15823.57,NA_HOST_NETWORK,NA_HOST_NETWORK,120254464/1819369472,phase4b
2026-08-09T23:34:09.073Z,D2,cc-unified,0.01,23.38,15914.51,NA_HOST_NETWORK,NA_HOST_NETWORK,1605632/425984,phase4b
2026-08-09T23:34:09.073Z,D2,orderer2.example.com,1.35,423.87,15914.51,NA_HOST_NETWORK,NA_HOST_NETWORK,8413184/1735098368,phase4b
2026-08-09T23:34:09.073Z,D2,peer0.org2.example.com,15.97,543.32,15914.51,NA_HOST_NETWORK,NA_HOST_NETWORK,223277056/2678071296,phase4b
2026-08-09T23:34:09.727Z,D4,cc-unified,0.03,25.31,15823.56,NA_HOST_NETWORK,NA_HOST_NETWORK,159744/0,phase4b
2026-08-09T23:34:09.727Z,D4,orderer.example.com,2.43,1186.21,15823.56,NA_HOST_NETWORK,NA_HOST_NETWORK,460144640/1244450816,phase4b
2026-08-09T23:34:09.727Z,D4,peer0.org4.example.com,3.37,878.11,15823.56,NA_HOST_NETWORK,NA_HOST_NETWORK,76492800/1823502336,phase4b
2026-08-09T23:34:10.304Z,D1,cc-unified,0.00,26.93,7815.99,NA_HOST_NETWORK,NA_HOST_NETWORK,618496/0,phase4b
2026-08-09T23:34:10.304Z,D1,HARNESS_bench.js,0.0,114.15,7815.99,NA,NA,threads=11,phase4b
2026-08-09T23:34:10.304Z,D1,peer0.org1.example.com,5.63,596.84,7815.99,NA_HOST_NETWORK,NA_HOST_NETWORK,102608896/1826529280,phase4b
2026-08-09T23:34:11.157Z,D2,cc-unified,0.00,23.38,15914.51,NA_HOST_NETWORK,NA_HOST_NETWORK,1605632/425984,phase4b
2026-08-09T23:34:11.157Z,D2,orderer2.example.com,1.18,424.35,15914.51,NA_HOST_NETWORK,NA_HOST_NETWORK,8413184/1735098368,phase4b
2026-08-09T23:34:11.157Z,D2,peer0.org2.example.com,14.12,543.49,15914.51,NA_HOST_NETWORK,NA_HOST_NETWORK,223277056/2678427648,phase4b
2026-08-09T23:34:11.216Z,D3,cc-unified,0.00,27.65,15823.57,NA_HOST_NETWORK,NA_HOST_NETWORK,3649536/397312,phase4b
2026-08-09T23:34:11.216Z,D3,orderer3.example.com,1.78,507.09,15823.57,NA_HOST_NETWORK,NA_HOST_NETWORK,1736704/1744195584,phase4b
2026-08-09T23:34:11.216Z,D3,peer0.org3.example.com,6.62,583.36,15823.57,NA_HOST_NETWORK,NA_HOST_NETWORK,120254464/1819369472,phase4b
2026-08-09T23:34:11.774Z,D4,cc-unified,0.00,25.31,15823.56,NA_HOST_NETWORK,NA_HOST_NETWORK,159744/0,phase4b
2026-08-09T23:34:11.774Z,D4,orderer.example.com,1.00,1185.97,15823.56,NA_HOST_NETWORK,NA_HOST_NETWORK,460144640/1244450816,phase4b
2026-08-09T23:34:11.774Z,D4,peer0.org4.example.com,1.19,878.62,15823.56,NA_HOST_NETWORK,NA_HOST_NETWORK,76492800/1823502336,phase4b
2026-08-09T23:34:12.435Z,D1,cc-unified,0.00,26.93,7815.99,NA_HOST_NETWORK,NA_HOST_NETWORK,618496/0,phase4b
2026-08-09T23:34:12.435Z,D1,HARNESS_bench.js,0.5,114.19,7815.99,NA,NA,threads=11,phase4b
2026-08-09T23:34:12.435Z,D1,peer0.org1.example.com,2.15,587.56,7815.99,NA_HOST_NETWORK,NA_HOST_NETWORK,102608896/1826529280,phase4b
2026-08-09T23:34:13.225Z,D2,cc-unified,0.00,23.38,15914.51,NA_HOST_NETWORK,NA_HOST_NETWORK,1605632/425984,phase4b
2026-08-09T23:34:13.225Z,D2,orderer2.example.com,1.33,424.11,15914.51,NA_HOST_NETWORK,NA_HOST_NETWORK,8413184/1735098368,phase4b
2026-08-09T23:34:13.225Z,D2,peer0.org2.example.com,10.93,543.54,15914.51,NA_HOST_NETWORK,NA_HOST_NETWORK,223277056/2678763520,phase4b
2026-08-09T23:34:13.378Z,D3,cc-unified,0.00,27.65,15823.57,NA_HOST_NETWORK,NA_HOST_NETWORK,3649536/397312,phase4b
2026-08-09T23:34:13.378Z,D3,orderer3.example.com,1.96,506.93,15823.57,NA_HOST_NETWORK,NA_HOST_NETWORK,1736704/1744195584,phase4b
2026-08-09T23:34:13.378Z,D3,peer0.org3.example.com,6.43,583.34,15823.57,NA_HOST_NETWORK,NA_HOST_NETWORK,120254464/1819369472,phase4b
2026-08-09T23:34:13.821Z,D4,cc-unified,0.00,25.31,15823.56,NA_HOST_NETWORK,NA_HOST_NETWORK,159744/0,phase4b
2026-08-09T23:34:13.821Z,D4,orderer.example.com,1.51,1185.97,15823.56,NA_HOST_NETWORK,NA_HOST_NETWORK,460144640/1244450816,phase4b
2026-08-09T23:34:13.821Z,D4,peer0.org4.example.com,1.54,878.11,15823.56,NA_HOST_NETWORK,NA_HOST_NETWORK,76492800/1823502336,phase4b
2026-08-09T23:34:14.480Z,D1,cc-unified,0.00,26.93,7815.99,NA_HOST_NETWORK,NA_HOST_NETWORK,618496/0,phase4b
2026-08-09T23:34:14.480Z,D1,HARNESS_bench.js,0.5,113.36,7815.99,NA,NA,threads=11,phase4b
2026-08-09T23:34:14.480Z,D1,peer0.org1.example.com,3.74,590.42,7815.99,NA_HOST_NETWORK,NA_HOST_NETWORK,102608896/1826529280,phase4b
2026-08-09T23:34:15.310Z,D2,cc-unified,0.00,23.38,15914.51,NA_HOST_NETWORK,NA_HOST_NETWORK,1605632/425984,phase4b
2026-08-09T23:34:15.310Z,D2,orderer2.example.com,1.20,424.11,15914.51,NA_HOST_NETWORK,NA_HOST_NETWORK,8413184/1735098368,phase4b
2026-08-09T23:34:15.310Z,D2,peer0.org2.example.com,15.40,543.73,15914.51,NA_HOST_NETWORK,NA_HOST_NETWORK,223277056/2679119872,phase4b
2026-08-09T23:34:15.547Z,D3,cc-unified,0.00,27.65,15823.57,NA_HOST_NETWORK,NA_HOST_NETWORK,3649536/397312,phase4b
2026-08-09T23:34:15.547Z,D3,orderer3.example.com,2.03,506.78,15823.57,NA_HOST_NETWORK,NA_HOST_NETWORK,1736704/1744195584,phase4b
2026-08-09T23:34:15.547Z,D3,peer0.org3.example.com,6.40,584.21,15823.57,NA_HOST_NETWORK,NA_HOST_NETWORK,120254464/1819369472,phase4b
2026-08-09T23:34:15.964Z,D4,cc-unified,0.00,25.31,15823.56,NA_HOST_NETWORK,NA_HOST_NETWORK,159744/0,phase4b
2026-08-09T23:34:15.964Z,D4,orderer.example.com,1.57,1186.00,15823.56,NA_HOST_NETWORK,NA_HOST_NETWORK,460144640/1244450816,phase4b
2026-08-09T23:34:15.964Z,D4,peer0.org4.example.com,1.91,878.38,15823.56,NA_HOST_NETWORK,NA_HOST_NETWORK,76492800/1823502336,phase4b
2026-08-09T23:34:16.526Z,D1,cc-unified,0.00,26.93,7815.99,NA_HOST_NETWORK,NA_HOST_NETWORK,618496/0,phase4b
2026-08-09T23:34:16.526Z,D1,HARNESS_bench.js,0.9,113.40,7815.99,NA,NA,threads=11,phase4b
2026-08-09T23:34:16.526Z,D1,peer0.org1.example.com,5.74,587.93,7815.99,NA_HOST_NETWORK,NA_HOST_NETWORK,102608896/1826529280,phase4b
2026-08-09T23:34:17.462Z,D2,cc-unified,0.00,23.38,15914.51,NA_HOST_NETWORK,NA_HOST_NETWORK,1605632/425984,phase4b
2026-08-09T23:34:17.462Z,D2,orderer2.example.com,1.31,424.10,15914.51,NA_HOST_NETWORK,NA_HOST_NETWORK,8413184/1735098368,phase4b
2026-08-09T23:34:17.462Z,D2,peer0.org2.example.com,15.39,543.91,15914.51,NA_HOST_NETWORK,NA_HOST_NETWORK,223277056/2681122816,phase4b
2026-08-09T23:34:17.712Z,D3,cc-unified,0.00,27.65,15823.57,NA_HOST_NETWORK,NA_HOST_NETWORK,3649536/397312,phase4b
2026-08-09T23:34:17.712Z,D3,orderer3.example.com,1.75,506.40,15823.57,NA_HOST_NETWORK,NA_HOST_NETWORK,1736704/1744195584,phase4b
2026-08-09T23:34:17.712Z,D3,peer0.org3.example.com,6.66,583.30,15823.57,NA_HOST_NETWORK,NA_HOST_NETWORK,120254464/1819369472,phase4b
2026-08-09T23:34:18.011Z,D4,cc-unified,0.00,25.31,15823.56,NA_HOST_NETWORK,NA_HOST_NETWORK,159744/0,phase4b
2026-08-09T23:34:18.011Z,D4,orderer.example.com,2.21,1186.23,15823.56,NA_HOST_NETWORK,NA_HOST_NETWORK,460144640/1244450816,phase4b
2026-08-09T23:34:18.011Z,D4,peer0.org4.example.com,2.65,878.12,15823.56,NA_HOST_NETWORK,NA_HOST_NETWORK,76492800/1823502336,phase4b
2026-08-09T23:34:18.639Z,D1,cc-unified,0.00,26.93,7815.99,NA_HOST_NETWORK,NA_HOST_NETWORK,618496/0,phase4b
2026-08-09T23:34:18.639Z,D1,HARNESS_bench.js,0.5,113.45,7815.99,NA,NA,threads=11,phase4b
2026-08-09T23:34:18.639Z,D1,peer0.org1.example.com,2.68,587.79,7815.99,NA_HOST_NETWORK,NA_HOST_NETWORK,102608896/1826529280,phase4b
2026-08-09T23:34:19.519Z,D2,cc-unified,0.00,23.38,15914.51,NA_HOST_NETWORK,NA_HOST_NETWORK,1605632/425984,phase4b
2026-08-09T23:34:19.519Z,D2,orderer2.example.com,1.20,424.59,15914.51,NA_HOST_NETWORK,NA_HOST_NETWORK,8413184/1735098368,phase4b
2026-08-09T23:34:19.519Z,D2,peer0.org2.example.com,18.37,552.69,15914.51,NA_HOST_NETWORK,NA_HOST_NETWORK,223277056/2681524224,phase4b
2026-08-09T23:34:19.877Z,D3,cc-unified,0.00,27.65,15823.57,NA_HOST_NETWORK,NA_HOST_NETWORK,3649536/397312,phase4b
2026-08-09T23:34:19.877Z,D3,orderer3.example.com,1.78,506.70,15823.57,NA_HOST_NETWORK,NA_HOST_NETWORK,1736704/1744195584,phase4b
2026-08-09T23:34:19.877Z,D3,peer0.org3.example.com,6.95,584.15,15823.57,NA_HOST_NETWORK,NA_HOST_NETWORK,120254464/1819369472,phase4b
2026-08-09T23:34:20.162Z,D4,cc-unified,0.00,25.31,15823.56,NA_HOST_NETWORK,NA_HOST_NETWORK,159744/0,phase4b
2026-08-09T23:34:20.162Z,D4,orderer.example.com,2.74,1185.76,15823.56,NA_HOST_NETWORK,NA_HOST_NETWORK,460144640/1244450816,phase4b
2026-08-09T23:34:20.162Z,D4,peer0.org4.example.com,4.17,878.11,15823.56,NA_HOST_NETWORK,NA_HOST_NETWORK,76492800/1823502336,phase4b
2026-08-09T23:34:20.783Z,D1,cc-unified,0.00,26.93,7815.99,NA_HOST_NETWORK,NA_HOST_NETWORK,618496/0,phase4b
2026-08-09T23:34:20.783Z,D1,HARNESS_bench.js,0.5,113.47,7815.99,NA,NA,threads=11,phase4b
2026-08-09T23:34:20.783Z,D1,peer0.org1.example.com,6.36,588.53,7815.99,NA_HOST_NETWORK,NA_HOST_NETWORK,102608896/1826529280,phase4b
2026-08-09T23:34:21.591Z,D2,cc-unified,0.00,23.38,15914.51,NA_HOST_NETWORK,NA_HOST_NETWORK,1605632/425984,phase4b
2026-08-09T23:34:21.591Z,D2,orderer2.example.com,1.29,423.85,15914.51,NA_HOST_NETWORK,NA_HOST_NETWORK,8413184/1735098368,phase4b
2026-08-09T23:34:21.591Z,D2,peer0.org2.example.com,9.47,544.20,15914.51,NA_HOST_NETWORK,NA_HOST_NETWORK,223277056/2681843712,phase4b
2026-08-09T23:34:22.039Z,D3,cc-unified,0.00,27.65,15823.57,NA_HOST_NETWORK,NA_HOST_NETWORK,3649536/397312,phase4b
2026-08-09T23:34:22.039Z,D3,orderer3.example.com,1.95,506.46,15823.57,NA_HOST_NETWORK,NA_HOST_NETWORK,1736704/1744195584,phase4b
2026-08-09T23:34:22.039Z,D3,peer0.org3.example.com,7.84,583.27,15823.57,NA_HOST_NETWORK,NA_HOST_NETWORK,120254464/1819369472,phase4b
2026-08-09T23:34:22.387Z,D4,cc-unified,0.00,25.31,15823.56,NA_HOST_NETWORK,NA_HOST_NETWORK,159744/0,phase4b
2026-08-09T23:34:22.387Z,D4,orderer.example.com,0.91,1185.77,15823.56,NA_HOST_NETWORK,NA_HOST_NETWORK,460144640/1244450816,phase4b
2026-08-09T23:34:22.387Z,D4,peer0.org4.example.com,0.87,877.38,15823.56,NA_HOST_NETWORK,NA_HOST_NETWORK,76492800/1823502336,phase4b
2026-08-09T23:34:22.997Z,D1,cc-unified,0.00,26.93,7815.99,NA_HOST_NETWORK,NA_HOST_NETWORK,618496/0,phase4b
2026-08-09T23:34:22.997Z,D1,HARNESS_bench.js,0.5,113.53,7815.99,NA,NA,threads=11,phase4b
2026-08-09T23:34:22.997Z,D1,peer0.org1.example.com,2.50,579.05,7815.99,NA_HOST_NETWORK,NA_HOST_NETWORK,102608896/1826529280,phase4b
2026-08-09T23:34:23.657Z,D2,cc-unified,0.00,23.38,15914.51,NA_HOST_NETWORK,NA_HOST_NETWORK,1605632/425984,phase4b
2026-08-09T23:34:23.657Z,D2,orderer2.example.com,1.15,423.62,15914.51,NA_HOST_NETWORK,NA_HOST_NETWORK,8413184/1735098368,phase4b
2026-08-09T23:34:23.657Z,D2,peer0.org2.example.com,13.96,544.89,15914.51,NA_HOST_NETWORK,NA_HOST_NETWORK,223277056/2682183680,phase4b
2026-08-09T23:34:24.205Z,D3,cc-unified,0.00,27.65,15823.57,NA_HOST_NETWORK,NA_HOST_NETWORK,3649536/397312,phase4b
2026-08-09T23:34:24.205Z,D3,orderer3.example.com,1.93,507.02,15823.57,NA_HOST_NETWORK,NA_HOST_NETWORK,1736704/1744195584,phase4b
2026-08-09T23:34:24.205Z,D3,peer0.org3.example.com,8.49,584.01,15823.57,NA_HOST_NETWORK,NA_HOST_NETWORK,120254464/1819369472,phase4b
2026-08-09T23:34:24.487Z,D4,cc-unified,0.00,25.31,15823.56,NA_HOST_NETWORK,NA_HOST_NETWORK,159744/0,phase4b
2026-08-09T23:34:24.487Z,D4,orderer.example.com,2.43,1186.25,15823.56,NA_HOST_NETWORK,NA_HOST_NETWORK,460144640/1244450816,phase4b
2026-08-09T23:34:24.487Z,D4,peer0.org4.example.com,3.74,878.13,15823.56,NA_HOST_NETWORK,NA_HOST_NETWORK,76492800/1823502336,phase4b
2026-08-09T23:34:25.058Z,D1,cc-unified,0.03,27.18,7815.99,NA_HOST_NETWORK,NA_HOST_NETWORK,618496/0,phase4b
2026-08-09T23:34:25.058Z,D1,HARNESS_bench.js,1.0,113.59,7815.99,NA,NA,threads=11,phase4b
2026-08-09T23:34:25.058Z,D1,peer0.org1.example.com,3.49,578.81,7815.99,NA_HOST_NETWORK,NA_HOST_NETWORK,102608896/1826529280,phase4b
2026-08-09T23:34:25.726Z,D2,cc-unified,0.02,23.38,15914.51,NA_HOST_NETWORK,NA_HOST_NETWORK,1605632/425984,phase4b
2026-08-09T23:34:25.726Z,D2,orderer2.example.com,1.35,424.09,15914.51,NA_HOST_NETWORK,NA_HOST_NETWORK,8413184/1735098368,phase4b
2026-08-09T23:34:25.726Z,D2,peer0.org2.example.com,31.49,574.66,15914.51,NA_HOST_NETWORK,NA_HOST_NETWORK,223277056/2704007168,phase4b
2026-08-09T23:34:26.365Z,D3,cc-unified,0.02,27.65,15823.57,NA_HOST_NETWORK,NA_HOST_NETWORK,3649536/397312,phase4b
2026-08-09T23:34:26.365Z,D3,orderer3.example.com,1.70,506.85,15823.57,NA_HOST_NETWORK,NA_HOST_NETWORK,1736704/1744195584,phase4b
2026-08-09T23:34:26.365Z,D3,peer0.org3.example.com,7.60,583.30,15823.57,NA_HOST_NETWORK,NA_HOST_NETWORK,120254464/1819369472,phase4b
2026-08-09T23:34:26.603Z,D4,cc-unified,0.00,25.31,15823.56,NA_HOST_NETWORK,NA_HOST_NETWORK,159744/0,phase4b
2026-08-09T23:34:26.603Z,D4,orderer.example.com,0.71,1186.48,15823.56,NA_HOST_NETWORK,NA_HOST_NETWORK,460144640/1244450816,phase4b
2026-08-09T23:34:26.603Z,D4,peer0.org4.example.com,0.83,877.62,15823.56,NA_HOST_NETWORK,NA_HOST_NETWORK,76492800/1823502336,phase4b
2026-08-09T23:34:27.108Z,D1,cc-unified,0.00,26.93,7815.99,NA_HOST_NETWORK,NA_HOST_NETWORK,618496/0,phase4b
2026-08-09T23:34:27.108Z,D1,HARNESS_bench.js,0.0,113.63,7815.99,NA,NA,threads=11,phase4b
2026-08-09T23:34:27.108Z,D1,peer0.org1.example.com,6.14,578.55,7815.99,NA_HOST_NETWORK,NA_HOST_NETWORK,102608896/1826529280,phase4b
2026-08-09T23:34:27.794Z,D2,cc-unified,0.00,23.37,15914.51,NA_HOST_NETWORK,NA_HOST_NETWORK,1605632/450560,phase4b
2026-08-09T23:34:27.794Z,D2,orderer2.example.com,1.16,417.34,15914.51,NA_HOST_NETWORK,NA_HOST_NETWORK,8413184/1735098368,phase4b
2026-08-09T23:34:27.794Z,D2,peer0.org2.example.com,34.73,582.96,15914.51,NA_HOST_NETWORK,NA_HOST_NETWORK,223277056/2729938944,phase4b
2026-08-09T23:34:28.543Z,D3,cc-unified,0.00,27.65,15823.57,NA_HOST_NETWORK,NA_HOST_NETWORK,3649536/397312,phase4b
2026-08-09T23:34:28.543Z,D3,orderer3.example.com,2.61,506.90,15823.57,NA_HOST_NETWORK,NA_HOST_NETWORK,1736704/1744195584,phase4b
2026-08-09T23:34:28.543Z,D3,peer0.org3.example.com,10.29,584.15,15823.57,NA_HOST_NETWORK,NA_HOST_NETWORK,120254464/1819369472,phase4b
2026-08-09T23:34:28.659Z,D4,cc-unified,0.00,25.31,15823.56,NA_HOST_NETWORK,NA_HOST_NETWORK,159744/0,phase4b
2026-08-09T23:34:28.659Z,D4,orderer.example.com,1.46,1186.50,15823.56,NA_HOST_NETWORK,NA_HOST_NETWORK,460144640/1244450816,phase4b
2026-08-09T23:34:28.659Z,D4,peer0.org4.example.com,1.88,878.37,15823.56,NA_HOST_NETWORK,NA_HOST_NETWORK,76492800/1823502336,phase4b
2026-08-09T23:34:29.244Z,D1,cc-unified,0.00,26.93,7815.99,NA_HOST_NETWORK,NA_HOST_NETWORK,618496/0,phase4b
2026-08-09T23:34:29.244Z,D1,HARNESS_bench.js,0.5,113.66,7815.99,NA,NA,threads=11,phase4b
2026-08-09T23:34:29.244Z,D1,peer0.org1.example.com,5.75,565.13,7815.99,NA_HOST_NETWORK,NA_HOST_NETWORK,102608896/1826529280,phase4b
2026-08-09T23:34:30.000Z,D2,cc-unified,0.00,23.37,15914.51,NA_HOST_NETWORK,NA_HOST_NETWORK,1605632/450560,phase4b
2026-08-09T23:34:30.000Z,D2,orderer2.example.com,1.39,417.31,15914.51,NA_HOST_NETWORK,NA_HOST_NETWORK,8413184/1735098368,phase4b
2026-08-09T23:34:30.000Z,D2,peer0.org2.example.com,18.40,537.04,15914.51,NA_HOST_NETWORK,NA_HOST_NETWORK,223277056/2734604288,phase4b
2026-08-09T23:34:30.587Z,D3,cc-unified,0.00,27.65,15823.57,NA_HOST_NETWORK,NA_HOST_NETWORK,3649536/397312,phase4b
2026-08-09T23:34:30.587Z,D3,orderer3.example.com,1.85,506.20,15823.57,NA_HOST_NETWORK,NA_HOST_NETWORK,1736704/1744195584,phase4b
2026-08-09T23:34:30.587Z,D3,peer0.org3.example.com,6.84,583.92,15823.57,NA_HOST_NETWORK,NA_HOST_NETWORK,120254464/1819369472,phase4b
2026-08-09T23:34:30.800Z,D4,cc-unified,0.00,25.31,15823.56,NA_HOST_NETWORK,NA_HOST_NETWORK,159744/0,phase4b
2026-08-09T23:34:30.800Z,D4,orderer.example.com,2.55,1186.00,15823.56,NA_HOST_NETWORK,NA_HOST_NETWORK,460144640/1244450816,phase4b
2026-08-09T23:34:30.800Z,D4,peer0.org4.example.com,3.18,877.62,15823.56,NA_HOST_NETWORK,NA_HOST_NETWORK,76492800/1823502336,phase4b
2026-08-09T23:34:31.395Z,D1,cc-unified,0.00,26.93,7815.99,NA_HOST_NETWORK,NA_HOST_NETWORK,618496/0,phase4b
2026-08-09T23:34:31.395Z,D1,HARNESS_bench.js,0.9,113.71,7815.99,NA,NA,threads=11,phase4b
2026-08-09T23:34:31.395Z,D1,peer0.org1.example.com,2.43,564.39,7815.99,NA_HOST_NETWORK,NA_HOST_NETWORK,102608896/1826529280,phase4b
2026-08-09T23:34:32.087Z,D2,cc-unified,0.00,23.37,15914.51,NA_HOST_NETWORK,NA_HOST_NETWORK,1605632/450560,phase4b
2026-08-09T23:34:32.087Z,D2,orderer2.example.com,1.18,417.06,15914.51,NA_HOST_NETWORK,NA_HOST_NETWORK,8413184/1735098368,phase4b
2026-08-09T23:34:32.087Z,D2,peer0.org2.example.com,16.80,537.02,15914.51,NA_HOST_NETWORK,NA_HOST_NETWORK,223277056/2735050752,phase4b
2026-08-09T23:34:32.632Z,D3,cc-unified,0.00,27.65,15823.57,NA_HOST_NETWORK,NA_HOST_NETWORK,3649536/397312,phase4b
2026-08-09T23:34:32.632Z,D3,orderer3.example.com,1.81,506.21,15823.57,NA_HOST_NETWORK,NA_HOST_NETWORK,1736704/1744195584,phase4b
2026-08-09T23:34:32.632Z,D3,peer0.org3.example.com,6.54,583.76,15823.57,NA_HOST_NETWORK,NA_HOST_NETWORK,120254464/1819369472,phase4b
2026-08-09T23:34:32.929Z,D4,cc-unified,0.00,25.31,15823.56,NA_HOST_NETWORK,NA_HOST_NETWORK,159744/0,phase4b
2026-08-09T23:34:32.929Z,D4,orderer.example.com,2.27,1186.25,15823.56,NA_HOST_NETWORK,NA_HOST_NETWORK,460144640/1244450816,phase4b
2026-08-09T23:34:32.929Z,D4,peer0.org4.example.com,4.07,878.62,15823.56,NA_HOST_NETWORK,NA_HOST_NETWORK,76492800/1823502336,phase4b
2026-08-09T23:34:33.540Z,D1,cc-unified,0.00,26.93,7815.99,NA_HOST_NETWORK,NA_HOST_NETWORK,618496/0,phase4b
2026-08-09T23:34:33.540Z,D1,HARNESS_bench.js,0.5,113.74,7815.99,NA,NA,threads=11,phase4b
2026-08-09T23:34:33.540Z,D1,peer0.org1.example.com,6.03,564.28,7815.99,NA_HOST_NETWORK,NA_HOST_NETWORK,102608896/1826529280,phase4b
2026-08-09T23:34:34.158Z,D2,cc-unified,0.00,23.37,15914.51,NA_HOST_NETWORK,NA_HOST_NETWORK,1605632/450560,phase4b
2026-08-09T23:34:34.158Z,D2,orderer2.example.com,1.25,417.54,15914.51,NA_HOST_NETWORK,NA_HOST_NETWORK,8413184/1735098368,phase4b
2026-08-09T23:34:34.158Z,D2,peer0.org2.example.com,10.33,537.23,15914.51,NA_HOST_NETWORK,NA_HOST_NETWORK,223277056/2735378432,phase4b
2026-08-09T23:34:34.780Z,D3,cc-unified,0.00,27.65,15823.57,NA_HOST_NETWORK,NA_HOST_NETWORK,3649536/397312,phase4b
2026-08-09T23:34:34.780Z,D3,orderer3.example.com,2.10,506.97,15823.57,NA_HOST_NETWORK,NA_HOST_NETWORK,1736704/1744195584,phase4b
2026-08-09T23:34:34.780Z,D3,peer0.org3.example.com,6.20,583.88,15823.57,NA_HOST_NETWORK,NA_HOST_NETWORK,120254464/1819369472,phase4b
2026-08-09T23:34:34.977Z,D4,cc-unified,0.00,25.31,15823.56,NA_HOST_NETWORK,NA_HOST_NETWORK,159744/0,phase4b
2026-08-09T23:34:34.977Z,D4,orderer.example.com,1.11,1186.73,15823.56,NA_HOST_NETWORK,NA_HOST_NETWORK,460144640/1244450816,phase4b
2026-08-09T23:34:34.977Z,D4,peer0.org4.example.com,1.17,877.87,15823.56,NA_HOST_NETWORK,NA_HOST_NETWORK,76492800/1823502336,phase4b
2026-08-09T23:34:35.683Z,D1,cc-unified,14.93,30.36,7815.99,NA_HOST_NETWORK,NA_HOST_NETWORK,618496/0,phase4b
2026-08-09T23:34:35.683Z,D1,HARNESS_bench.js,0.5,114.25,7815.99,NA,NA,threads=11,phase4b
2026-08-09T23:34:35.683Z,D1,peer0.org1.example.com,14.21,566.05,7815.99,NA_HOST_NETWORK,NA_HOST_NETWORK,103297024/1826529280,phase4b
2026-08-09T23:34:36.243Z,D2,cc-unified,0.00,23.37,15914.51,NA_HOST_NETWORK,NA_HOST_NETWORK,1605632/450560,phase4b
2026-08-09T23:34:36.243Z,D2,orderer2.example.com,1.13,417.55,15914.51,NA_HOST_NETWORK,NA_HOST_NETWORK,8413184/1735098368,phase4b
2026-08-09T23:34:36.243Z,D2,peer0.org2.example.com,10.42,537.66,15914.51,NA_HOST_NETWORK,NA_HOST_NETWORK,223277056/2735538176,phase4b
2026-08-09T23:34:36.936Z,D3,cc-unified,0.00,27.65,15823.57,NA_HOST_NETWORK,NA_HOST_NETWORK,3649536/397312,phase4b
2026-08-09T23:34:36.936Z,D3,orderer3.example.com,1.92,506.73,15823.57,NA_HOST_NETWORK,NA_HOST_NETWORK,1736704/1744195584,phase4b
2026-08-09T23:34:36.936Z,D3,peer0.org3.example.com,7.01,583.86,15823.57,NA_HOST_NETWORK,NA_HOST_NETWORK,120254464/1819369472,phase4b
2026-08-09T23:34:37.107Z,D4,cc-unified,0.00,25.31,15823.56,NA_HOST_NETWORK,NA_HOST_NETWORK,159744/0,phase4b
2026-08-09T23:34:37.107Z,D4,orderer.example.com,2.61,1185.98,15823.56,NA_HOST_NETWORK,NA_HOST_NETWORK,460144640/1244450816,phase4b
2026-08-09T23:34:37.107Z,D4,peer0.org4.example.com,4.23,878.86,15823.56,NA_HOST_NETWORK,NA_HOST_NETWORK,76492800/1823502336,phase4b
2026-08-09T23:34:37.776Z,D1,cc-unified,42.88,27.18,7815.99,NA_HOST_NETWORK,NA_HOST_NETWORK,618496/0,phase4b
2026-08-09T23:34:37.776Z,D1,HARNESS_bench.js,-1987.2,45.40,7815.99,NA,NA,threads=7,phase4b
2026-08-09T23:34:37.776Z,D1,peer0.org1.example.com,34.34,568.86,7815.99,NA_HOST_NETWORK,NA_HOST_NETWORK,104710144/1826529280,phase4b
2026-08-09T23:34:38.403Z,D2,cc-unified,0.00,23.37,15914.51,NA_HOST_NETWORK,NA_HOST_NETWORK,1605632/450560,phase4b
2026-08-09T23:34:38.403Z,D2,orderer2.example.com,1.61,417.56,15914.51,NA_HOST_NETWORK,NA_HOST_NETWORK,8413184/1735098368,phase4b
2026-08-09T23:34:38.403Z,D2,peer0.org2.example.com,7.24,536.91,15914.51,NA_HOST_NETWORK,NA_HOST_NETWORK,223277056/2735538176,phase4b
2026-08-09T23:34:39.098Z,D3,cc-unified,0.00,27.65,15823.57,NA_HOST_NETWORK,NA_HOST_NETWORK,3649536/397312,phase4b
2026-08-09T23:34:39.098Z,D3,orderer3.example.com,1.64,506.49,15823.57,NA_HOST_NETWORK,NA_HOST_NETWORK,1736704/1744195584,phase4b
2026-08-09T23:34:39.098Z,D3,peer0.org3.example.com,6.99,584.20,15823.57,NA_HOST_NETWORK,NA_HOST_NETWORK,120254464/1819369472,phase4b
2026-08-09T23:34:39.258Z,D4,cc-unified,0.00,25.31,15823.56,NA_HOST_NETWORK,NA_HOST_NETWORK,159744/0,phase4b
2026-08-09T23:34:39.258Z,D4,orderer.example.com,1.52,1185.55,15823.56,NA_HOST_NETWORK,NA_HOST_NETWORK,460144640/1244450816,phase4b
2026-08-09T23:34:39.258Z,D4,peer0.org4.example.com,1.65,878.11,15823.56,NA_HOST_NETWORK,NA_HOST_NETWORK,76492800/1823502336,phase4b
2026-08-09T23:34:39.881Z,D1,cc-unified,0.04,27.92,7815.99,NA_HOST_NETWORK,NA_HOST_NETWORK,618496/0,phase4b
2026-08-09T23:34:39.881Z,D1,HARNESS_bench.js,30.4,80.98,7815.99,NA,NA,threads=11,phase4b
2026-08-09T23:34:39.881Z,D1,peer0.org1.example.com,4.86,568.85,7815.99,NA_HOST_NETWORK,NA_HOST_NETWORK,104714240/1826529280,phase4b
2026-08-09T23:34:40.458Z,D2,cc-unified,0.09,23.62,15914.51,NA_HOST_NETWORK,NA_HOST_NETWORK,1605632/450560,phase4b
2026-08-09T23:34:40.458Z,D2,orderer2.example.com,1.40,417.55,15914.51,NA_HOST_NETWORK,NA_HOST_NETWORK,8413184/1735151616,phase4b
2026-08-09T23:34:40.458Z,D2,peer0.org2.example.com,3.67,537.39,15914.51,NA_HOST_NETWORK,NA_HOST_NETWORK,223277056/2735583232,phase4b
2026-08-09T23:34:41.255Z,D3,cc-unified,0.65,28.15,15823.57,NA_HOST_NETWORK,NA_HOST_NETWORK,3649536/397312,phase4b
2026-08-09T23:34:41.255Z,D3,orderer3.example.com,2.21,507.01,15823.57,NA_HOST_NETWORK,NA_HOST_NETWORK,1736704/1744277504,phase4b
2026-08-09T23:34:41.255Z,D3,peer0.org3.example.com,9.34,583.80,15823.57,NA_HOST_NETWORK,NA_HOST_NETWORK,120254464/1819459584,phase4b
2026-08-09T23:34:41.313Z,D4,cc-unified,0.24,25.31,15823.56,NA_HOST_NETWORK,NA_HOST_NETWORK,159744/0,phase4b
2026-08-09T23:34:41.313Z,D4,orderer.example.com,1.59,1186.04,15823.56,NA_HOST_NETWORK,NA_HOST_NETWORK,460144640/1244524544,phase4b
2026-08-09T23:34:41.313Z,D4,peer0.org4.example.com,1.89,877.40,15823.56,NA_HOST_NETWORK,NA_HOST_NETWORK,76492800/1823592448,phase4b
2026-08-09T23:34:41.954Z,D1,cc-unified,23.06,27.55,7815.99,NA_HOST_NETWORK,NA_HOST_NETWORK,618496/0,phase4b
2026-08-09T23:34:41.954Z,D1,HARNESS_bench.js,25.7,90.11,7815.99,NA,NA,threads=11,phase4b
2026-08-09T23:34:41.954Z,D1,peer0.org1.example.com,22.60,573.84,7815.99,NA_HOST_NETWORK,NA_HOST_NETWORK,104714240/1826619392,phase4b
2026-08-09T23:34:42.546Z,D2,cc-unified,3.20,24.31,15914.51,NA_HOST_NETWORK,NA_HOST_NETWORK,1605632/450560,phase4b
2026-08-09T23:34:42.546Z,D2,orderer2.example.com,2.90,418.53,15914.51,NA_HOST_NETWORK,NA_HOST_NETWORK,8413184/1736400896,phase4b
2026-08-09T23:34:42.546Z,D2,peer0.org2.example.com,24.21,537.52,15914.51,NA_HOST_NETWORK,NA_HOST_NETWORK,223277056/2735710208,phase4b
2026-08-09T23:34:43.408Z,D3,cc-unified,5.68,30.18,15823.57,NA_HOST_NETWORK,NA_HOST_NETWORK,3649536/397312,phase4b
2026-08-09T23:34:43.408Z,D3,orderer3.example.com,8.38,511.99,15823.57,NA_HOST_NETWORK,NA_HOST_NETWORK,1736704/1749831680,phase4b
2026-08-09T23:34:43.408Z,D3,peer0.org3.example.com,126.48,586.90,15823.57,NA_HOST_NETWORK,NA_HOST_NETWORK,120254464/1825030144,phase4b
2026-08-09T23:34:43.598Z,D4,cc-unified,6.67,28.43,15823.56,NA_HOST_NETWORK,NA_HOST_NETWORK,159744/0,phase4b
2026-08-09T23:34:43.598Z,D4,orderer.example.com,61.54,1191.25,15823.56,NA_HOST_NETWORK,NA_HOST_NETWORK,460144640/1250267136,phase4b
2026-08-09T23:34:43.598Z,D4,peer0.org4.example.com,128.95,883.87,15823.56,NA_HOST_NETWORK,NA_HOST_NETWORK,76492800/1827520512,phase4b
2026-08-09T23:34:44.054Z,D1,cc-unified,5.58,34.78,7815.99,NA_HOST_NETWORK,NA_HOST_NETWORK,618496/0,phase4b
2026-08-09T23:34:44.054Z,D1,HARNESS_bench.js,69.4,133.70,7815.99,NA,NA,threads=11,phase4b
2026-08-09T23:34:44.054Z,D1,peer0.org1.example.com,78.30,576.21,7815.99,NA_HOST_NETWORK,NA_HOST_NETWORK,104714240/1827397632,phase4b
2026-08-09T23:34:44.637Z,D2,cc-unified,3.50,24.58,15914.51,NA_HOST_NETWORK,NA_HOST_NETWORK,1605632/450560,phase4b
2026-08-09T23:34:44.637Z,D2,orderer2.example.com,2.42,420.13,15914.51,NA_HOST_NETWORK,NA_HOST_NETWORK,8413184/1737953280,phase4b
2026-08-09T23:34:44.637Z,D2,peer0.org2.example.com,32.56,537.60,15914.51,NA_HOST_NETWORK,NA_HOST_NETWORK,223277056/2736070656,phase4b
2026-08-09T23:34:45.559Z,D3,cc-unified,2.08,30.54,15823.57,NA_HOST_NETWORK,NA_HOST_NETWORK,3649536/397312,phase4b
2026-08-09T23:34:45.559Z,D3,orderer3.example.com,3.40,512.65,15823.57,NA_HOST_NETWORK,NA_HOST_NETWORK,1736704/1750671360,phase4b
2026-08-09T23:34:45.559Z,D3,peer0.org3.example.com,51.26,590.11,15823.57,NA_HOST_NETWORK,NA_HOST_NETWORK,120258560/1877422080,phase4b
2026-08-09T23:34:45.693Z,D4,cc-unified,3.32,28.36,15823.56,NA_HOST_NETWORK,NA_HOST_NETWORK,159744/0,phase4b
2026-08-09T23:34:45.693Z,D4,orderer.example.com,14.88,1192.18,15823.56,NA_HOST_NETWORK,NA_HOST_NETWORK,460144640/1251143680,phase4b
2026-08-09T23:34:45.693Z,D4,peer0.org4.example.com,37.87,884.27,15823.56,NA_HOST_NETWORK,NA_HOST_NETWORK,76492800/1828327424,phase4b
2026-08-09T23:34:46.103Z,D1,cc-unified,2.05,35.71,7815.99,NA_HOST_NETWORK,NA_HOST_NETWORK,618496/0,phase4b
2026-08-09T23:34:46.103Z,D1,HARNESS_bench.js,20.4,133.67,7815.99,NA,NA,threads=11,phase4b
2026-08-09T23:34:46.103Z,D1,peer0.org1.example.com,47.11,576.79,7815.99,NA_HOST_NETWORK,NA_HOST_NETWORK,104714240/1827868672,phase4b
2026-08-09T23:34:46.716Z,D2,cc-unified,2.50,24.54,15914.51,NA_HOST_NETWORK,NA_HOST_NETWORK,1605632/450560,phase4b
2026-08-09T23:34:46.716Z,D2,orderer2.example.com,2.47,421.65,15914.51,NA_HOST_NETWORK,NA_HOST_NETWORK,8413184/1739464704,phase4b
2026-08-09T23:34:46.716Z,D2,peer0.org2.example.com,19.58,537.96,15914.51,NA_HOST_NETWORK,NA_HOST_NETWORK,223277056/2736496640,phase4b
2026-08-09T23:34:47.634Z,D3,cc-unified,3.75,30.40,15823.57,NA_HOST_NETWORK,NA_HOST_NETWORK,3649536/397312,phase4b
2026-08-09T23:34:47.634Z,D3,orderer3.example.com,3.87,513.88,15823.57,NA_HOST_NETWORK,NA_HOST_NETWORK,1736704/1751646208,phase4b
2026-08-09T23:34:47.634Z,D3,peer0.org3.example.com,36.33,590.68,15823.57,NA_HOST_NETWORK,NA_HOST_NETWORK,120258560/1878163456,phase4b
2026-08-09T23:34:47.797Z,D4,cc-unified,1.07,26.18,15823.56,NA_HOST_NETWORK,NA_HOST_NETWORK,159744/0,phase4b
2026-08-09T23:34:47.797Z,D4,orderer.example.com,4.51,1191.75,15823.56,NA_HOST_NETWORK,NA_HOST_NETWORK,460144640/1251897344,phase4b
2026-08-09T23:34:47.797Z,D4,peer0.org4.example.com,10.22,884.73,15823.56,NA_HOST_NETWORK,NA_HOST_NETWORK,76492800/1828909056,phase4b
2026-08-09T23:34:48.158Z,D1,cc-unified,1.23,35.58,7815.99,NA_HOST_NETWORK,NA_HOST_NETWORK,618496/0,phase4b
2026-08-09T23:34:48.158Z,D1,HARNESS_bench.js,15.0,133.90,7815.99,NA,NA,threads=11,phase4b
2026-08-09T23:34:48.158Z,D1,peer0.org1.example.com,35.14,577.25,7815.99,NA_HOST_NETWORK,NA_HOST_NETWORK,104714240/1828376576,phase4b
2026-08-09T23:34:48.803Z,D2,cc-unified,1.12,24.29,15914.51,NA_HOST_NETWORK,NA_HOST_NETWORK,1605632/450560,phase4b
2026-08-09T23:34:48.803Z,D2,orderer2.example.com,1.86,421.94,15914.51,NA_HOST_NETWORK,NA_HOST_NETWORK,8413184/1740673024,phase4b
2026-08-09T23:34:48.803Z,D2,peer0.org2.example.com,22.00,538.13,15914.51,NA_HOST_NETWORK,NA_HOST_NETWORK,223277056/2736873472,phase4b
2026-08-09T23:34:49.901Z,D3,cc-unified,3.36,30.83,15823.57,NA_HOST_NETWORK,NA_HOST_NETWORK,3649536/397312,phase4b
2026-08-09T23:34:49.901Z,D3,orderer3.example.com,4.08,514.05,15823.57,NA_HOST_NETWORK,NA_HOST_NETWORK,1736704/1752715264,phase4b
2026-08-09T23:34:49.901Z,D3,peer0.org3.example.com,40.92,591.59,15823.57,NA_HOST_NETWORK,NA_HOST_NETWORK,120258560/1878962176,phase4b
2026-08-09T23:34:49.934Z,D4,cc-unified,4.99,28.08,15823.56,NA_HOST_NETWORK,NA_HOST_NETWORK,159744/0,phase4b
2026-08-09T23:34:49.934Z,D4,orderer.example.com,18.17,1130.77,15823.56,NA_HOST_NETWORK,NA_HOST_NETWORK,460144640/1252990976,phase4b
2026-08-09T23:34:49.934Z,D4,peer0.org4.example.com,45.27,886.30,15823.56,NA_HOST_NETWORK,NA_HOST_NETWORK,76587008/1829703680,phase4b
2026-08-09T23:34:50.224Z,D1,cc-unified,3.14,36.77,7815.99,NA_HOST_NETWORK,NA_HOST_NETWORK,618496/0,phase4b
2026-08-09T23:34:50.224Z,D1,HARNESS_bench.js,23.4,134.18,7815.99,NA,NA,threads=11,phase4b
2026-08-09T23:34:50.224Z,D1,peer0.org1.example.com,55.07,577.58,7815.99,NA_HOST_NETWORK,NA_HOST_NETWORK,104714240/1829007360,phase4b
2026-08-09T23:34:50.862Z,D2,cc-unified,1.44,24.05,15914.51,NA_HOST_NETWORK,NA_HOST_NETWORK,1605632/450560,phase4b
2026-08-09T23:34:50.862Z,D2,orderer2.example.com,2.14,423.44,15914.51,NA_HOST_NETWORK,NA_HOST_NETWORK,8413184/1741479936,phase4b
2026-08-09T23:34:50.862Z,D2,peer0.org2.example.com,21.62,538.69,15914.51,NA_HOST_NETWORK,NA_HOST_NETWORK,223277056/2737319936,phase4b
2026-08-09T23:34:52.025Z,D3,cc-unified,5.93,30.51,15823.57,NA_HOST_NETWORK,NA_HOST_NETWORK,3649536/397312,phase4b
2026-08-09T23:34:52.025Z,D3,orderer3.example.com,4.04,514.41,15823.57,NA_HOST_NETWORK,NA_HOST_NETWORK,1736704/1753554944,phase4b
2026-08-09T23:34:52.025Z,D3,peer0.org3.example.com,35.43,592.06,15823.57,NA_HOST_NETWORK,NA_HOST_NETWORK,120258560/1879617536,phase4b
2026-08-09T23:34:52.084Z,D4,cc-unified,5.11,26.62,15823.56,NA_HOST_NETWORK,NA_HOST_NETWORK,159744/0,phase4b
2026-08-09T23:34:52.084Z,D4,orderer.example.com,14.83,1131.05,15823.56,NA_HOST_NETWORK,NA_HOST_NETWORK,460144640/1253801984,phase4b
2026-08-09T23:34:52.084Z,D4,peer0.org4.example.com,32.54,886.74,15823.56,NA_HOST_NETWORK,NA_HOST_NETWORK,76587008/1830367232,phase4b
2026-08-09T23:34:52.272Z,D1,cc-unified,2.09,38.21,7815.99,NA_HOST_NETWORK,NA_HOST_NETWORK,618496/0,phase4b
2026-08-09T23:34:52.272Z,D1,HARNESS_bench.js,17.1,136.97,7815.99,NA,NA,threads=11,phase4b
2026-08-09T23:34:52.272Z,D1,peer0.org1.example.com,31.17,574.44,7815.99,NA_HOST_NETWORK,NA_HOST_NETWORK,104714240/1829646336,phase4b
2026-08-09T23:34:52.946Z,D2,cc-unified,2.69,23.09,15914.51,NA_HOST_NETWORK,NA_HOST_NETWORK,1605632/450560,phase4b
2026-08-09T23:34:52.946Z,D2,orderer2.example.com,1.44,423.32,15914.51,NA_HOST_NETWORK,NA_HOST_NETWORK,8413184/1741869056,phase4b
2026-08-09T23:34:52.946Z,D2,peer0.org2.example.com,21.28,538.86,15914.51,NA_HOST_NETWORK,NA_HOST_NETWORK,223277056/2737659904,phase4b
2026-08-09T23:34:54.162Z,D4,cc-unified,0.98,26.17,15823.56,NA_HOST_NETWORK,NA_HOST_NETWORK,159744/0,phase4b
2026-08-09T23:34:54.162Z,D4,orderer.example.com,7.14,1146.36,15823.56,NA_HOST_NETWORK,NA_HOST_NETWORK,460144640/1254670336,phase4b
2026-08-09T23:34:54.162Z,D4,peer0.org4.example.com,11.45,887.37,15823.56,NA_HOST_NETWORK,NA_HOST_NETWORK,76587008/1831043072,phase4b
2026-08-09T23:34:54.185Z,D3,cc-unified,1.83,30.31,15823.57,NA_HOST_NETWORK,NA_HOST_NETWORK,3649536/397312,phase4b
2026-08-09T23:34:54.185Z,D3,orderer3.example.com,3.66,515.62,15823.57,NA_HOST_NETWORK,NA_HOST_NETWORK,1736704/1754419200,phase4b
2026-08-09T23:34:54.185Z,D3,peer0.org3.example.com,27.29,592.89,15823.57,NA_HOST_NETWORK,NA_HOST_NETWORK,120258560/1880301568,phase4b
2026-08-09T23:34:54.319Z,D1,cc-unified,1.62,38.00,7815.99,NA_HOST_NETWORK,NA_HOST_NETWORK,618496/0,phase4b
2026-08-09T23:34:54.319Z,D1,HARNESS_bench.js,13.0,140.14,7815.99,NA,NA,threads=11,phase4b
2026-08-09T23:34:54.319Z,D1,peer0.org1.example.com,31.53,574.98,7815.99,NA_HOST_NETWORK,NA_HOST_NETWORK,104714240/1830105088,phase4b
2026-08-09T23:34:55.022Z,D2,cc-unified,1.32,23.57,15914.51,NA_HOST_NETWORK,NA_HOST_NETWORK,1605632/450560,phase4b
2026-08-09T23:34:55.022Z,D2,orderer2.example.com,8.85,437.59,15914.51,NA_HOST_NETWORK,NA_HOST_NETWORK,8413184/1742630912,phase4b
2026-08-09T23:34:55.022Z,D2,peer0.org2.example.com,19.46,539.13,15914.51,NA_HOST_NETWORK,NA_HOST_NETWORK,223277056/2737926144,phase4b
2026-08-09T23:34:56.217Z,D4,cc-unified,2.03,27.41,15823.56,NA_HOST_NETWORK,NA_HOST_NETWORK,159744/0,phase4b
2026-08-09T23:34:56.217Z,D4,orderer.example.com,10.64,1147.03,15823.56,NA_HOST_NETWORK,NA_HOST_NETWORK,460144640/1255563264,phase4b
2026-08-09T23:34:56.217Z,D4,peer0.org4.example.com,25.71,888.61,15823.56,NA_HOST_NETWORK,NA_HOST_NETWORK,76587008/1831727104,phase4b
2026-08-09T23:34:56.350Z,D3,cc-unified,2.26,31.64,15823.57,NA_HOST_NETWORK,NA_HOST_NETWORK,3649536/397312,phase4b
2026-08-09T23:34:56.350Z,D3,orderer3.example.com,3.84,517.11,15823.57,NA_HOST_NETWORK,NA_HOST_NETWORK,1736704/1755308032,phase4b
2026-08-09T23:34:56.350Z,D3,peer0.org3.example.com,35.85,597.87,15823.57,NA_HOST_NETWORK,NA_HOST_NETWORK,120258560/1880977408,phase4b
2026-08-09T23:34:56.469Z,D1,cc-unified,2.09,37.08,7815.99,NA_HOST_NETWORK,NA_HOST_NETWORK,618496/0,phase4b
2026-08-09T23:34:56.469Z,D1,HARNESS_bench.js,17.2,145.09,7815.99,NA,NA,threads=11,phase4b
2026-08-09T23:34:56.469Z,D1,peer0.org1.example.com,30.78,575.36,7815.99,NA_HOST_NETWORK,NA_HOST_NETWORK,104714240/1830600704,phase4b
2026-08-09T23:34:57.093Z,D2,cc-unified,0.90,22.84,15914.51,NA_HOST_NETWORK,NA_HOST_NETWORK,1605632/450560,phase4b
2026-08-09T23:34:57.093Z,D2,orderer2.example.com,4.89,435.73,15914.51,NA_HOST_NETWORK,NA_HOST_NETWORK,8413184/1744044032,phase4b
2026-08-09T23:34:57.093Z,D2,peer0.org2.example.com,19.44,539.40,15914.51,NA_HOST_NETWORK,NA_HOST_NETWORK,223277056/2738241536,phase4b
2026-08-09T23:34:58.362Z,D4,cc-unified,3.94,26.90,15823.56,NA_HOST_NETWORK,NA_HOST_NETWORK,159744/0,phase4b
2026-08-09T23:34:58.362Z,D4,orderer.example.com,18.15,1131.01,15823.56,NA_HOST_NETWORK,NA_HOST_NETWORK,460144640/1256235008,phase4b
2026-08-09T23:34:58.362Z,D4,peer0.org4.example.com,25.80,888.80,15823.56,NA_HOST_NETWORK,NA_HOST_NETWORK,76587008/1832267776,phase4b
2026-08-09T23:34:58.513Z,D3,cc-unified,2.79,31.25,15823.57,NA_HOST_NETWORK,NA_HOST_NETWORK,3649536/397312,phase4b
2026-08-09T23:34:58.513Z,D3,orderer3.example.com,3.68,518.50,15823.57,NA_HOST_NETWORK,NA_HOST_NETWORK,1736704/1756033024,phase4b
2026-08-09T23:34:58.513Z,D3,peer0.org3.example.com,28.26,598.56,15823.57,NA_HOST_NETWORK,NA_HOST_NETWORK,120258560/1881567232,phase4b
2026-08-09T23:34:58.560Z,D1,cc-unified,2.96,30.45,7815.99,NA_HOST_NETWORK,NA_HOST_NETWORK,618496/0,phase4b
2026-08-09T23:34:58.560Z,D1,HARNESS_bench.js,20.6,148.17,7815.99,NA,NA,threads=11,phase4b
2026-08-09T23:34:58.560Z,D1,peer0.org1.example.com,37.43,576.03,7815.99,NA_HOST_NETWORK,NA_HOST_NETWORK,104714240/1831137280,phase4b
2026-08-09T23:34:59.255Z,D2,cc-unified,1.09,23.33,15914.51,NA_HOST_NETWORK,NA_HOST_NETWORK,1605632/450560,phase4b
2026-08-09T23:34:59.255Z,D2,orderer2.example.com,2.16,438.11,15914.51,NA_HOST_NETWORK,NA_HOST_NETWORK,8413184/1744723968,phase4b
2026-08-09T23:34:59.255Z,D2,peer0.org2.example.com,18.13,539.67,15914.51,NA_HOST_NETWORK,NA_HOST_NETWORK,223277056/2738601984,phase4b
2026-08-09T23:35:00.509Z,D4,cc-unified,3.45,27.89,15823.56,NA_HOST_NETWORK,NA_HOST_NETWORK,159744/0,phase4b
2026-08-09T23:35:00.509Z,D4,orderer.example.com,7.99,1131.32,15823.56,NA_HOST_NETWORK,NA_HOST_NETWORK,460144640/1256898560,phase4b
2026-08-09T23:35:00.509Z,D4,peer0.org4.example.com,19.38,889.04,15823.56,NA_HOST_NETWORK,NA_HOST_NETWORK,76587008/1832787968,phase4b
2026-08-09T23:35:00.679Z,D3,cc-unified,2.67,30.86,15823.57,NA_HOST_NETWORK,NA_HOST_NETWORK,3649536/397312,phase4b
2026-08-09T23:35:00.679Z,D3,orderer3.example.com,3.59,521.35,15823.57,NA_HOST_NETWORK,NA_HOST_NETWORK,1736704/1756688384,phase4b
2026-08-09T23:35:00.679Z,D3,peer0.org3.example.com,28.33,599.02,15823.57,NA_HOST_NETWORK,NA_HOST_NETWORK,120258560/1882087424,phase4b
2026-08-09T23:35:00.701Z,D1,cc-unified,1.92,30.28,7815.99,NA_HOST_NETWORK,NA_HOST_NETWORK,618496/0,phase4b
2026-08-09T23:35:00.701Z,D1,HARNESS_bench.js,18.0,151.02,7815.99,NA,NA,threads=11,phase4b
2026-08-09T23:35:00.701Z,D1,peer0.org1.example.com,37.23,575.95,7815.99,NA_HOST_NETWORK,NA_HOST_NETWORK,104714240/1831653376,phase4b
2026-08-09T23:35:01.315Z,D2,cc-unified,1.10,22.84,15914.51,NA_HOST_NETWORK,NA_HOST_NETWORK,1605632/450560,phase4b
2026-08-09T23:35:01.315Z,D2,orderer2.example.com,1.78,438.35,15914.51,NA_HOST_NETWORK,NA_HOST_NETWORK,8413184/1745195008,phase4b
2026-08-09T23:35:01.315Z,D2,peer0.org2.example.com,22.38,536.12,15914.51,NA_HOST_NETWORK,NA_HOST_NETWORK,223277056/2739027968,phase4b
2026-08-09T23:35:02.561Z,D4,cc-unified,2.05,26.72,15823.56,NA_HOST_NETWORK,NA_HOST_NETWORK,159744/0,phase4b
2026-08-09T23:35:02.561Z,D4,orderer.example.com,6.45,1132.10,15823.56,NA_HOST_NETWORK,NA_HOST_NETWORK,460144640/1257512960,phase4b
2026-08-09T23:35:02.561Z,D4,peer0.org4.example.com,15.13,888.60,15823.56,NA_HOST_NETWORK,NA_HOST_NETWORK,76587008/1833304064,phase4b
2026-08-09T23:35:02.752Z,D1,cc-unified,2.33,31.05,7815.99,NA_HOST_NETWORK,NA_HOST_NETWORK,618496/0,phase4b
2026-08-09T23:35:02.752Z,D1,HARNESS_bench.js,17.6,152.26,7815.99,NA,NA,threads=11,phase4b
2026-08-09T23:35:02.752Z,D1,peer0.org1.example.com,36.09,576.92,7815.99,NA_HOST_NETWORK,NA_HOST_NETWORK,104714240/1832140800,phase4b
2026-08-09T23:35:02.836Z,D3,cc-unified,4.44,28.66,15823.57,NA_HOST_NETWORK,NA_HOST_NETWORK,3649536/397312,phase4b
2026-08-09T23:35:02.836Z,D3,orderer3.example.com,3.57,522.96,15823.57,NA_HOST_NETWORK,NA_HOST_NETWORK,1736704/1757265920,phase4b
2026-08-09T23:35:02.836Z,D3,peer0.org3.example.com,27.75,600.79,15823.57,NA_HOST_NETWORK,NA_HOST_NETWORK,120258560/1882558464,phase4b
2026-08-09T23:35:03.398Z,D2,cc-unified,1.95,23.81,15914.51,NA_HOST_NETWORK,NA_HOST_NETWORK,1605632/450560,phase4b
2026-08-09T23:35:03.398Z,D2,orderer2.example.com,1.47,438.62,15914.51,NA_HOST_NETWORK,NA_HOST_NETWORK,8413184/1745645568,phase4b
2026-08-09T23:35:03.398Z,D2,peer0.org2.example.com,20.09,535.92,15914.51,NA_HOST_NETWORK,NA_HOST_NETWORK,223277056/2739310592,phase4b
2026-08-09T23:35:04.763Z,D4,cc-unified,3.73,27.05,15823.56,NA_HOST_NETWORK,NA_HOST_NETWORK,159744/0,phase4b
2026-08-09T23:35:04.763Z,D4,orderer.example.com,13.76,1132.49,15823.56,NA_HOST_NETWORK,NA_HOST_NETWORK,460144640/1258250240,phase4b
2026-08-09T23:35:04.763Z,D4,peer0.org4.example.com,30.44,889.50,15823.56,NA_HOST_NETWORK,NA_HOST_NETWORK,76587008/1833906176,phase4b
2026-08-09T23:35:04.888Z,D3,cc-unified,3.25,28.90,15823.57,NA_HOST_NETWORK,NA_HOST_NETWORK,3649536/397312,phase4b
2026-08-09T23:35:04.888Z,D3,orderer3.example.com,4.24,525.77,15823.57,NA_HOST_NETWORK,NA_HOST_NETWORK,1736704/1758003200,phase4b
2026-08-09T23:35:04.888Z,D3,peer0.org3.example.com,33.35,605.62,15823.57,NA_HOST_NETWORK,NA_HOST_NETWORK,120258560/1883160576,phase4b
2026-08-09T23:35:04.921Z,D1,cc-unified,3.16,31.06,7815.99,NA_HOST_NETWORK,NA_HOST_NETWORK,618496/0,phase4b
2026-08-09T23:35:04.921Z,D1,HARNESS_bench.js,20.7,152.72,7815.99,NA,NA,threads=11,phase4b
2026-08-09T23:35:04.921Z,D1,peer0.org1.example.com,37.87,576.54,7815.99,NA_HOST_NETWORK,NA_HOST_NETWORK,104714240/1832669184,phase4b
2026-08-09T23:35:05.474Z,D2,cc-unified,0.98,22.84,15914.51,NA_HOST_NETWORK,NA_HOST_NETWORK,1605632/450560,phase4b
2026-08-09T23:35:05.474Z,D2,orderer2.example.com,1.84,438.84,15914.51,NA_HOST_NETWORK,NA_HOST_NETWORK,8413184/1746296832,phase4b
2026-08-09T23:35:05.474Z,D2,peer0.org2.example.com,12.32,536.27,15914.51,NA_HOST_NETWORK,NA_HOST_NETWORK,223277056/2739535872,phase4b
2026-08-09T23:35:06.873Z,D4,cc-unified,1.49,25.66,15823.56,NA_HOST_NETWORK,NA_HOST_NETWORK,159744/0,phase4b
2026-08-09T23:35:06.873Z,D4,orderer.example.com,8.36,1131.80,15823.56,NA_HOST_NETWORK,NA_HOST_NETWORK,460144640/1258921984,phase4b
2026-08-09T23:35:06.873Z,D4,peer0.org4.example.com,15.15,888.64,15823.56,NA_HOST_NETWORK,NA_HOST_NETWORK,76587008/1834455040,phase4b
2026-08-09T23:35:06.948Z,D3,cc-unified,2.54,27.67,15823.57,NA_HOST_NETWORK,NA_HOST_NETWORK,3649536/397312,phase4b
2026-08-09T23:35:06.948Z,D3,orderer3.example.com,3.99,527.75,15823.57,NA_HOST_NETWORK,NA_HOST_NETWORK,1736704/1758670848,phase4b
2026-08-09T23:35:06.948Z,D3,peer0.org3.example.com,25.46,607.71,15823.57,NA_HOST_NETWORK,NA_HOST_NETWORK,120258560/1883709440,phase4b
2026-08-09T23:35:06.974Z,D1,cc-unified,2.46,27.49,7815.99,NA_HOST_NETWORK,NA_HOST_NETWORK,618496/0,phase4b
2026-08-09T23:35:06.974Z,D1,HARNESS_bench.js,13.7,134.36,7815.99,NA,NA,threads=11,phase4b
2026-08-09T23:35:06.974Z,D1,peer0.org1.example.com,29.80,577.27,7815.99,NA_HOST_NETWORK,NA_HOST_NETWORK,104714240/1833123840,phase4b
2026-08-09T23:35:07.535Z,D2,cc-unified,0.90,23.35,15914.51,NA_HOST_NETWORK,NA_HOST_NETWORK,1605632/450560,phase4b
2026-08-09T23:35:07.535Z,D2,orderer2.example.com,2.27,440.35,15914.51,NA_HOST_NETWORK,NA_HOST_NETWORK,8413184/1747632128,phase4b
2026-08-09T23:35:07.535Z,D2,peer0.org2.example.com,16.80,536.30,15914.51,NA_HOST_NETWORK,NA_HOST_NETWORK,223277056/2739752960,phase4b
2026-08-09T23:35:08.926Z,D4,cc-unified,0.83,25.68,15823.56,NA_HOST_NETWORK,NA_HOST_NETWORK,159744/0,phase4b
2026-08-09T23:35:08.926Z,D4,orderer.example.com,3.91,1132.33,15823.56,NA_HOST_NETWORK,NA_HOST_NETWORK,460144640/1259569152,phase4b
2026-08-09T23:35:08.926Z,D4,peer0.org4.example.com,8.37,888.53,15823.56,NA_HOST_NETWORK,NA_HOST_NETWORK,76587008/1834958848,phase4b
2026-08-09T23:35:08.996Z,D3,cc-unified,2.76,27.67,15823.57,NA_HOST_NETWORK,NA_HOST_NETWORK,3649536/397312,phase4b
2026-08-09T23:35:08.996Z,D3,orderer3.example.com,3.51,530.60,15823.57,NA_HOST_NETWORK,NA_HOST_NETWORK,1736704/1759322112,phase4b
2026-08-09T23:35:08.996Z,D3,peer0.org3.example.com,30.59,589.55,15823.57,NA_HOST_NETWORK,NA_HOST_NETWORK,120258560/1884217344,phase4b
2026-08-09T23:35:09.019Z,D1,cc-unified,2.04,28.69,7815.99,NA_HOST_NETWORK,NA_HOST_NETWORK,618496/0,phase4b
2026-08-09T23:35:09.019Z,D1,HARNESS_bench.js,13.3,134.24,7815.99,NA,NA,threads=11,phase4b
2026-08-09T23:35:09.019Z,D1,peer0.org1.example.com,30.52,577.71,7815.99,NA_HOST_NETWORK,NA_HOST_NETWORK,104714240/1833590784,phase4b
2026-08-09T23:35:09.619Z,D2,cc-unified,0.74,23.33,15914.51,NA_HOST_NETWORK,NA_HOST_NETWORK,1605632/450560,phase4b
2026-08-09T23:35:09.619Z,D2,orderer2.example.com,1.30,440.73,15914.51,NA_HOST_NETWORK,NA_HOST_NETWORK,8413184/1747902464,phase4b
2026-08-09T23:35:09.619Z,D2,peer0.org2.example.com,16.34,536.53,15914.51,NA_HOST_NETWORK,NA_HOST_NETWORK,223277056/2739953664,phase4b
2026-08-09T23:35:11.048Z,D4,cc-unified,1.97,27.15,15823.56,NA_HOST_NETWORK,NA_HOST_NETWORK,159744/0,phase4b
2026-08-09T23:35:11.048Z,D4,orderer.example.com,10.64,1134.17,15823.56,NA_HOST_NETWORK,NA_HOST_NETWORK,460144640/1260138496,phase4b
2026-08-09T23:35:11.048Z,D4,peer0.org4.example.com,20.94,890.27,15823.56,NA_HOST_NETWORK,NA_HOST_NETWORK,76587008/1835429888,phase4b
2026-08-09T23:35:11.090Z,D3,cc-unified,2.51,28.16,15823.57,NA_HOST_NETWORK,NA_HOST_NETWORK,3649536/397312,phase4b
2026-08-09T23:35:11.090Z,D3,orderer3.example.com,3.48,533.62,15823.57,NA_HOST_NETWORK,NA_HOST_NETWORK,1736704/1759883264,phase4b
2026-08-09T23:35:11.090Z,D3,peer0.org3.example.com,23.44,589.66,15823.57,NA_HOST_NETWORK,NA_HOST_NETWORK,120258560/1884680192,phase4b
2026-08-09T23:35:11.122Z,D1,cc-unified,1.56,28.46,7815.99,NA_HOST_NETWORK,NA_HOST_NETWORK,618496/0,phase4b
2026-08-09T23:35:11.122Z,D1,HARNESS_bench.js,14.0,134.47,7815.99,NA,NA,threads=11,phase4b
2026-08-09T23:35:11.122Z,D1,peer0.org1.example.com,28.46,578.64,7815.99,NA_HOST_NETWORK,NA_HOST_NETWORK,104714240/1833992192,phase4b
2026-08-09T23:35:11.694Z,D2,cc-unified,1.11,22.84,15914.51,NA_HOST_NETWORK,NA_HOST_NETWORK,1605632/450560,phase4b
2026-08-09T23:35:11.694Z,D2,orderer2.example.com,1.55,441.02,15914.51,NA_HOST_NETWORK,NA_HOST_NETWORK,8413184/1748279296,phase4b
2026-08-09T23:35:11.694Z,D2,peer0.org2.example.com,12.49,536.93,15914.51,NA_HOST_NETWORK,NA_HOST_NETWORK,223277056/2740203520,phase4b
2026-08-09T23:35:13.138Z,D3,cc-unified,5.08,28.32,15823.57,NA_HOST_NETWORK,NA_HOST_NETWORK,3649536/397312,phase4b
2026-08-09T23:35:13.138Z,D3,orderer3.example.com,3.92,536.79,15823.57,NA_HOST_NETWORK,NA_HOST_NETWORK,1736704/1760546816,phase4b
2026-08-09T23:35:13.138Z,D3,peer0.org3.example.com,29.96,592.16,15823.57,NA_HOST_NETWORK,NA_HOST_NETWORK,120258560/1885208576,phase4b
2026-08-09T23:35:13.140Z,D4,cc-unified,5.37,26.46,15823.56,NA_HOST_NETWORK,NA_HOST_NETWORK,159744/0,phase4b
2026-08-09T23:35:13.140Z,D4,orderer.example.com,13.74,1134.39,15823.56,NA_HOST_NETWORK,NA_HOST_NETWORK,460144640/1260797952,phase4b
2026-08-09T23:35:13.140Z,D4,peer0.org4.example.com,30.58,890.64,15823.56,NA_HOST_NETWORK,NA_HOST_NETWORK,76587008/1835917312,phase4b
2026-08-09T23:35:13.193Z,D1,cc-unified,2.20,28.22,7815.99,NA_HOST_NETWORK,NA_HOST_NETWORK,618496/0,phase4b
2026-08-09T23:35:13.193Z,D1,HARNESS_bench.js,16.3,135.70,7815.99,NA,NA,threads=11,phase4b
2026-08-09T23:35:13.193Z,D1,peer0.org1.example.com,40.45,578.98,7815.99,NA_HOST_NETWORK,NA_HOST_NETWORK,104714240/1834520576,phase4b
2026-08-09T23:35:13.776Z,D2,cc-unified,1.03,23.34,15914.51,NA_HOST_NETWORK,NA_HOST_NETWORK,1605632/450560,phase4b
2026-08-09T23:35:13.776Z,D2,orderer2.example.com,2.29,441.92,15914.51,NA_HOST_NETWORK,NA_HOST_NETWORK,8413184/1748709376,phase4b
2026-08-09T23:35:13.776Z,D2,peer0.org2.example.com,19.18,536.86,15914.51,NA_HOST_NETWORK,NA_HOST_NETWORK,223277056/2740482048,phase4b
2026-08-09T23:35:15.244Z,D4,cc-unified,0.80,25.75,15823.56,NA_HOST_NETWORK,NA_HOST_NETWORK,159744/0,phase4b
2026-08-09T23:35:15.244Z,D4,orderer.example.com,3.71,1136.62,15823.56,NA_HOST_NETWORK,NA_HOST_NETWORK,460144640/1261400064,phase4b
2026-08-09T23:35:15.244Z,D4,peer0.org4.example.com,7.43,890.47,15823.56,NA_HOST_NETWORK,NA_HOST_NETWORK,76587008/1836445696,phase4b
2026-08-09T23:35:15.300Z,D3,cc-unified,2.48,28.52,15823.57,NA_HOST_NETWORK,NA_HOST_NETWORK,3649536/397312,phase4b
2026-08-09T23:35:15.300Z,D3,orderer3.example.com,3.90,539.34,15823.57,NA_HOST_NETWORK,NA_HOST_NETWORK,1736704/1761148928,phase4b
2026-08-09T23:35:15.300Z,D3,peer0.org3.example.com,24.44,593.68,15823.57,NA_HOST_NETWORK,NA_HOST_NETWORK,120258560/1885704192,phase4b
2026-08-09T23:35:15.343Z,D1,cc-unified,2.38,28.73,7815.99,NA_HOST_NETWORK,NA_HOST_NETWORK,618496/0,phase4b
2026-08-09T23:35:15.343Z,D1,HARNESS_bench.js,15.9,134.53,7815.99,NA,NA,threads=11,phase4b
2026-08-09T23:35:15.343Z,D1,peer0.org1.example.com,30.11,579.36,7815.99,NA_HOST_NETWORK,NA_HOST_NETWORK,104714240/1834967040,phase4b
2026-08-09T23:35:15.860Z,D2,cc-unified,1.78,23.33,15914.51,NA_HOST_NETWORK,NA_HOST_NETWORK,1605632/450560,phase4b
2026-08-09T23:35:15.860Z,D2,orderer2.example.com,1.80,442.85,15914.51,NA_HOST_NETWORK,NA_HOST_NETWORK,8413184/1749520384,phase4b
2026-08-09T23:35:15.860Z,D2,peer0.org2.example.com,17.69,537.07,15914.51,NA_HOST_NETWORK,NA_HOST_NETWORK,223277056/2740674560,phase4b
2026-08-09T23:35:17.388Z,D4,cc-unified,1.86,26.46,15823.56,NA_HOST_NETWORK,NA_HOST_NETWORK,159744/0,phase4b
2026-08-09T23:35:17.388Z,D4,orderer.example.com,11.96,1137.64,15823.56,NA_HOST_NETWORK,NA_HOST_NETWORK,460144640/1262006272,phase4b
2026-08-09T23:35:17.388Z,D4,peer0.org4.example.com,26.40,893.54,15823.56,NA_HOST_NETWORK,NA_HOST_NETWORK,76587008/1853313024,phase4b
2026-08-09T23:35:17.466Z,D3,cc-unified,2.35,27.82,15823.57,NA_HOST_NETWORK,NA_HOST_NETWORK,3649536/397312,phase4b
2026-08-09T23:35:17.466Z,D3,orderer3.example.com,3.55,541.93,15823.57,NA_HOST_NETWORK,NA_HOST_NETWORK,1736704/1761751040,phase4b
2026-08-09T23:35:17.466Z,D3,peer0.org3.example.com,24.18,594.57,15823.57,NA_HOST_NETWORK,NA_HOST_NETWORK,120258560/1886203904,phase4b
2026-08-09T23:35:17.480Z,D1,cc-unified,1.59,28.51,7815.99,NA_HOST_NETWORK,NA_HOST_NETWORK,618496/0,phase4b
2026-08-09T23:35:17.480Z,D1,HARNESS_bench.js,13.1,134.26,7815.99,NA,NA,threads=11,phase4b
2026-08-09T23:35:17.480Z,D1,peer0.org1.example.com,28.72,570.25,7815.99,NA_HOST_NETWORK,NA_HOST_NETWORK,104714240/1835388928,phase4b
2026-08-09T23:35:17.925Z,D2,cc-unified,0.91,23.57,15914.51,NA_HOST_NETWORK,NA_HOST_NETWORK,1605632/450560,phase4b
2026-08-09T23:35:17.925Z,D2,orderer2.example.com,1.97,443.59,15914.51,NA_HOST_NETWORK,NA_HOST_NETWORK,8413184/1750216704,phase4b
2026-08-09T23:35:17.925Z,D2,peer0.org2.example.com,10.93,537.08,15914.51,NA_HOST_NETWORK,NA_HOST_NETWORK,223277056/2740899840,phase4b
2026-08-09T23:35:19.534Z,D3,cc-unified,2.63,27.30,15823.57,NA_HOST_NETWORK,NA_HOST_NETWORK,3649536/397312,phase4b
2026-08-09T23:35:19.534Z,D3,orderer3.example.com,3.44,542.89,15823.57,NA_HOST_NETWORK,NA_HOST_NETWORK,1736704/1762328576,phase4b
2026-08-09T23:35:19.534Z,D3,peer0.org3.example.com,25.35,594.62,15823.57,NA_HOST_NETWORK,NA_HOST_NETWORK,120258560/1886670848,phase4b
2026-08-09T23:35:19.536Z,D4,cc-unified,2.44,25.77,15823.56,NA_HOST_NETWORK,NA_HOST_NETWORK,159744/0,phase4b
2026-08-09T23:35:19.536Z,D4,orderer.example.com,8.50,1137.82,15823.56,NA_HOST_NETWORK,NA_HOST_NETWORK,460144640/1262583808,phase4b
2026-08-09T23:35:19.536Z,D4,peer0.org4.example.com,21.53,893.75,15823.56,NA_HOST_NETWORK,NA_HOST_NETWORK,76587008/1853841408,phase4b
2026-08-09T23:35:19.620Z,D1,cc-unified,1.78,29.52,7815.99,NA_HOST_NETWORK,NA_HOST_NETWORK,618496/0,phase4b
2026-08-09T23:35:19.620Z,D1,HARNESS_bench.js,16.5,134.57,7815.99,NA,NA,threads=11,phase4b
2026-08-09T23:35:19.620Z,D1,peer0.org1.example.com,33.54,571.04,7815.99,NA_HOST_NETWORK,NA_HOST_NETWORK,104714240/1835855872,phase4b
2026-08-09T23:35:20.077Z,D2,cc-unified,1.19,23.32,15914.51,NA_HOST_NETWORK,NA_HOST_NETWORK,1605632/450560,phase4b
2026-08-09T23:35:20.077Z,D2,orderer2.example.com,1.57,444.20,15914.51,NA_HOST_NETWORK,NA_HOST_NETWORK,8413184/1750691840,phase4b
2026-08-09T23:35:20.077Z,D2,peer0.org2.example.com,20.57,537.09,15914.51,NA_HOST_NETWORK,NA_HOST_NETWORK,223277056/2741190656,phase4b
2026-08-09T23:35:21.580Z,D4,cc-unified,0.43,25.75,15823.56,NA_HOST_NETWORK,NA_HOST_NETWORK,159744/0,phase4b
2026-08-09T23:35:21.580Z,D4,orderer.example.com,2.09,1138.84,15823.56,NA_HOST_NETWORK,NA_HOST_NETWORK,460144640/1262858240,phase4b
2026-08-09T23:35:21.580Z,D4,peer0.org4.example.com,3.91,893.50,15823.56,NA_HOST_NETWORK,NA_HOST_NETWORK,76587008/1854087168,phase4b
2026-08-09T23:35:21.653Z,D3,cc-unified,1.01,27.80,15823.57,NA_HOST_NETWORK,NA_HOST_NETWORK,3649536/397312,phase4b
2026-08-09T23:35:21.653Z,D3,orderer3.example.com,4.82,532.46,15823.57,NA_HOST_NETWORK,NA_HOST_NETWORK,1736704/1762607104,phase4b
2026-08-09T23:35:21.653Z,D3,peer0.org3.example.com,21.17,593.69,15823.57,NA_HOST_NETWORK,NA_HOST_NETWORK,120258560/1886920704,phase4b
2026-08-09T23:35:21.675Z,D1,cc-unified,1.36,28.97,7815.99,NA_HOST_NETWORK,NA_HOST_NETWORK,618496/0,phase4b
2026-08-09T23:35:21.675Z,D1,HARNESS_bench.js,6.3,134.57,7815.99,NA,NA,threads=11,phase4b
2026-08-09T23:35:21.675Z,D1,peer0.org1.example.com,16.89,573.27,7815.99,NA_HOST_NETWORK,NA_HOST_NETWORK,104714240/1836101632,phase4b
2026-08-09T23:35:22.134Z,D2,cc-unified,0.59,23.05,15914.51,NA_HOST_NETWORK,NA_HOST_NETWORK,1605632/450560,phase4b
2026-08-09T23:35:22.134Z,D2,orderer2.example.com,1.79,444.61,15914.51,NA_HOST_NETWORK,NA_HOST_NETWORK,8413184/1751195648,phase4b
2026-08-09T23:35:22.134Z,D2,peer0.org2.example.com,15.40,544.78,15914.51,NA_HOST_NETWORK,NA_HOST_NETWORK,223277056/2741420032,phase4b
2026-08-09T23:35:23.629Z,D4,cc-unified,1.65,26.72,15823.56,NA_HOST_NETWORK,NA_HOST_NETWORK,159744/0,phase4b
2026-08-09T23:35:23.629Z,D4,orderer.example.com,5.62,1138.80,15823.56,NA_HOST_NETWORK,NA_HOST_NETWORK,460144640/1263419392,phase4b
2026-08-09T23:35:23.629Z,D4,peer0.org4.example.com,17.72,894.33,15823.56,NA_HOST_NETWORK,NA_HOST_NETWORK,76587008/1854545920,phase4b
2026-08-09T23:35:23.720Z,D3,cc-unified,2.61,28.06,15823.57,NA_HOST_NETWORK,NA_HOST_NETWORK,3649536/397312,phase4b
2026-08-09T23:35:23.720Z,D3,orderer3.example.com,3.08,533.51,15823.57,NA_HOST_NETWORK,NA_HOST_NETWORK,1736704/1763172352,phase4b
2026-08-09T23:35:23.720Z,D3,peer0.org3.example.com,25.86,594.24,15823.57,NA_HOST_NETWORK,NA_HOST_NETWORK,120258560/1887432704,phase4b
2026-08-09T23:35:23.727Z,D1,cc-unified,1.18,29.37,7815.99,NA_HOST_NETWORK,NA_HOST_NETWORK,618496/0,phase4b
2026-08-09T23:35:23.727Z,D1,HARNESS_bench.js,15.5,134.86,7815.99,NA,NA,threads=11,phase4b
2026-08-09T23:35:23.727Z,D1,peer0.org1.example.com,26.30,574.06,7815.99,NA_HOST_NETWORK,NA_HOST_NETWORK,104714240/1836548096,phase4b
2026-08-09T23:35:24.219Z,D2,cc-unified,1.20,23.34,15914.51,NA_HOST_NETWORK,NA_HOST_NETWORK,1605632/450560,phase4b
2026-08-09T23:35:24.219Z,D2,orderer2.example.com,1.99,445.38,15914.51,NA_HOST_NETWORK,NA_HOST_NETWORK,8413184/1751797760,phase4b
2026-08-09T23:35:24.219Z,D2,peer0.org2.example.com,14.27,537.08,15914.51,NA_HOST_NETWORK,NA_HOST_NETWORK,223277056/2741669888,phase4b
2026-08-09T23:35:25.820Z,D3,cc-unified,5.08,28.09,15823.57,NA_HOST_NETWORK,NA_HOST_NETWORK,3649536/397312,phase4b
2026-08-09T23:35:25.820Z,D3,orderer3.example.com,3.89,533.64,15823.57,NA_HOST_NETWORK,NA_HOST_NETWORK,1736704/1763762176,phase4b
2026-08-09T23:35:25.820Z,D3,peer0.org3.example.com,25.16,594.59,15823.57,NA_HOST_NETWORK,NA_HOST_NETWORK,120258560/1887879168,phase4b
2026-08-09T23:35:25.820Z,D4,cc-unified,1.66,25.73,15823.56,NA_HOST_NETWORK,NA_HOST_NETWORK,159744/0,phase4b
2026-08-09T23:35:25.820Z,D4,orderer.example.com,13.36,1131.98,15823.56,NA_HOST_NETWORK,NA_HOST_NETWORK,460144640/1264017408,phase4b
2026-08-09T23:35:25.820Z,D4,peer0.org4.example.com,14.35,894.42,15823.56,NA_HOST_NETWORK,NA_HOST_NETWORK,76587008/1855049728,phase4b
2026-08-09T23:35:25.873Z,D1,cc-unified,4.04,28.59,7815.99,NA_HOST_NETWORK,NA_HOST_NETWORK,618496/0,phase4b
2026-08-09T23:35:25.873Z,D1,HARNESS_bench.js,12.7,134.46,7815.99,NA,NA,threads=11,phase4b
2026-08-09T23:35:25.873Z,D1,peer0.org1.example.com,38.28,572.31,7815.99,NA_HOST_NETWORK,NA_HOST_NETWORK,104714240/1836937216,phase4b
2026-08-09T23:35:26.305Z,D2,cc-unified,0.73,23.10,15914.51,NA_HOST_NETWORK,NA_HOST_NETWORK,1605632/450560,phase4b
2026-08-09T23:35:26.305Z,D2,orderer2.example.com,1.96,445.83,15914.51,NA_HOST_NETWORK,NA_HOST_NETWORK,8413184/1752535040,phase4b
2026-08-09T23:35:26.305Z,D2,peer0.org2.example.com,15.50,537.09,15914.51,NA_HOST_NETWORK,NA_HOST_NETWORK,223277056/2741899264,phase4b
2026-08-09T23:35:27.870Z,D4,cc-unified,0.26,25.00,15823.56,NA_HOST_NETWORK,NA_HOST_NETWORK,159744/0,phase4b
2026-08-09T23:35:27.870Z,D4,orderer.example.com,2.56,1132.15,15823.56,NA_HOST_NETWORK,NA_HOST_NETWORK,460144640/1264304128,phase4b
2026-08-09T23:35:27.870Z,D4,peer0.org4.example.com,3.95,894.00,15823.56,NA_HOST_NETWORK,NA_HOST_NETWORK,76587008/1855299584,phase4b
2026-08-09T23:35:27.920Z,D1,cc-unified,1.02,28.59,7815.99,NA_HOST_NETWORK,NA_HOST_NETWORK,618496/0,phase4b
2026-08-09T23:35:27.920Z,D1,HARNESS_bench.js,10.6,134.46,7815.99,NA,NA,threads=11,phase4b
2026-08-09T23:35:27.920Z,D1,peer0.org1.example.com,17.21,572.45,7815.99,NA_HOST_NETWORK,NA_HOST_NETWORK,104714240/1837199360,phase4b
2026-08-09T23:35:27.977Z,D3,cc-unified,0.79,28.10,15823.57,NA_HOST_NETWORK,NA_HOST_NETWORK,3649536/397312,phase4b
2026-08-09T23:35:27.977Z,D3,orderer3.example.com,2.55,534.37,15823.57,NA_HOST_NETWORK,NA_HOST_NETWORK,1736704/1764057088,phase4b
2026-08-09T23:35:27.977Z,D3,peer0.org3.example.com,12.03,594.98,15823.57,NA_HOST_NETWORK,NA_HOST_NETWORK,120258560/1888133120,phase4b
2026-08-09T23:35:28.386Z,D2,cc-unified,0.44,23.08,15914.51,NA_HOST_NETWORK,NA_HOST_NETWORK,1605632/450560,phase4b
2026-08-09T23:35:28.386Z,D2,orderer2.example.com,1.77,445.99,15914.51,NA_HOST_NETWORK,NA_HOST_NETWORK,8413184/1752907776,phase4b
2026-08-09T23:35:28.386Z,D2,peer0.org2.example.com,15.86,545.05,15914.51,NA_HOST_NETWORK,NA_HOST_NETWORK,223277056/2742136832,phase4b
2026-08-09T23:35:29.989Z,D1,cc-unified,2.72,28.84,7815.99,NA_HOST_NETWORK,NA_HOST_NETWORK,618496/0,phase4b
2026-08-09T23:35:29.989Z,D1,HARNESS_bench.js,13.6,134.54,7815.99,NA,NA,threads=11,phase4b
2026-08-09T23:35:29.989Z,D1,peer0.org1.example.com,34.15,573.78,7815.99,NA_HOST_NETWORK,NA_HOST_NETWORK,104714240/1837662208,phase4b
2026-08-09T23:35:30.013Z,D4,cc-unified,2.87,26.23,15823.56,NA_HOST_NETWORK,NA_HOST_NETWORK,159744/0,phase4b
2026-08-09T23:35:30.013Z,D4,orderer.example.com,8.92,1132.24,15823.56,NA_HOST_NETWORK,NA_HOST_NETWORK,460144640/1264812032,phase4b
2026-08-09T23:35:30.013Z,D4,peer0.org4.example.com,19.00,894.94,15823.56,NA_HOST_NETWORK,NA_HOST_NETWORK,76587008/1855729664,phase4b
2026-08-09T23:35:30.139Z,D3,cc-unified,2.52,27.36,15823.57,NA_HOST_NETWORK,NA_HOST_NETWORK,3649536/397312,phase4b
2026-08-09T23:35:30.139Z,D3,orderer3.example.com,3.28,534.05,15823.57,NA_HOST_NETWORK,NA_HOST_NETWORK,1736704/1764560896,phase4b
2026-08-09T23:35:30.139Z,D3,peer0.org3.example.com,23.26,596.21,15823.57,NA_HOST_NETWORK,NA_HOST_NETWORK,120258560/1888559104,phase4b
2026-08-09T23:35:30.473Z,D2,cc-unified,1.02,23.56,15914.51,NA_HOST_NETWORK,NA_HOST_NETWORK,1605632/450560,phase4b
2026-08-09T23:35:30.473Z,D2,orderer2.example.com,1.70,446.61,15914.51,NA_HOST_NETWORK,NA_HOST_NETWORK,8413184/1753268224,phase4b
2026-08-09T23:35:30.473Z,D2,peer0.org2.example.com,12.20,537.33,15914.51,NA_HOST_NETWORK,NA_HOST_NETWORK,223277056/2742345728,phase4b
2026-08-09T23:35:32.113Z,D1,cc-unified,2.21,28.36,7815.99,NA_HOST_NETWORK,NA_HOST_NETWORK,618496/0,phase4b
2026-08-09T23:35:32.113Z,D1,HARNESS_bench.js,17.4,134.54,7815.99,NA,NA,threads=11,phase4b
2026-08-09T23:35:32.113Z,D1,peer0.org1.example.com,32.72,573.37,7815.99,NA_HOST_NETWORK,NA_HOST_NETWORK,104714240/1838047232,phase4b
2026-08-09T23:35:32.170Z,D4,cc-unified,1.75,26.00,15823.56,NA_HOST_NETWORK,NA_HOST_NETWORK,159744/0,phase4b
2026-08-09T23:35:32.170Z,D4,orderer.example.com,13.66,1132.96,15823.56,NA_HOST_NETWORK,NA_HOST_NETWORK,460144640/1265467392,phase4b
2026-08-09T23:35:32.170Z,D4,peer0.org4.example.com,22.58,895.23,15823.56,NA_HOST_NETWORK,NA_HOST_NETWORK,76587008/1856237568,phase4b
2026-08-09T23:35:32.359Z,D3,cc-unified,2.98,28.09,15823.57,NA_HOST_NETWORK,NA_HOST_NETWORK,3649536/397312,phase4b
2026-08-09T23:35:32.359Z,D3,orderer3.example.com,3.76,536.42,15823.57,NA_HOST_NETWORK,NA_HOST_NETWORK,1736704/1765212160,phase4b
2026-08-09T23:35:32.359Z,D3,peer0.org3.example.com,24.29,595.02,15823.57,NA_HOST_NETWORK,NA_HOST_NETWORK,120258560/1889095680,phase4b
2026-08-09T23:35:32.559Z,D2,cc-unified,1.67,23.20,15914.51,NA_HOST_NETWORK,NA_HOST_NETWORK,1605632/450560,phase4b
2026-08-09T23:35:32.559Z,D2,orderer2.example.com,2.03,446.62,15914.51,NA_HOST_NETWORK,NA_HOST_NETWORK,8413184/1754005504,phase4b
2026-08-09T23:35:32.559Z,D2,peer0.org2.example.com,17.38,537.96,15914.51,NA_HOST_NETWORK,NA_HOST_NETWORK,223277056/2742558720,phase4b
2026-08-09T23:35:34.180Z,D1,cc-unified,1.33,27.35,7815.99,NA_HOST_NETWORK,NA_HOST_NETWORK,618496/0,phase4b
2026-08-09T23:35:34.180Z,D1,HARNESS_bench.js,9.7,134.79,7815.99,NA,NA,threads=11,phase4b
2026-08-09T23:35:34.180Z,D1,peer0.org1.example.com,24.20,573.46,7815.99,NA_HOST_NETWORK,NA_HOST_NETWORK,104714240/1838563328,phase4b
2026-08-09T23:35:34.273Z,D4,cc-unified,0.54,25.00,15823.56,NA_HOST_NETWORK,NA_HOST_NETWORK,159744/0,phase4b
2026-08-09T23:35:34.273Z,D4,orderer.example.com,2.78,1132.97,15823.56,NA_HOST_NETWORK,NA_HOST_NETWORK,460144640/1265934336,phase4b
2026-08-09T23:35:34.273Z,D4,peer0.org4.example.com,6.22,893.89,15823.56,NA_HOST_NETWORK,NA_HOST_NETWORK,76587008/1856618496,phase4b
2026-08-09T23:35:34.472Z,D3,cc-unified,2.45,28.10,15823.57,NA_HOST_NETWORK,NA_HOST_NETWORK,3649536/397312,phase4b
2026-08-09T23:35:34.472Z,D3,orderer3.example.com,2.94,536.43,15823.57,NA_HOST_NETWORK,NA_HOST_NETWORK,1736704/1765801984,phase4b
2026-08-09T23:35:34.472Z,D3,peer0.org3.example.com,26.27,595.73,15823.57,NA_HOST_NETWORK,NA_HOST_NETWORK,120258560/1889538048,phase4b
2026-08-09T23:35:34.628Z,D2,cc-unified,1.29,22.46,15914.51,NA_HOST_NETWORK,NA_HOST_NETWORK,1605632/450560,phase4b
2026-08-09T23:35:34.628Z,D2,orderer2.example.com,1.84,447.29,15914.51,NA_HOST_NETWORK,NA_HOST_NETWORK,8413184/1754619904,phase4b
2026-08-09T23:35:34.628Z,D2,peer0.org2.example.com,12.74,537.84,15914.51,NA_HOST_NETWORK,NA_HOST_NETWORK,223277056/2742833152,phase4b
2026-08-09T23:35:36.237Z,D1,cc-unified,2.54,27.64,7815.99,NA_HOST_NETWORK,NA_HOST_NETWORK,618496/0,phase4b
2026-08-09T23:35:36.237Z,D1,HARNESS_bench.js,13.8,134.43,7815.99,NA,NA,threads=11,phase4b
2026-08-09T23:35:36.237Z,D1,peer0.org1.example.com,24.96,574.74,7815.99,NA_HOST_NETWORK,NA_HOST_NETWORK,104714240/1838972928,phase4b
2026-08-09T23:35:36.324Z,D4,cc-unified,0.79,25.00,15823.56,NA_HOST_NETWORK,NA_HOST_NETWORK,159744/0,phase4b
2026-08-09T23:35:36.324Z,D4,orderer.example.com,5.57,1133.92,15823.56,NA_HOST_NETWORK,NA_HOST_NETWORK,460144640/1266536448,phase4b
2026-08-09T23:35:36.324Z,D4,peer0.org4.example.com,10.22,894.72,15823.56,NA_HOST_NETWORK,NA_HOST_NETWORK,76587008/1857097728,phase4b
2026-08-09T23:35:36.634Z,D3,cc-unified,3.78,28.13,15823.57,NA_HOST_NETWORK,NA_HOST_NETWORK,3649536/397312,phase4b
2026-08-09T23:35:36.634Z,D3,orderer3.example.com,3.65,537.39,15823.57,NA_HOST_NETWORK,NA_HOST_NETWORK,1736704/1766309888,phase4b
2026-08-09T23:35:36.634Z,D3,peer0.org3.example.com,31.50,596.41,15823.57,NA_HOST_NETWORK,NA_HOST_NETWORK,120258560/1889964032,phase4b
2026-08-09T23:35:36.693Z,D2,cc-unified,1.24,22.70,15914.51,NA_HOST_NETWORK,NA_HOST_NETWORK,1605632/450560,phase4b
2026-08-09T23:35:36.693Z,D2,orderer2.example.com,1.89,448.07,15914.51,NA_HOST_NETWORK,NA_HOST_NETWORK,8413184/1755074560,phase4b
2026-08-09T23:35:36.693Z,D2,peer0.org2.example.com,16.33,538.20,15914.51,NA_HOST_NETWORK,NA_HOST_NETWORK,223277056/2743013376,phase4b
2026-08-09T23:35:38.334Z,D1,cc-unified,1.69,27.18,7815.99,NA_HOST_NETWORK,NA_HOST_NETWORK,618496/0,phase4b
2026-08-09T23:35:38.334Z,D1,HARNESS_bench.js,12.2,134.45,7815.99,NA,NA,threads=11,phase4b
2026-08-09T23:35:38.334Z,D1,peer0.org1.example.com,30.15,576.61,7815.99,NA_HOST_NETWORK,NA_HOST_NETWORK,104714240/1839415296,phase4b
2026-08-09T23:35:38.398Z,D4,cc-unified,1.86,26.75,15823.56,NA_HOST_NETWORK,NA_HOST_NETWORK,159744/0,phase4b
2026-08-09T23:35:38.398Z,D4,orderer.example.com,11.23,1135.84,15823.56,NA_HOST_NETWORK,NA_HOST_NETWORK,460144640/1267126272,phase4b
2026-08-09T23:35:38.398Z,D4,peer0.org4.example.com,18.66,894.02,15823.56,NA_HOST_NETWORK,NA_HOST_NETWORK,76587008/1857593344,phase4b
2026-08-09T23:35:38.775Z,D2,cc-unified,1.14,22.46,15914.51,NA_HOST_NETWORK,NA_HOST_NETWORK,1605632/450560,phase4b
2026-08-09T23:35:38.775Z,D2,orderer2.example.com,2.00,447.93,15914.51,NA_HOST_NETWORK,NA_HOST_NETWORK,8413184/1755701248,phase4b
2026-08-09T23:35:38.775Z,D2,peer0.org2.example.com,17.12,537.91,15914.51,NA_HOST_NETWORK,NA_HOST_NETWORK,223277056/2743255040,phase4b
2026-08-09T23:35:38.796Z,D3,cc-unified,3.72,26.94,15823.57,NA_HOST_NETWORK,NA_HOST_NETWORK,3649536/397312,phase4b
2026-08-09T23:35:38.796Z,D3,orderer3.example.com,3.12,536.86,15823.57,NA_HOST_NETWORK,NA_HOST_NETWORK,1736704/1766936576,phase4b
2026-08-09T23:35:38.796Z,D3,peer0.org3.example.com,21.85,596.30,15823.57,NA_HOST_NETWORK,NA_HOST_NETWORK,120258560/1890471936,phase4b
2026-08-09T23:35:40.387Z,D1,cc-unified,1.03,26.17,7815.99,NA_HOST_NETWORK,NA_HOST_NETWORK,618496/0,phase4b
2026-08-09T23:35:40.387Z,D1,HARNESS_bench.js,10.1,134.45,7815.99,NA,NA,threads=11,phase4b
2026-08-09T23:35:40.387Z,D1,peer0.org1.example.com,27.38,577.88,7815.99,NA_HOST_NETWORK,NA_HOST_NETWORK,104714240/1842089984,phase4b
2026-08-09T23:35:40.500Z,D4,cc-unified,0.47,26.72,15823.56,NA_HOST_NETWORK,NA_HOST_NETWORK,159744/0,phase4b
2026-08-09T23:35:40.500Z,D4,orderer.example.com,3.37,1136.38,15823.56,NA_HOST_NETWORK,NA_HOST_NETWORK,460144640/1267576832,phase4b
2026-08-09T23:35:40.500Z,D4,peer0.org4.example.com,7.05,893.60,15823.56,NA_HOST_NETWORK,NA_HOST_NETWORK,76587008/1857957888,phase4b
2026-08-09T23:35:40.881Z,D3,cc-unified,1.05,28.46,15823.57,NA_HOST_NETWORK,NA_HOST_NETWORK,3649536/397312,phase4b
2026-08-09T23:35:40.881Z,D3,orderer3.example.com,2.90,537.58,15823.57,NA_HOST_NETWORK,NA_HOST_NETWORK,1736704/1767370752,phase4b
2026-08-09T23:35:40.881Z,D3,peer0.org3.example.com,21.71,597.40,15823.57,NA_HOST_NETWORK,NA_HOST_NETWORK,120258560/1890828288,phase4b
2026-08-09T23:35:40.922Z,D2,cc-unified,0.89,22.46,15914.51,NA_HOST_NETWORK,NA_HOST_NETWORK,1605632/450560,phase4b
2026-08-09T23:35:40.922Z,D2,orderer2.example.com,1.93,448.80,15914.51,NA_HOST_NETWORK,NA_HOST_NETWORK,8413184/1756160000,phase4b
2026-08-09T23:35:40.922Z,D2,peer0.org2.example.com,14.78,538.12,15914.51,NA_HOST_NETWORK,NA_HOST_NETWORK,223277056/2743529472,phase4b
2026-08-09T23:35:42.462Z,D1,cc-unified,1.72,27.90,7815.99,NA_HOST_NETWORK,NA_HOST_NETWORK,618496/0,phase4b
2026-08-09T23:35:42.462Z,D1,HARNESS_bench.js,7.1,134.45,7815.99,NA,NA,threads=11,phase4b
2026-08-09T23:35:42.462Z,D1,peer0.org1.example.com,22.63,579.05,7815.99,NA_HOST_NETWORK,NA_HOST_NETWORK,104714240/1842438144,phase4b
2026-08-09T23:35:42.547Z,D4,cc-unified,1.62,26.74,15823.56,NA_HOST_NETWORK,NA_HOST_NETWORK,159744/0,phase4b
2026-08-09T23:35:42.547Z,D4,orderer.example.com,7.21,1135.89,15823.56,NA_HOST_NETWORK,NA_HOST_NETWORK,460144640/1267892224,phase4b
2026-08-09T23:35:42.547Z,D4,peer0.org4.example.com,13.96,894.34,15823.56,NA_HOST_NETWORK,NA_HOST_NETWORK,76587008/1858199552,phase4b
2026-08-09T23:35:42.979Z,D2,cc-unified,0.68,22.47,15914.51,NA_HOST_NETWORK,NA_HOST_NETWORK,1605632/450560,phase4b
2026-08-09T23:35:42.979Z,D2,orderer2.example.com,1.43,448.94,15914.51,NA_HOST_NETWORK,NA_HOST_NETWORK,8413184/1756594176,phase4b
2026-08-09T23:35:42.979Z,D2,peer0.org2.example.com,12.36,538.19,15914.51,NA_HOST_NETWORK,NA_HOST_NETWORK,223277056/2743681024,phase4b
2026-08-09T23:35:43.042Z,D3,cc-unified,1.69,27.95,15823.57,NA_HOST_NETWORK,NA_HOST_NETWORK,3649536/397312,phase4b
2026-08-09T23:35:43.042Z,D3,orderer3.example.com,2.77,538.61,15823.57,NA_HOST_NETWORK,NA_HOST_NETWORK,1736704/1767784448,phase4b
2026-08-09T23:35:43.042Z,D3,peer0.org3.example.com,18.50,596.52,15823.57,NA_HOST_NETWORK,NA_HOST_NETWORK,120258560/1891155968,phase4b
2026-08-09T23:35:44.580Z,D1,cc-unified,2.90,27.89,7815.99,NA_HOST_NETWORK,NA_HOST_NETWORK,618496/0,phase4b
2026-08-09T23:35:44.580Z,D1,HARNESS_bench.js,22.1,135.11,7815.99,NA,NA,threads=11,phase4b
2026-08-09T23:35:44.580Z,D1,peer0.org1.example.com,38.51,580.70,7815.99,NA_HOST_NETWORK,NA_HOST_NETWORK,104714240/1842872320,phase4b
2026-08-09T23:35:44.698Z,D4,cc-unified,2.59,26.98,15823.56,NA_HOST_NETWORK,NA_HOST_NETWORK,159744/0,phase4b
2026-08-09T23:35:44.698Z,D4,orderer.example.com,12.71,1136.09,15823.56,NA_HOST_NETWORK,NA_HOST_NETWORK,460144640/1268498432,phase4b
2026-08-09T23:35:44.698Z,D4,peer0.org4.example.com,24.03,894.86,15823.56,NA_HOST_NETWORK,NA_HOST_NETWORK,76587008/1858707456,phase4b
2026-08-09T23:35:45.046Z,D2,cc-unified,1.18,22.46,15914.51,NA_HOST_NETWORK,NA_HOST_NETWORK,1605632/450560,phase4b
2026-08-09T23:35:45.046Z,D2,orderer2.example.com,1.95,449.66,15914.51,NA_HOST_NETWORK,NA_HOST_NETWORK,8413184/1757044736,phase4b
2026-08-09T23:35:45.046Z,D2,peer0.org2.example.com,18.83,538.09,15914.51,NA_HOST_NETWORK,NA_HOST_NETWORK,223277056/2743906304,phase4b
2026-08-09T23:35:45.142Z,D3,cc-unified,2.59,28.36,15823.57,NA_HOST_NETWORK,NA_HOST_NETWORK,3649536/397312,phase4b
2026-08-09T23:35:45.142Z,D3,orderer3.example.com,4.06,539.15,15823.57,NA_HOST_NETWORK,NA_HOST_NETWORK,1736704/1768374272,phase4b
2026-08-09T23:35:45.142Z,D3,peer0.org3.example.com,28.46,596.24,15823.57,NA_HOST_NETWORK,NA_HOST_NETWORK,120258560/1891643392,phase4b
2026-08-09T23:35:46.701Z,D1,cc-unified,1.96,27.42,7815.99,NA_HOST_NETWORK,NA_HOST_NETWORK,618496/0,phase4b
2026-08-09T23:35:46.701Z,D1,HARNESS_bench.js,7.6,136.49,7815.99,NA,NA,threads=11,phase4b
2026-08-09T23:35:46.701Z,D1,peer0.org1.example.com,23.65,582.09,7815.99,NA_HOST_NETWORK,NA_HOST_NETWORK,104714240/1843220480,phase4b
2026-08-09T23:35:46.897Z,D4,cc-unified,1.18,26.00,15823.56,NA_HOST_NETWORK,NA_HOST_NETWORK,159744/0,phase4b
2026-08-09T23:35:46.897Z,D4,orderer.example.com,4.79,1136.79,15823.56,NA_HOST_NETWORK,NA_HOST_NETWORK,460144640/1268920320,phase4b
2026-08-09T23:35:46.897Z,D4,peer0.org4.example.com,9.80,894.30,15823.56,NA_HOST_NETWORK,NA_HOST_NETWORK,76587008/1859055616,phase4b
2026-08-09T23:35:47.109Z,D2,cc-unified,0.84,22.71,15914.51,NA_HOST_NETWORK,NA_HOST_NETWORK,1605632/450560,phase4b
2026-08-09T23:35:47.109Z,D2,orderer2.example.com,1.92,450.43,15914.51,NA_HOST_NETWORK,NA_HOST_NETWORK,8413184/1757667328,phase4b
2026-08-09T23:35:47.109Z,D2,peer0.org2.example.com,8.51,539.13,15914.51,NA_HOST_NETWORK,NA_HOST_NETWORK,223277056/2744070144,phase4b
2026-08-09T23:35:47.271Z,D3,cc-unified,1.79,27.71,15823.57,NA_HOST_NETWORK,NA_HOST_NETWORK,3649536/397312,phase4b
2026-08-09T23:35:47.271Z,D3,orderer3.example.com,2.87,539.02,15823.57,NA_HOST_NETWORK,NA_HOST_NETWORK,1736704/1768755200,phase4b
2026-08-09T23:35:47.271Z,D3,peer0.org3.example.com,21.17,603.96,15823.57,NA_HOST_NETWORK,NA_HOST_NETWORK,120258560/1891950592,phase4b
2026-08-09T23:35:48.770Z,D1,cc-unified,2.11,27.68,7815.99,NA_HOST_NETWORK,NA_HOST_NETWORK,618496/0,phase4b
2026-08-09T23:35:48.770Z,D1,HARNESS_bench.js,13.0,135.14,7815.99,NA,NA,threads=11,phase4b
2026-08-09T23:35:48.770Z,D1,peer0.org1.example.com,32.07,584.09,7815.99,NA_HOST_NETWORK,NA_HOST_NETWORK,104714240/1843646464,phase4b
2026-08-09T23:35:48.947Z,D4,cc-unified,1.06,25.42,15823.56,NA_HOST_NETWORK,NA_HOST_NETWORK,159744/0,phase4b
2026-08-09T23:35:48.947Z,D4,orderer.example.com,3.14,1137.56,15823.56,NA_HOST_NETWORK,NA_HOST_NETWORK,460148736/1269448704,phase4b
2026-08-09T23:35:48.947Z,D4,peer0.org4.example.com,6.47,893.80,15823.56,NA_HOST_NETWORK,NA_HOST_NETWORK,76587008/1859481600,phase4b
2026-08-09T23:35:49.188Z,D2,cc-unified,0.69,22.70,15914.51,NA_HOST_NETWORK,NA_HOST_NETWORK,1605632/450560,phase4b
2026-08-09T23:35:49.188Z,D2,orderer2.example.com,1.45,450.36,15914.51,NA_HOST_NETWORK,NA_HOST_NETWORK,8413184/1758097408,phase4b
2026-08-09T23:35:49.188Z,D2,peer0.org2.example.com,13.54,538.73,15914.51,NA_HOST_NETWORK,NA_HOST_NETWORK,223277056/2744197120,phase4b
2026-08-09T23:35:49.319Z,D3,cc-unified,1.56,27.69,15823.57,NA_HOST_NETWORK,NA_HOST_NETWORK,3649536/430080,phase4b
2026-08-09T23:35:49.319Z,D3,orderer3.example.com,2.94,530.24,15823.57,NA_HOST_NETWORK,NA_HOST_NETWORK,1736704/1769189376,phase4b
2026-08-09T23:35:49.319Z,D3,peer0.org3.example.com,22.64,594.28,15823.57,NA_HOST_NETWORK,NA_HOST_NETWORK,120258560/1892302848,phase4b
2026-08-09T23:35:50.847Z,D1,cc-unified,2.20,27.95,7815.99,NA_HOST_NETWORK,NA_HOST_NETWORK,618496/0,phase4b
2026-08-09T23:35:50.847Z,D1,HARNESS_bench.js,15.9,135.14,7815.99,NA,NA,threads=11,phase4b
2026-08-09T23:35:50.847Z,D1,peer0.org1.example.com,25.58,583.87,7815.99,NA_HOST_NETWORK,NA_HOST_NETWORK,104714240/1843994624,phase4b
2026-08-09T23:35:51.078Z,D4,cc-unified,2.05,27.18,15823.56,NA_HOST_NETWORK,NA_HOST_NETWORK,159744/0,phase4b
2026-08-09T23:35:51.078Z,D4,orderer.example.com,7.50,1138.42,15823.56,NA_HOST_NETWORK,NA_HOST_NETWORK,460148736/1269862400,phase4b
2026-08-09T23:35:51.078Z,D4,peer0.org4.example.com,15.78,895.15,15823.56,NA_HOST_NETWORK,NA_HOST_NETWORK,76587008/1859809280,phase4b
2026-08-09T23:35:51.270Z,D2,cc-unified,1.80,23.28,15914.51,NA_HOST_NETWORK,NA_HOST_NETWORK,1605632/450560,phase4b
2026-08-09T23:35:51.270Z,D2,orderer2.example.com,2.79,447.01,15914.51,NA_HOST_NETWORK,NA_HOST_NETWORK,8413184/1758625792,phase4b
2026-08-09T23:35:51.270Z,D2,peer0.org2.example.com,17.07,538.85,15914.51,NA_HOST_NETWORK,NA_HOST_NETWORK,223277056/2744365056,phase4b
2026-08-09T23:35:51.373Z,D3,cc-unified,1.47,27.92,15823.57,NA_HOST_NETWORK,NA_HOST_NETWORK,3649536/430080,phase4b
2026-08-09T23:35:51.373Z,D3,orderer3.example.com,2.81,530.50,15823.57,NA_HOST_NETWORK,NA_HOST_NETWORK,1736704/1769648128,phase4b
2026-08-09T23:35:51.373Z,D3,peer0.org3.example.com,23.35,588.12,15823.57,NA_HOST_NETWORK,NA_HOST_NETWORK,120258560/1892675584,phase4b
2026-08-09T23:35:52.923Z,D1,cc-unified,1.15,27.46,7815.99,NA_HOST_NETWORK,NA_HOST_NETWORK,618496/0,phase4b
2026-08-09T23:35:52.923Z,D1,HARNESS_bench.js,9.8,135.30,7815.99,NA,NA,threads=11,phase4b
2026-08-09T23:35:52.923Z,D1,peer0.org1.example.com,25.31,584.29,7815.99,NA_HOST_NETWORK,NA_HOST_NETWORK,104714240/1844436992,phase4b
2026-08-09T23:35:53.225Z,D4,cc-unified,1.40,26.49,15823.56,NA_HOST_NETWORK,NA_HOST_NETWORK,159744/0,phase4b
2026-08-09T23:35:53.225Z,D4,orderer.example.com,7.65,1136.46,15823.56,NA_HOST_NETWORK,NA_HOST_NETWORK,460148736/1270345728,phase4b
2026-08-09T23:35:53.225Z,D4,peer0.org4.example.com,12.42,893.70,15823.56,NA_HOST_NETWORK,NA_HOST_NETWORK,76587008/1860206592,phase4b
2026-08-09T23:35:53.351Z,D2,cc-unified,0.78,23.62,15914.51,NA_HOST_NETWORK,NA_HOST_NETWORK,1605632/450560,phase4b
2026-08-09T23:35:53.351Z,D2,orderer2.example.com,2.10,447.57,15914.51,NA_HOST_NETWORK,NA_HOST_NETWORK,8413184/1759223808,phase4b
2026-08-09T23:35:53.351Z,D2,peer0.org2.example.com,10.37,538.97,15914.51,NA_HOST_NETWORK,NA_HOST_NETWORK,223277056/2744614912,phase4b
2026-08-09T23:35:53.471Z,D3,cc-unified,2.05,27.18,15823.57,NA_HOST_NETWORK,NA_HOST_NETWORK,3649536/430080,phase4b
2026-08-09T23:35:53.471Z,D3,orderer3.example.com,3.10,530.76,15823.57,NA_HOST_NETWORK,NA_HOST_NETWORK,1736704/1770135552,phase4b
2026-08-09T23:35:53.471Z,D3,peer0.org3.example.com,24.43,588.90,15823.57,NA_HOST_NETWORK,NA_HOST_NETWORK,120258560/1893068800,phase4b
2026-08-09T23:35:55.068Z,D1,cc-unified,1.52,28.21,7815.99,NA_HOST_NETWORK,NA_HOST_NETWORK,618496/0,phase4b
2026-08-09T23:35:55.068Z,D1,HARNESS_bench.js,6.1,135.05,7815.99,NA,NA,threads=11,phase4b
2026-08-09T23:35:55.068Z,D1,peer0.org1.example.com,17.71,583.87,7815.99,NA_HOST_NETWORK,NA_HOST_NETWORK,104714240/1844658176,phase4b
2026-08-09T23:35:55.276Z,D4,cc-unified,0.90,26.59,15823.56,NA_HOST_NETWORK,NA_HOST_NETWORK,159744/0,phase4b
2026-08-09T23:35:55.276Z,D4,orderer.example.com,4.99,1136.54,15823.56,NA_HOST_NETWORK,NA_HOST_NETWORK,460148736/1270628352,phase4b
2026-08-09T23:35:55.276Z,D4,peer0.org4.example.com,7.97,894.13,15823.56,NA_HOST_NETWORK,NA_HOST_NETWORK,76587008/1860456448,phase4b
2026-08-09T23:35:55.439Z,D2,cc-unified,0.61,22.96,15914.51,NA_HOST_NETWORK,NA_HOST_NETWORK,1605632/450560,phase4b
2026-08-09T23:35:55.439Z,D2,orderer2.example.com,1.84,448.23,15914.51,NA_HOST_NETWORK,NA_HOST_NETWORK,8413184/1759666176,phase4b
2026-08-09T23:35:55.439Z,D2,peer0.org2.example.com,15.11,539.18,15914.51,NA_HOST_NETWORK,NA_HOST_NETWORK,223277056/2744844288,phase4b
2026-08-09T23:35:55.517Z,D3,cc-unified,0.96,27.71,15823.57,NA_HOST_NETWORK,NA_HOST_NETWORK,3649536/430080,phase4b
2026-08-09T23:35:55.517Z,D3,orderer3.example.com,2.70,532.16,15823.57,NA_HOST_NETWORK,NA_HOST_NETWORK,1736704/1770397696,phase4b
2026-08-09T23:35:55.517Z,D3,peer0.org3.example.com,14.89,588.99,15823.57,NA_HOST_NETWORK,NA_HOST_NETWORK,120258560/1893306368,phase4b
2026-08-09T23:35:57.214Z,D1,cc-unified,1.33,26.45,7815.99,NA_HOST_NETWORK,NA_HOST_NETWORK,618496/0,phase4b
2026-08-09T23:35:57.214Z,D1,HARNESS_bench.js,14.3,135.05,7815.99,NA,NA,threads=11,phase4b
2026-08-09T23:35:57.214Z,D1,peer0.org1.example.com,25.79,584.03,7815.99,NA_HOST_NETWORK,NA_HOST_NETWORK,104714240/1845104640,phase4b
2026-08-09T23:35:57.429Z,D4,cc-unified,1.63,26.13,15823.56,NA_HOST_NETWORK,NA_HOST_NETWORK,159744/0,phase4b
2026-08-09T23:35:57.429Z,D4,orderer.example.com,9.03,1136.61,15823.56,NA_HOST_NETWORK,NA_HOST_NETWORK,460148736/1271046144,phase4b
2026-08-09T23:35:57.429Z,D4,peer0.org4.example.com,13.59,894.05,15823.56,NA_HOST_NETWORK,NA_HOST_NETWORK,76587008/1860816896,phase4b
2026-08-09T23:35:57.522Z,D2,cc-unified,0.95,23.13,15914.51,NA_HOST_NETWORK,NA_HOST_NETWORK,1605632/450560,phase4b
2026-08-09T23:35:57.522Z,D2,orderer2.example.com,2.24,447.97,15914.51,NA_HOST_NETWORK,NA_HOST_NETWORK,8413184/1760124928,phase4b
2026-08-09T23:35:57.522Z,D2,peer0.org2.example.com,10.21,539.41,15914.51,NA_HOST_NETWORK,NA_HOST_NETWORK,223277056/2745004032,phase4b
2026-08-09T23:35:57.596Z,D3,cc-unified,2.19,27.95,15823.57,NA_HOST_NETWORK,NA_HOST_NETWORK,3649536/430080,phase4b
2026-08-09T23:35:57.596Z,D3,orderer3.example.com,2.62,531.69,15823.57,NA_HOST_NETWORK,NA_HOST_NETWORK,1736704/1770893312,phase4b
2026-08-09T23:35:57.596Z,D3,peer0.org3.example.com,20.07,589.16,15823.57,NA_HOST_NETWORK,NA_HOST_NETWORK,120258560/1893715968,phase4b
2026-08-09T23:35:59.316Z,D1,cc-unified,2.89,27.72,7815.99,NA_HOST_NETWORK,NA_HOST_NETWORK,618496/0,phase4b
2026-08-09T23:35:59.316Z,D1,HARNESS_bench.js,13.6,134.93,7815.99,NA,NA,threads=11,phase4b
2026-08-09T23:35:59.316Z,D1,peer0.org1.example.com,47.28,585.75,7815.99,NA_HOST_NETWORK,NA_HOST_NETWORK,104714240/1845579776,phase4b
2026-08-09T23:35:59.587Z,D4,cc-unified,1.81,26.18,15823.56,NA_HOST_NETWORK,NA_HOST_NETWORK,159744/0,phase4b
2026-08-09T23:35:59.587Z,D4,orderer.example.com,7.39,1137.61,15823.56,NA_HOST_NETWORK,NA_HOST_NETWORK,460148736/1271791616,phase4b
2026-08-09T23:35:59.587Z,D4,peer0.org4.example.com,13.93,894.63,15823.56,NA_HOST_NETWORK,NA_HOST_NETWORK,76587008/1861402624,phase4b
2026-08-09T23:35:59.601Z,D2,cc-unified,0.91,23.30,15914.51,NA_HOST_NETWORK,NA_HOST_NETWORK,1605632/450560,phase4b
2026-08-09T23:35:59.601Z,D2,orderer2.example.com,2.13,448.59,15914.51,NA_HOST_NETWORK,NA_HOST_NETWORK,8413184/1760694272,phase4b
2026-08-09T23:35:59.601Z,D2,peer0.org2.example.com,14.19,539.31,15914.51,NA_HOST_NETWORK,NA_HOST_NETWORK,223277056/2745184256,phase4b
2026-08-09T23:35:59.757Z,D3,cc-unified,4.08,27.06,15823.57,NA_HOST_NETWORK,NA_HOST_NETWORK,3649536/430080,phase4b
2026-08-09T23:35:59.757Z,D3,orderer3.example.com,3.21,532.32,15823.57,NA_HOST_NETWORK,NA_HOST_NETWORK,1736704/1771532288,phase4b
2026-08-09T23:35:59.757Z,D3,peer0.org3.example.com,22.63,588.47,15823.57,NA_HOST_NETWORK,NA_HOST_NETWORK,120258560/1894227968,phase4b
2026-08-09T23:36:01.370Z,D1,cc-unified,0.96,27.68,7815.99,NA_HOST_NETWORK,NA_HOST_NETWORK,618496/0,phase4b
2026-08-09T23:36:01.370Z,D1,HARNESS_bench.js,13.5,135.16,7815.99,NA,NA,threads=11,phase4b
2026-08-09T23:36:01.370Z,D1,peer0.org1.example.com,20.47,585.11,7815.99,NA_HOST_NETWORK,NA_HOST_NETWORK,104714240/1845866496,phase4b
2026-08-09T23:36:01.634Z,D4,cc-unified,0.58,26.66,15823.56,NA_HOST_NETWORK,NA_HOST_NETWORK,159744/0,phase4b
2026-08-09T23:36:01.634Z,D4,orderer.example.com,2.85,1137.17,15823.56,NA_HOST_NETWORK,NA_HOST_NETWORK,460148736/1272213504,phase4b
2026-08-09T23:36:01.634Z,D4,peer0.org4.example.com,5.55,895.22,15823.56,NA_HOST_NETWORK,NA_HOST_NETWORK,76587008/1861750784,phase4b
2026-08-09T23:36:01.751Z,D2,cc-unified,0.70,23.27,15914.51,NA_HOST_NETWORK,NA_HOST_NETWORK,1605632/450560,phase4b
2026-08-09T23:36:01.751Z,D2,orderer2.example.com,2.38,449.35,15914.51,NA_HOST_NETWORK,NA_HOST_NETWORK,8413184/1761284096,phase4b
2026-08-09T23:36:01.751Z,D2,peer0.org2.example.com,16.02,539.25,15914.51,NA_HOST_NETWORK,NA_HOST_NETWORK,223277056/2745438208,phase4b
2026-08-09T23:36:01.924Z,D3,cc-unified,0.73,28.09,15823.57,NA_HOST_NETWORK,NA_HOST_NETWORK,3649536/430080,phase4b
2026-08-09T23:36:01.924Z,D3,orderer3.example.com,3.00,533.36,15823.57,NA_HOST_NETWORK,NA_HOST_NETWORK,1736704/1772027904,phase4b
2026-08-09T23:36:01.924Z,D3,peer0.org3.example.com,17.86,589.50,15823.57,NA_HOST_NETWORK,NA_HOST_NETWORK,120258560/1894629376,phase4b
2026-08-09T23:36:03.445Z,D1,cc-unified,2.14,28.48,7815.99,NA_HOST_NETWORK,NA_HOST_NETWORK,618496/0,phase4b
2026-08-09T23:36:03.445Z,D1,HARNESS_bench.js,13.5,135.19,7815.99,NA,NA,threads=11,phase4b
2026-08-09T23:36:03.445Z,D1,peer0.org1.example.com,24.77,586.45,7815.99,NA_HOST_NETWORK,NA_HOST_NETWORK,104714240/1846263808,phase4b
2026-08-09T23:36:03.686Z,D4,cc-unified,1.39,25.42,15823.56,NA_HOST_NETWORK,NA_HOST_NETWORK,159744/0,phase4b
2026-08-09T23:36:03.686Z,D4,orderer.example.com,8.19,1137.26,15823.56,NA_HOST_NETWORK,NA_HOST_NETWORK,460148736/1272631296,phase4b
2026-08-09T23:36:03.686Z,D4,peer0.org4.example.com,12.95,894.24,15823.56,NA_HOST_NETWORK,NA_HOST_NETWORK,76587008/1862107136,phase4b
2026-08-09T23:36:03.806Z,D2,cc-unified,0.89,23.32,15914.51,NA_HOST_NETWORK,NA_HOST_NETWORK,1605632/450560,phase4b
2026-08-09T23:36:03.806Z,D2,orderer2.example.com,2.56,449.30,15914.51,NA_HOST_NETWORK,NA_HOST_NETWORK,8413184/1761730560,phase4b
2026-08-09T23:36:03.806Z,D2,peer0.org2.example.com,11.20,539.61,15914.51,NA_HOST_NETWORK,NA_HOST_NETWORK,223277056/2745643008,phase4b
2026-08-09T23:36:04.079Z,D3,cc-unified,2.57,28.37,15823.57,NA_HOST_NETWORK,NA_HOST_NETWORK,3649536/430080,phase4b
2026-08-09T23:36:04.079Z,D3,orderer3.example.com,3.22,533.92,15823.57,NA_HOST_NETWORK,NA_HOST_NETWORK,1736704/1772490752,phase4b
2026-08-09T23:36:04.079Z,D3,peer0.org3.example.com,20.15,590.29,15823.57,NA_HOST_NETWORK,NA_HOST_NETWORK,120258560/1895030784,phase4b
2026-08-09T23:36:05.590Z,D1,cc-unified,0.95,27.38,7815.99,NA_HOST_NETWORK,NA_HOST_NETWORK,618496/0,phase4b
2026-08-09T23:36:05.590Z,D1,HARNESS_bench.js,3.8,135.19,7815.99,NA,NA,threads=11,phase4b
2026-08-09T23:36:05.590Z,D1,peer0.org1.example.com,27.34,586.22,7815.99,NA_HOST_NETWORK,NA_HOST_NETWORK,104714240/1846677504,phase4b
2026-08-09T23:36:05.826Z,D4,cc-unified,0.80,26.66,15823.56,NA_HOST_NETWORK,NA_HOST_NETWORK,159744/0,phase4b
2026-08-09T23:36:05.826Z,D4,orderer.example.com,2.25,1138.33,15823.56,NA_HOST_NETWORK,NA_HOST_NETWORK,460148736/1272774656,phase4b
2026-08-09T23:36:05.826Z,D4,peer0.org4.example.com,4.89,894.56,15823.56,NA_HOST_NETWORK,NA_HOST_NETWORK,76587008/1862234112,phase4b
2026-08-09T23:36:05.868Z,D2,cc-unified,0.09,23.34,15914.51,NA_HOST_NETWORK,NA_HOST_NETWORK,1605632/450560,phase4b
2026-08-09T23:36:05.868Z,D2,orderer2.example.com,1.43,449.53,15914.51,NA_HOST_NETWORK,NA_HOST_NETWORK,8413184/1761878016,phase4b
2026-08-09T23:36:05.868Z,D2,peer0.org2.example.com,13.96,540.12,15914.51,NA_HOST_NETWORK,NA_HOST_NETWORK,223277056/2745913344,phase4b
2026-08-09T23:36:06.146Z,D3,cc-unified,0.00,26.89,15823.57,NA_HOST_NETWORK,NA_HOST_NETWORK,3649536/430080,phase4b
2026-08-09T23:36:06.146Z,D3,orderer3.example.com,1.65,532.82,15823.57,NA_HOST_NETWORK,NA_HOST_NETWORK,1736704/1772519424,phase4b
2026-08-09T23:36:06.146Z,D3,peer0.org3.example.com,6.96,589.09,15823.57,NA_HOST_NETWORK,NA_HOST_NETWORK,120258560/1895055360,phase4b
2026-08-09T23:36:07.810Z,D1,cc-unified,0.00,26.40,7815.99,NA_HOST_NETWORK,NA_HOST_NETWORK,618496/0,phase4b
2026-08-09T23:36:07.810Z,D1,HARNESS_bench.js,1.4,135.19,7815.99,NA,NA,threads=11,phase4b
2026-08-09T23:36:07.810Z,D1,peer0.org1.example.com,18.08,586.63,7815.99,NA_HOST_NETWORK,NA_HOST_NETWORK,104714240/1847173120,phase4b
2026-08-09T23:36:07.929Z,D4,cc-unified,0.00,25.44,15823.56,NA_HOST_NETWORK,NA_HOST_NETWORK,159744/0,phase4b
2026-08-09T23:36:07.929Z,D4,orderer.example.com,2.60,1138.39,15823.56,NA_HOST_NETWORK,NA_HOST_NETWORK,460148736/1272774656,phase4b
2026-08-09T23:36:07.929Z,D4,peer0.org4.example.com,3.44,894.80,15823.56,NA_HOST_NETWORK,NA_HOST_NETWORK,76587008/1862234112,phase4b
2026-08-09T23:36:07.943Z,D2,cc-unified,0.00,23.34,15914.51,NA_HOST_NETWORK,NA_HOST_NETWORK,1605632/450560,phase4b
2026-08-09T23:36:07.943Z,D2,orderer2.example.com,1.01,449.54,15914.51,NA_HOST_NETWORK,NA_HOST_NETWORK,8413184/1761878016,phase4b
2026-08-09T23:36:07.943Z,D2,peer0.org2.example.com,18.35,539.71,15914.51,NA_HOST_NETWORK,NA_HOST_NETWORK,223277056/2746343424,phase4b
2026-08-09T23:36:08.310Z,D3,cc-unified,0.00,26.88,15823.57,NA_HOST_NETWORK,NA_HOST_NETWORK,3649536/430080,phase4b
2026-08-09T23:36:08.310Z,D3,orderer3.example.com,1.77,533.32,15823.57,NA_HOST_NETWORK,NA_HOST_NETWORK,1736704/1772519424,phase4b
2026-08-09T23:36:08.310Z,D3,peer0.org3.example.com,6.57,590.27,15823.57,NA_HOST_NETWORK,NA_HOST_NETWORK,120258560/1895055360,phase4b
2026-08-09T23:36:09.883Z,D1,cc-unified,0.00,26.40,7815.99,NA_HOST_NETWORK,NA_HOST_NETWORK,618496/0,phase4b
2026-08-09T23:36:09.883Z,D1,HARNESS_bench.js,0.9,135.19,7815.99,NA,NA,threads=11,phase4b
2026-08-09T23:36:09.883Z,D1,peer0.org1.example.com,18.54,587.70,7815.99,NA_HOST_NETWORK,NA_HOST_NETWORK,104714240/1847595008,phase4b
2026-08-09T23:36:10.011Z,D4,cc-unified,0.00,25.44,15823.56,NA_HOST_NETWORK,NA_HOST_NETWORK,159744/0,phase4b
2026-08-09T23:36:10.011Z,D4,orderer.example.com,2.80,1138.06,15823.56,NA_HOST_NETWORK,NA_HOST_NETWORK,460148736/1272774656,phase4b
2026-08-09T23:36:10.011Z,D4,peer0.org4.example.com,3.97,894.30,15823.56,NA_HOST_NETWORK,NA_HOST_NETWORK,76587008/1862234112,phase4b
2026-08-09T23:36:10.025Z,D2,cc-unified,0.00,23.34,15914.51,NA_HOST_NETWORK,NA_HOST_NETWORK,1605632/450560,phase4b
2026-08-09T23:36:10.025Z,D2,orderer2.example.com,1.07,449.79,15914.51,NA_HOST_NETWORK,NA_HOST_NETWORK,8413184/1761878016,phase4b
2026-08-09T23:36:10.025Z,D2,peer0.org2.example.com,12.99,540.01,15914.51,NA_HOST_NETWORK,NA_HOST_NETWORK,223277056/2746785792,phase4b
2026-08-09T23:36:10.476Z,D3,cc-unified,0.00,26.88,15823.57,NA_HOST_NETWORK,NA_HOST_NETWORK,3649536/430080,phase4b
2026-08-09T23:36:10.476Z,D3,orderer3.example.com,1.59,533.29,15823.57,NA_HOST_NETWORK,NA_HOST_NETWORK,1736704/1772519424,phase4b
2026-08-09T23:36:10.476Z,D3,peer0.org3.example.com,6.61,588.74,15823.57,NA_HOST_NETWORK,NA_HOST_NETWORK,120258560/1895055360,phase4b
2026-08-09T23:36:12.027Z,D1,cc-unified,0.00,26.40,7815.99,NA_HOST_NETWORK,NA_HOST_NETWORK,618496/0,phase4b
2026-08-09T23:36:12.027Z,D1,HARNESS_bench.js,1.0,135.19,7815.99,NA,NA,threads=11,phase4b
2026-08-09T23:36:12.027Z,D1,peer0.org1.example.com,22.11,587.23,7815.99,NA_HOST_NETWORK,NA_HOST_NETWORK,104714240/1848020992,phase4b
2026-08-09T23:36:12.106Z,D2,cc-unified,0.00,23.34,15914.51,NA_HOST_NETWORK,NA_HOST_NETWORK,1605632/450560,phase4b
2026-08-09T23:36:12.106Z,D2,orderer2.example.com,0.98,449.54,15914.51,NA_HOST_NETWORK,NA_HOST_NETWORK,8413184/1761878016,phase4b
2026-08-09T23:36:12.106Z,D2,peer0.org2.example.com,16.33,540.05,15914.51,NA_HOST_NETWORK,NA_HOST_NETWORK,223277056/2747199488,phase4b
2026-08-09T23:36:12.163Z,D4,cc-unified,0.00,25.44,15823.56,NA_HOST_NETWORK,NA_HOST_NETWORK,159744/0,phase4b
2026-08-09T23:36:12.163Z,D4,orderer.example.com,1.32,1138.41,15823.56,NA_HOST_NETWORK,NA_HOST_NETWORK,460148736/1272774656,phase4b
2026-08-09T23:36:12.163Z,D4,peer0.org4.example.com,1.36,894.80,15823.56,NA_HOST_NETWORK,NA_HOST_NETWORK,76587008/1862234112,phase4b
2026-08-09T23:36:12.581Z,D3,cc-unified,0.00,26.88,15823.57,NA_HOST_NETWORK,NA_HOST_NETWORK,3649536/430080,phase4b
2026-08-09T23:36:12.581Z,D3,orderer3.example.com,1.58,533.07,15823.57,NA_HOST_NETWORK,NA_HOST_NETWORK,1736704/1772519424,phase4b
2026-08-09T23:36:12.581Z,D3,peer0.org3.example.com,7.40,589.24,15823.57,NA_HOST_NETWORK,NA_HOST_NETWORK,120258560/1895055360,phase4b
2026-08-09T23:36:14.121Z,D1,cc-unified,0.00,26.40,7815.99,NA_HOST_NETWORK,NA_HOST_NETWORK,618496/0,phase4b
2026-08-09T23:36:14.121Z,D1,HARNESS_bench.js,0.5,135.19,7815.99,NA,NA,threads=11,phase4b
2026-08-09T23:36:14.121Z,D1,peer0.org1.example.com,10.92,585.36,7815.99,NA_HOST_NETWORK,NA_HOST_NETWORK,104714240/1848377344,phase4b
2026-08-09T23:36:14.171Z,D2,cc-unified,0.00,23.34,15914.51,NA_HOST_NETWORK,NA_HOST_NETWORK,1605632/450560,phase4b
2026-08-09T23:36:14.171Z,D2,orderer2.example.com,1.08,449.54,15914.51,NA_HOST_NETWORK,NA_HOST_NETWORK,8413184/1761878016,phase4b
2026-08-09T23:36:14.171Z,D2,peer0.org2.example.com,17.44,540.80,15914.51,NA_HOST_NETWORK,NA_HOST_NETWORK,223277056/2747650048,phase4b
2026-08-09T23:36:14.207Z,D4,cc-unified,0.00,25.44,15823.56,NA_HOST_NETWORK,NA_HOST_NETWORK,159744/0,phase4b
2026-08-09T23:36:14.207Z,D4,orderer.example.com,1.92,1137.96,15823.56,NA_HOST_NETWORK,NA_HOST_NETWORK,460148736/1272774656,phase4b
2026-08-09T23:36:14.207Z,D4,peer0.org4.example.com,2.32,893.82,15823.56,NA_HOST_NETWORK,NA_HOST_NETWORK,76587008/1862234112,phase4b
2026-08-09T23:36:14.789Z,D3,cc-unified,0.00,26.88,15823.57,NA_HOST_NETWORK,NA_HOST_NETWORK,3649536/430080,phase4b
2026-08-09T23:36:14.789Z,D3,orderer3.example.com,1.55,533.31,15823.57,NA_HOST_NETWORK,NA_HOST_NETWORK,1736704/1772519424,phase4b
2026-08-09T23:36:14.789Z,D3,peer0.org3.example.com,6.32,589.90,15823.57,NA_HOST_NETWORK,NA_HOST_NETWORK,120258560/1895055360,phase4b
2026-08-09T23:36:16.171Z,D1,cc-unified,0.00,26.40,7815.99,NA_HOST_NETWORK,NA_HOST_NETWORK,618496/0,phase4b
2026-08-09T23:36:16.171Z,D1,HARNESS_bench.js,0.9,135.19,7815.99,NA,NA,threads=11,phase4b
2026-08-09T23:36:16.171Z,D1,peer0.org1.example.com,16.50,586.02,7815.99,NA_HOST_NETWORK,NA_HOST_NETWORK,104714240/1848803328,phase4b
2026-08-09T23:36:16.253Z,D4,cc-unified,0.00,25.44,15823.56,NA_HOST_NETWORK,NA_HOST_NETWORK,159744/0,phase4b
2026-08-09T23:36:16.253Z,D4,orderer.example.com,1.08,1137.61,15823.56,NA_HOST_NETWORK,NA_HOST_NETWORK,460148736/1272774656,phase4b
2026-08-09T23:36:16.253Z,D4,peer0.org4.example.com,1.26,893.82,15823.56,NA_HOST_NETWORK,NA_HOST_NETWORK,76587008/1862234112,phase4b
2026-08-09T23:36:16.256Z,D2,cc-unified,0.00,23.34,15914.51,NA_HOST_NETWORK,NA_HOST_NETWORK,1605632/450560,phase4b
2026-08-09T23:36:16.256Z,D2,orderer2.example.com,1.04,449.78,15914.51,NA_HOST_NETWORK,NA_HOST_NETWORK,8413184/1761878016,phase4b
2026-08-09T23:36:16.256Z,D2,peer0.org2.example.com,8.89,540.88,15914.51,NA_HOST_NETWORK,NA_HOST_NETWORK,223277056/2747961344,phase4b
2026-08-09T23:36:16.837Z,D3,cc-unified,0.00,26.88,15823.57,NA_HOST_NETWORK,NA_HOST_NETWORK,3649536/430080,phase4b
2026-08-09T23:36:16.837Z,D3,orderer3.example.com,1.69,533.07,15823.57,NA_HOST_NETWORK,NA_HOST_NETWORK,1736704/1772519424,phase4b
2026-08-09T23:36:16.837Z,D3,peer0.org3.example.com,7.08,589.49,15823.57,NA_HOST_NETWORK,NA_HOST_NETWORK,120258560/1895055360,phase4b
2026-08-09T23:36:18.292Z,D1,cc-unified,0.00,26.40,7815.99,NA_HOST_NETWORK,NA_HOST_NETWORK,618496/0,phase4b
2026-08-09T23:36:18.292Z,D1,HARNESS_bench.js,10.3,90.43,7815.99,NA,NA,threads=11,phase4b
2026-08-09T23:36:18.292Z,D1,peer0.org1.example.com,19.41,586.80,7815.99,NA_HOST_NETWORK,NA_HOST_NETWORK,104714240/1849225216,phase4b
2026-08-09T23:36:18.340Z,D2,cc-unified,0.00,23.34,15914.51,NA_HOST_NETWORK,NA_HOST_NETWORK,1605632/450560,phase4b
2026-08-09T23:36:18.340Z,D2,orderer2.example.com,1.05,449.77,15914.51,NA_HOST_NETWORK,NA_HOST_NETWORK,8413184/1761878016,phase4b
2026-08-09T23:36:18.340Z,D2,peer0.org2.example.com,17.55,540.84,15914.51,NA_HOST_NETWORK,NA_HOST_NETWORK,223277056/2748346368,phase4b
2026-08-09T23:36:18.386Z,D4,cc-unified,0.00,25.44,15823.56,NA_HOST_NETWORK,NA_HOST_NETWORK,159744/0,phase4b
2026-08-09T23:36:18.386Z,D4,orderer.example.com,1.71,1138.49,15823.56,NA_HOST_NETWORK,NA_HOST_NETWORK,460148736/1272774656,phase4b
2026-08-09T23:36:18.386Z,D4,peer0.org4.example.com,2.37,893.82,15823.56,NA_HOST_NETWORK,NA_HOST_NETWORK,76587008/1862234112,phase4b
2026-08-09T23:36:19.000Z,D3,cc-unified,0.00,26.88,15823.57,NA_HOST_NETWORK,NA_HOST_NETWORK,3649536/430080,phase4b
2026-08-09T23:36:19.000Z,D3,orderer3.example.com,1.76,533.30,15823.57,NA_HOST_NETWORK,NA_HOST_NETWORK,1736704/1772519424,phase4b
2026-08-09T23:36:19.000Z,D3,peer0.org3.example.com,6.88,590.22,15823.57,NA_HOST_NETWORK,NA_HOST_NETWORK,120258560/1895055360,phase4b
2026-08-09T23:36:20.423Z,D2,cc-unified,0.00,23.34,15914.51,NA_HOST_NETWORK,NA_HOST_NETWORK,1605632/450560,phase4b
2026-08-09T23:36:20.423Z,D2,orderer2.example.com,1.03,449.54,15914.51,NA_HOST_NETWORK,NA_HOST_NETWORK,8413184/1761878016,phase4b
2026-08-09T23:36:20.423Z,D2,peer0.org2.example.com,14.49,541.26,15914.51,NA_HOST_NETWORK,NA_HOST_NETWORK,223277056/2748776448,phase4b
2026-08-09T23:36:20.431Z,D1,cc-unified,0.00,26.40,7815.99,NA_HOST_NETWORK,NA_HOST_NETWORK,618496/0,phase4b
2026-08-09T23:36:20.431Z,D1,HARNESS_bench.js,1.0,90.86,7815.99,NA,NA,threads=11,phase4b
2026-08-09T23:36:20.431Z,D1,peer0.org1.example.com,11.38,587.87,7815.99,NA_HOST_NETWORK,NA_HOST_NETWORK,104714240/1849548800,phase4b
2026-08-09T23:36:20.436Z,D4,cc-unified,0.00,25.44,15823.56,NA_HOST_NETWORK,NA_HOST_NETWORK,159744/0,phase4b
2026-08-09T23:36:20.436Z,D4,orderer.example.com,1.68,1138.09,15823.56,NA_HOST_NETWORK,NA_HOST_NETWORK,460148736/1272774656,phase4b
2026-08-09T23:36:20.436Z,D4,peer0.org4.example.com,2.10,894.06,15823.56,NA_HOST_NETWORK,NA_HOST_NETWORK,76587008/1862234112,phase4b
2026-08-09T23:36:21.164Z,D3,cc-unified,0.00,26.88,15823.57,NA_HOST_NETWORK,NA_HOST_NETWORK,3649536/430080,phase4b
2026-08-09T23:36:21.164Z,D3,orderer3.example.com,1.56,533.28,15823.57,NA_HOST_NETWORK,NA_HOST_NETWORK,1736704/1772519424,phase4b
2026-08-09T23:36:21.164Z,D3,peer0.org3.example.com,6.57,589.91,15823.57,NA_HOST_NETWORK,NA_HOST_NETWORK,120258560/1895055360,phase4b
2026-08-09T23:36:22.507Z,D1,cc-unified,0.00,26.40,7815.99,NA_HOST_NETWORK,NA_HOST_NETWORK,618496/0,phase4b
2026-08-09T23:36:22.507Z,D1,HARNESS_bench.js,1.4,90.80,7815.99,NA,NA,threads=11,phase4b
2026-08-09T23:36:22.507Z,D1,peer0.org1.example.com,14.09,587.90,7815.99,NA_HOST_NETWORK,NA_HOST_NETWORK,104714240/1849950208,phase4b
2026-08-09T23:36:22.585Z,D2,cc-unified,0.00,23.34,15914.51,NA_HOST_NETWORK,NA_HOST_NETWORK,1605632/450560,phase4b
2026-08-09T23:36:22.585Z,D2,orderer2.example.com,1.04,449.05,15914.51,NA_HOST_NETWORK,NA_HOST_NETWORK,8413184/1761878016,phase4b
2026-08-09T23:36:22.585Z,D2,peer0.org2.example.com,7.91,541.55,15914.51,NA_HOST_NETWORK,NA_HOST_NETWORK,223277056/2749050880,phase4b
2026-08-09T23:36:22.589Z,D4,cc-unified,0.00,25.44,15823.56,NA_HOST_NETWORK,NA_HOST_NETWORK,159744/0,phase4b
2026-08-09T23:36:22.589Z,D4,orderer.example.com,2.83,1138.06,15823.56,NA_HOST_NETWORK,NA_HOST_NETWORK,460148736/1272774656,phase4b
2026-08-09T23:36:22.589Z,D4,peer0.org4.example.com,3.12,894.31,15823.56,NA_HOST_NETWORK,NA_HOST_NETWORK,76587008/1862234112,phase4b
2026-08-09T23:36:23.335Z,D3,cc-unified,0.00,26.88,15823.57,NA_HOST_NETWORK,NA_HOST_NETWORK,3649536/430080,phase4b
2026-08-09T23:36:23.335Z,D3,orderer3.example.com,1.65,534.30,15823.57,NA_HOST_NETWORK,NA_HOST_NETWORK,1736704/1772519424,phase4b
2026-08-09T23:36:23.335Z,D3,peer0.org3.example.com,5.72,589.81,15823.57,NA_HOST_NETWORK,NA_HOST_NETWORK,120258560/1895055360,phase4b
2026-08-09T23:36:24.643Z,D2,cc-unified,0.00,23.34,15914.51,NA_HOST_NETWORK,NA_HOST_NETWORK,1605632/450560,phase4b
2026-08-09T23:36:24.643Z,D2,orderer2.example.com,0.99,449.05,15914.51,NA_HOST_NETWORK,NA_HOST_NETWORK,8413184/1761878016,phase4b
2026-08-09T23:36:24.643Z,D2,peer0.org2.example.com,17.43,541.67,15914.51,NA_HOST_NETWORK,NA_HOST_NETWORK,223277056/2749456384,phase4b
2026-08-09T23:36:24.651Z,D1,cc-unified,0.01,26.40,7815.99,NA_HOST_NETWORK,NA_HOST_NETWORK,618496/0,phase4b
2026-08-09T23:36:24.651Z,D1,HARNESS_bench.js,1.4,90.27,7815.99,NA,NA,threads=11,phase4b
2026-08-09T23:36:24.651Z,D1,peer0.org1.example.com,20.83,588.02,7815.99,NA_HOST_NETWORK,NA_HOST_NETWORK,104714240/1850433536,phase4b
2026-08-09T23:36:24.747Z,D4,cc-unified,0.01,25.44,15823.56,NA_HOST_NETWORK,NA_HOST_NETWORK,159744/0,phase4b
2026-08-09T23:36:24.747Z,D4,orderer.example.com,0.99,1137.57,15823.56,NA_HOST_NETWORK,NA_HOST_NETWORK,460148736/1272774656,phase4b
2026-08-09T23:36:24.747Z,D4,peer0.org4.example.com,1.87,895.30,15823.56,NA_HOST_NETWORK,NA_HOST_NETWORK,76587008/1862234112,phase4b
2026-08-09T23:36:25.492Z,D3,cc-unified,0.05,26.88,15823.57,NA_HOST_NETWORK,NA_HOST_NETWORK,3649536/430080,phase4b
2026-08-09T23:36:25.492Z,D3,orderer3.example.com,1.46,533.79,15823.57,NA_HOST_NETWORK,NA_HOST_NETWORK,1736704/1772519424,phase4b
2026-08-09T23:36:25.492Z,D3,peer0.org3.example.com,6.97,589.61,15823.57,NA_HOST_NETWORK,NA_HOST_NETWORK,120258560/1895055360,phase4b
2026-08-09T23:36:26.731Z,D2,cc-unified,0.03,23.34,15914.51,NA_HOST_NETWORK,NA_HOST_NETWORK,1605632/450560,phase4b
2026-08-09T23:36:26.731Z,D2,orderer2.example.com,0.99,449.78,15914.51,NA_HOST_NETWORK,NA_HOST_NETWORK,8413184/1761878016,phase4b
2026-08-09T23:36:26.731Z,D2,peer0.org2.example.com,13.95,542.07,15914.51,NA_HOST_NETWORK,NA_HOST_NETWORK,223277056/2749734912,phase4b
2026-08-09T23:36:26.773Z,D1,cc-unified,0.00,26.40,7815.99,NA_HOST_NETWORK,NA_HOST_NETWORK,618496/0,phase4b
2026-08-09T23:36:26.773Z,D1,HARNESS_bench.js,2.0,90.13,7815.99,NA,NA,threads=11,phase4b
2026-08-09T23:36:26.773Z,D1,peer0.org1.example.com,11.26,587.52,7815.99,NA_HOST_NETWORK,NA_HOST_NETWORK,104714240/1850785792,phase4b
2026-08-09T23:36:26.791Z,D4,cc-unified,0.00,25.44,15823.56,NA_HOST_NETWORK,NA_HOST_NETWORK,159744/0,phase4b
2026-08-09T23:36:26.791Z,D4,orderer.example.com,2.15,1137.61,15823.56,NA_HOST_NETWORK,NA_HOST_NETWORK,460148736/1272774656,phase4b
2026-08-09T23:36:26.791Z,D4,peer0.org4.example.com,2.00,893.32,15823.56,NA_HOST_NETWORK,NA_HOST_NETWORK,76587008/1862234112,phase4b
2026-08-09T23:36:27.658Z,D3,cc-unified,0.00,26.88,15823.57,NA_HOST_NETWORK,NA_HOST_NETWORK,3649536/430080,phase4b
2026-08-09T23:36:27.658Z,D3,orderer3.example.com,1.73,533.31,15823.57,NA_HOST_NETWORK,NA_HOST_NETWORK,1736704/1772519424,phase4b
2026-08-09T23:36:27.658Z,D3,peer0.org3.example.com,5.76,589.12,15823.57,NA_HOST_NETWORK,NA_HOST_NETWORK,120258560/1895055360,phase4b
2026-08-09T23:36:28.808Z,D2,cc-unified,0.00,23.34,15914.51,NA_HOST_NETWORK,NA_HOST_NETWORK,1605632/450560,phase4b
2026-08-09T23:36:28.808Z,D2,orderer2.example.com,1.03,449.79,15914.51,NA_HOST_NETWORK,NA_HOST_NETWORK,8413184/1761878016,phase4b
2026-08-09T23:36:28.808Z,D2,peer0.org2.example.com,14.44,541.76,15914.51,NA_HOST_NETWORK,NA_HOST_NETWORK,223277056/2750160896,phase4b
2026-08-09T23:36:28.916Z,D4,cc-unified,0.00,25.44,15823.56,NA_HOST_NETWORK,NA_HOST_NETWORK,159744/0,phase4b
2026-08-09T23:36:28.916Z,D4,orderer.example.com,1.24,1137.83,15823.56,NA_HOST_NETWORK,NA_HOST_NETWORK,460148736/1272774656,phase4b
2026-08-09T23:36:28.916Z,D4,peer0.org4.example.com,2.33,893.82,15823.56,NA_HOST_NETWORK,NA_HOST_NETWORK,76587008/1862234112,phase4b
2026-08-09T23:36:28.944Z,D1,cc-unified,0.00,26.40,7815.99,NA_HOST_NETWORK,NA_HOST_NETWORK,618496/0,phase4b
2026-08-09T23:36:28.944Z,D1,HARNESS_bench.js,0.9,90.42,7815.99,NA,NA,threads=11,phase4b
2026-08-09T23:36:28.944Z,D1,peer0.org1.example.com,11.98,587.72,7815.99,NA_HOST_NETWORK,NA_HOST_NETWORK,104714240/1851097088,phase4b
2026-08-09T23:36:29.703Z,D3,cc-unified,0.00,26.88,15823.57,NA_HOST_NETWORK,NA_HOST_NETWORK,3649536/430080,phase4b
2026-08-09T23:36:29.703Z,D3,orderer3.example.com,1.62,532.81,15823.57,NA_HOST_NETWORK,NA_HOST_NETWORK,1736704/1772519424,phase4b
2026-08-09T23:36:29.703Z,D3,peer0.org3.example.com,7.95,591.31,15823.57,NA_HOST_NETWORK,NA_HOST_NETWORK,120258560/1895055360,phase4b
2026-08-09T23:36:30.878Z,D2,cc-unified,0.00,23.34,15914.51,NA_HOST_NETWORK,NA_HOST_NETWORK,1605632/450560,phase4b
2026-08-09T23:36:30.878Z,D2,orderer2.example.com,1.09,449.29,15914.51,NA_HOST_NETWORK,NA_HOST_NETWORK,8413184/1761878016,phase4b
2026-08-09T23:36:30.878Z,D2,peer0.org2.example.com,11.15,542.10,15914.51,NA_HOST_NETWORK,NA_HOST_NETWORK,223277056/2750361600,phase4b
2026-08-09T23:36:30.966Z,D4,cc-unified,0.00,25.44,15823.56,NA_HOST_NETWORK,NA_HOST_NETWORK,159744/0,phase4b
2026-08-09T23:36:30.966Z,D4,orderer.example.com,1.15,1137.84,15823.56,NA_HOST_NETWORK,NA_HOST_NETWORK,460148736/1272774656,phase4b
2026-08-09T23:36:30.966Z,D4,peer0.org4.example.com,1.11,893.32,15823.56,NA_HOST_NETWORK,NA_HOST_NETWORK,76587008/1862234112,phase4b
2026-08-09T23:36:31.042Z,D1,cc-unified,0.00,26.40,7815.99,NA_HOST_NETWORK,NA_HOST_NETWORK,618496/0,phase4b
2026-08-09T23:36:31.042Z,D1,HARNESS_bench.js,0.5,89.91,7815.99,NA,NA,threads=11,phase4b
2026-08-09T23:36:31.042Z,D1,peer0.org1.example.com,7.24,587.52,7815.99,NA_HOST_NETWORK,NA_HOST_NETWORK,104714240/1851129856,phase4b
2026-08-09T23:36:31.759Z,D3,cc-unified,0.00,26.88,15823.57,NA_HOST_NETWORK,NA_HOST_NETWORK,3649536/430080,phase4b
2026-08-09T23:36:31.759Z,D3,orderer3.example.com,2.06,533.30,15823.57,NA_HOST_NETWORK,NA_HOST_NETWORK,1736704/1772519424,phase4b
2026-08-09T23:36:31.759Z,D3,peer0.org3.example.com,8.89,599.90,15823.57,NA_HOST_NETWORK,NA_HOST_NETWORK,120258560/1895055360,phase4b
2026-08-09T23:36:32.962Z,D2,cc-unified,0.00,23.34,15914.51,NA_HOST_NETWORK,NA_HOST_NETWORK,1605632/450560,phase4b
2026-08-09T23:36:32.962Z,D2,orderer2.example.com,1.31,449.54,15914.51,NA_HOST_NETWORK,NA_HOST_NETWORK,8413184/1761878016,phase4b
2026-08-09T23:36:32.962Z,D2,peer0.org2.example.com,15.77,542.57,15914.51,NA_HOST_NETWORK,NA_HOST_NETWORK,223277056/2750730240,phase4b
2026-08-09T23:36:33.012Z,D4,cc-unified,0.00,25.44,15823.56,NA_HOST_NETWORK,NA_HOST_NETWORK,159744/0,phase4b
2026-08-09T23:36:33.012Z,D4,orderer.example.com,2.00,1137.11,15823.56,NA_HOST_NETWORK,NA_HOST_NETWORK,460148736/1272774656,phase4b
2026-08-09T23:36:33.012Z,D4,peer0.org4.example.com,3.06,894.07,15823.56,NA_HOST_NETWORK,NA_HOST_NETWORK,76587008/1862234112,phase4b
2026-08-09T23:36:33.091Z,D1,cc-unified,0.00,26.40,7815.99,NA_HOST_NETWORK,NA_HOST_NETWORK,618496/0,phase4b
2026-08-09T23:36:33.091Z,D1,HARNESS_bench.js,0.5,89.98,7815.99,NA,NA,threads=11,phase4b
2026-08-09T23:36:33.091Z,D1,peer0.org1.example.com,3.17,586.76,7815.99,NA_HOST_NETWORK,NA_HOST_NETWORK,104714240/1851129856,phase4b
2026-08-09T23:36:33.805Z,D3,cc-unified,0.00,26.88,15823.57,NA_HOST_NETWORK,NA_HOST_NETWORK,3649536/430080,phase4b
2026-08-09T23:36:33.805Z,D3,orderer3.example.com,1.79,533.54,15823.57,NA_HOST_NETWORK,NA_HOST_NETWORK,1736704/1772519424,phase4b
2026-08-09T23:36:33.805Z,D3,peer0.org3.example.com,8.63,589.86,15823.57,NA_HOST_NETWORK,NA_HOST_NETWORK,120258560/1895055360,phase4b
2026-08-09T23:36:35.042Z,D2,cc-unified,0.00,23.34,15914.51,NA_HOST_NETWORK,NA_HOST_NETWORK,1605632/450560,phase4b
2026-08-09T23:36:35.042Z,D2,orderer2.example.com,1.19,449.55,15914.51,NA_HOST_NETWORK,NA_HOST_NETWORK,8413184/1761878016,phase4b
2026-08-09T23:36:35.042Z,D2,peer0.org2.example.com,10.86,543.00,15914.51,NA_HOST_NETWORK,NA_HOST_NETWORK,223277056/2751090688,phase4b
2026-08-09T23:36:35.065Z,D4,cc-unified,0.00,25.44,15823.56,NA_HOST_NETWORK,NA_HOST_NETWORK,159744/0,phase4b
2026-08-09T23:36:35.065Z,D4,orderer.example.com,3.13,1137.63,15823.56,NA_HOST_NETWORK,NA_HOST_NETWORK,460148736/1272774656,phase4b
2026-08-09T23:36:35.065Z,D4,peer0.org4.example.com,3.76,894.32,15823.56,NA_HOST_NETWORK,NA_HOST_NETWORK,76587008/1862234112,phase4b
2026-08-09T23:36:35.152Z,D1,cc-unified,0.00,26.40,7815.99,NA_HOST_NETWORK,NA_HOST_NETWORK,618496/0,phase4b
2026-08-09T23:36:35.152Z,D1,HARNESS_bench.js,0.9,90.02,7815.99,NA,NA,threads=11,phase4b
2026-08-09T23:36:35.152Z,D1,peer0.org1.example.com,2.40,587.52,7815.99,NA_HOST_NETWORK,NA_HOST_NETWORK,104714240/1851129856,phase4b
2026-08-09T23:36:35.898Z,D3,cc-unified,0.00,26.88,15823.57,NA_HOST_NETWORK,NA_HOST_NETWORK,3649536/430080,phase4b
2026-08-09T23:36:35.898Z,D3,orderer3.example.com,2.12,532.57,15823.57,NA_HOST_NETWORK,NA_HOST_NETWORK,1736704/1772519424,phase4b
2026-08-09T23:36:35.898Z,D3,peer0.org3.example.com,6.55,590.22,15823.57,NA_HOST_NETWORK,NA_HOST_NETWORK,120258560/1895055360,phase4b
2026-08-09T23:36:37.125Z,D2,cc-unified,0.00,23.34,15914.51,NA_HOST_NETWORK,NA_HOST_NETWORK,1605632/450560,phase4b
2026-08-09T23:36:37.125Z,D2,orderer2.example.com,1.31,449.75,15914.51,NA_HOST_NETWORK,NA_HOST_NETWORK,8413184/1761878016,phase4b
2026-08-09T23:36:37.125Z,D2,peer0.org2.example.com,16.09,543.01,15914.51,NA_HOST_NETWORK,NA_HOST_NETWORK,223277056/2751471616,phase4b
2026-08-09T23:36:37.201Z,D4,cc-unified,0.00,25.44,15823.56,NA_HOST_NETWORK,NA_HOST_NETWORK,159744/0,phase4b
2026-08-09T23:36:37.201Z,D4,orderer.example.com,1.43,1139.09,15823.56,NA_HOST_NETWORK,NA_HOST_NETWORK,460148736/1272774656,phase4b
2026-08-09T23:36:37.201Z,D4,peer0.org4.example.com,2.47,894.81,15823.56,NA_HOST_NETWORK,NA_HOST_NETWORK,76587008/1862234112,phase4b
2026-08-09T23:36:37.272Z,D1,cc-unified,0.00,26.40,7815.99,NA_HOST_NETWORK,NA_HOST_NETWORK,618496/0,phase4b
2026-08-09T23:36:37.272Z,D1,HARNESS_bench.js,0.0,90.08,7815.99,NA,NA,threads=11,phase4b
2026-08-09T23:36:37.272Z,D1,peer0.org1.example.com,6.15,587.36,7815.99,NA_HOST_NETWORK,NA_HOST_NETWORK,104714240/1851129856,phase4b
2026-08-09T23:36:37.943Z,D3,cc-unified,0.00,26.88,15823.57,NA_HOST_NETWORK,NA_HOST_NETWORK,3649536/430080,phase4b
2026-08-09T23:36:37.943Z,D3,orderer3.example.com,1.79,532.80,15823.57,NA_HOST_NETWORK,NA_HOST_NETWORK,1736704/1772519424,phase4b
2026-08-09T23:36:37.943Z,D3,peer0.org3.example.com,8.06,589.12,15823.57,NA_HOST_NETWORK,NA_HOST_NETWORK,120258560/1895055360,phase4b
2026-08-09T23:36:39.210Z,D2,cc-unified,0.00,23.34,15914.51,NA_HOST_NETWORK,NA_HOST_NETWORK,1605632/450560,phase4b
2026-08-09T23:36:39.210Z,D2,orderer2.example.com,1.23,449.79,15914.51,NA_HOST_NETWORK,NA_HOST_NETWORK,8413184/1761878016,phase4b
2026-08-09T23:36:39.210Z,D2,peer0.org2.example.com,15.79,543.00,15914.51,NA_HOST_NETWORK,NA_HOST_NETWORK,223277056/2751848448,phase4b
2026-08-09T23:36:39.250Z,D4,cc-unified,0.00,25.44,15823.56,NA_HOST_NETWORK,NA_HOST_NETWORK,159744/0,phase4b
2026-08-09T23:36:39.250Z,D4,orderer.example.com,2.38,1137.65,15823.56,NA_HOST_NETWORK,NA_HOST_NETWORK,460148736/1272774656,phase4b
2026-08-09T23:36:39.250Z,D4,peer0.org4.example.com,3.41,894.55,15823.56,NA_HOST_NETWORK,NA_HOST_NETWORK,76587008/1862234112,phase4b
2026-08-09T23:36:39.344Z,D1,cc-unified,0.00,26.40,7815.99,NA_HOST_NETWORK,NA_HOST_NETWORK,618496/0,phase4b
2026-08-09T23:36:39.344Z,D1,HARNESS_bench.js,0.5,90.12,7815.99,NA,NA,threads=11,phase4b
2026-08-09T23:36:39.344Z,D1,peer0.org1.example.com,2.94,580.80,7815.99,NA_HOST_NETWORK,NA_HOST_NETWORK,104714240/1851129856,phase4b
2026-08-09T23:36:39.990Z,D3,cc-unified,0.00,26.88,15823.57,NA_HOST_NETWORK,NA_HOST_NETWORK,3649536/430080,phase4b
2026-08-09T23:36:39.990Z,D3,orderer3.example.com,1.97,532.57,15823.57,NA_HOST_NETWORK,NA_HOST_NETWORK,1736704/1772519424,phase4b
2026-08-09T23:36:39.990Z,D3,peer0.org3.example.com,6.49,588.74,15823.57,NA_HOST_NETWORK,NA_HOST_NETWORK,120258560/1895055360,phase4b
2026-08-09T23:36:41.292Z,D2,cc-unified,0.00,23.34,15914.51,NA_HOST_NETWORK,NA_HOST_NETWORK,1605632/450560,phase4b
2026-08-09T23:36:41.292Z,D2,orderer2.example.com,1.27,449.78,15914.51,NA_HOST_NETWORK,NA_HOST_NETWORK,8413184/1761878016,phase4b
2026-08-09T23:36:41.292Z,D2,peer0.org2.example.com,14.07,543.43,15914.51,NA_HOST_NETWORK,NA_HOST_NETWORK,223277056/2752303104,phase4b
2026-08-09T23:36:41.392Z,D1,cc-unified,0.00,26.40,7815.99,NA_HOST_NETWORK,NA_HOST_NETWORK,618496/0,phase4b
2026-08-09T23:36:41.392Z,D1,HARNESS_bench.js,0.5,90.18,7815.99,NA,NA,threads=11,phase4b
2026-08-09T23:36:41.392Z,D1,peer0.org1.example.com,5.68,580.50,7815.99,NA_HOST_NETWORK,NA_HOST_NETWORK,104714240/1851129856,phase4b
2026-08-09T23:36:41.396Z,D4,cc-unified,0.00,25.44,15823.56,NA_HOST_NETWORK,NA_HOST_NETWORK,159744/0,phase4b
2026-08-09T23:36:41.396Z,D4,orderer.example.com,2.38,1137.57,15823.56,NA_HOST_NETWORK,NA_HOST_NETWORK,460148736/1272774656,phase4b
2026-08-09T23:36:41.396Z,D4,peer0.org4.example.com,2.70,893.57,15823.56,NA_HOST_NETWORK,NA_HOST_NETWORK,76587008/1862234112,phase4b
2026-08-09T23:36:42.115Z,D3,cc-unified,0.00,26.88,15823.57,NA_HOST_NETWORK,NA_HOST_NETWORK,3649536/430080,phase4b
2026-08-09T23:36:42.115Z,D3,orderer3.example.com,1.87,533.79,15823.57,NA_HOST_NETWORK,NA_HOST_NETWORK,1736704/1772519424,phase4b
2026-08-09T23:36:42.115Z,D3,peer0.org3.example.com,8.95,582.63,15823.57,NA_HOST_NETWORK,NA_HOST_NETWORK,120258560/1895055360,phase4b
2026-08-09T23:36:43.448Z,D4,cc-unified,0.00,25.44,15823.56,NA_HOST_NETWORK,NA_HOST_NETWORK,159744/0,phase4b
2026-08-09T23:36:43.448Z,D4,orderer.example.com,0.88,1137.07,15823.56,NA_HOST_NETWORK,NA_HOST_NETWORK,460148736/1272774656,phase4b
2026-08-09T23:36:43.448Z,D4,peer0.org4.example.com,0.98,894.04,15823.56,NA_HOST_NETWORK,NA_HOST_NETWORK,76587008/1862234112,phase4b
2026-08-09T23:36:43.458Z,D2,cc-unified,0.00,23.34,15914.51,NA_HOST_NETWORK,NA_HOST_NETWORK,1605632/450560,phase4b
2026-08-09T23:36:43.458Z,D2,orderer2.example.com,1.11,449.05,15914.51,NA_HOST_NETWORK,NA_HOST_NETWORK,8413184/1761878016,phase4b
2026-08-09T23:36:43.458Z,D2,peer0.org2.example.com,16.49,543.21,15914.51,NA_HOST_NETWORK,NA_HOST_NETWORK,223277056/2752712704,phase4b
2026-08-09T23:36:43.541Z,D1,cc-unified,0.00,26.40,7815.99,NA_HOST_NETWORK,NA_HOST_NETWORK,618496/0,phase4b
2026-08-09T23:36:43.541Z,D1,HARNESS_bench.js,0.5,90.22,7815.99,NA,NA,threads=11,phase4b
2026-08-09T23:36:43.541Z,D1,peer0.org1.example.com,3.14,580.31,7815.99,NA_HOST_NETWORK,NA_HOST_NETWORK,104714240/1851129856,phase4b
2026-08-09T23:36:44.252Z,D3,cc-unified,0.00,26.88,15823.57,NA_HOST_NETWORK,NA_HOST_NETWORK,3649536/430080,phase4b
2026-08-09T23:36:44.252Z,D3,orderer3.example.com,1.97,533.56,15823.57,NA_HOST_NETWORK,NA_HOST_NETWORK,1736704/1772519424,phase4b
2026-08-09T23:36:44.252Z,D3,peer0.org3.example.com,6.79,583.23,15823.57,NA_HOST_NETWORK,NA_HOST_NETWORK,120258560/1895055360,phase4b
2026-08-09T23:36:45.500Z,D4,cc-unified,0.00,25.44,15823.56,NA_HOST_NETWORK,NA_HOST_NETWORK,159744/0,phase4b
2026-08-09T23:36:45.500Z,D4,orderer.example.com,2.70,1137.82,15823.56,NA_HOST_NETWORK,NA_HOST_NETWORK,460148736/1272774656,phase4b
2026-08-09T23:36:45.500Z,D4,peer0.org4.example.com,3.48,894.06,15823.56,NA_HOST_NETWORK,NA_HOST_NETWORK,76587008/1862234112,phase4b
2026-08-09T23:36:45.518Z,D2,cc-unified,0.00,23.34,15914.51,NA_HOST_NETWORK,NA_HOST_NETWORK,1605632/450560,phase4b
2026-08-09T23:36:45.518Z,D2,orderer2.example.com,1.36,449.51,15914.51,NA_HOST_NETWORK,NA_HOST_NETWORK,8413184/1761878016,phase4b
2026-08-09T23:36:45.518Z,D2,peer0.org2.example.com,19.06,543.84,15914.51,NA_HOST_NETWORK,NA_HOST_NETWORK,223277056/2753138688,phase4b
2026-08-09T23:36:45.590Z,D1,cc-unified,0.00,26.40,7815.99,NA_HOST_NETWORK,NA_HOST_NETWORK,618496/0,phase4b
2026-08-09T23:36:45.590Z,D1,HARNESS_bench.js,0.0,90.27,7815.99,NA,NA,threads=11,phase4b
2026-08-09T23:36:45.590Z,D1,peer0.org1.example.com,3.32,581.05,7815.99,NA_HOST_NETWORK,NA_HOST_NETWORK,104714240/1851129856,phase4b
2026-08-09T23:36:46.409Z,D3,cc-unified,0.00,26.88,15823.57,NA_HOST_NETWORK,NA_HOST_NETWORK,3649536/430080,phase4b
2026-08-09T23:36:46.409Z,D3,orderer3.example.com,2.21,534.04,15823.57,NA_HOST_NETWORK,NA_HOST_NETWORK,1736704/1772519424,phase4b
2026-08-09T23:36:46.409Z,D3,peer0.org3.example.com,6.28,582.83,15823.57,NA_HOST_NETWORK,NA_HOST_NETWORK,120258560/1895055360,phase4b
2026-08-09T23:36:47.603Z,D2,cc-unified,0.00,23.34,15914.51,NA_HOST_NETWORK,NA_HOST_NETWORK,1605632/450560,phase4b
2026-08-09T23:36:47.603Z,D2,orderer2.example.com,1.36,450.02,15914.51,NA_HOST_NETWORK,NA_HOST_NETWORK,8413184/1761878016,phase4b
2026-08-09T23:36:47.603Z,D2,peer0.org2.example.com,12.10,544.41,15914.51,NA_HOST_NETWORK,NA_HOST_NETWORK,223277056/2753511424,phase4b
2026-08-09T23:36:47.624Z,D4,cc-unified,0.00,25.44,15823.56,NA_HOST_NETWORK,NA_HOST_NETWORK,159744/0,phase4b
2026-08-09T23:36:47.624Z,D4,orderer.example.com,2.84,1137.86,15823.56,NA_HOST_NETWORK,NA_HOST_NETWORK,460148736/1272774656,phase4b
2026-08-09T23:36:47.624Z,D4,peer0.org4.example.com,3.96,894.80,15823.56,NA_HOST_NETWORK,NA_HOST_NETWORK,76587008/1862234112,phase4b
2026-08-09T23:36:47.735Z,D1,cc-unified,0.00,26.40,7815.99,NA_HOST_NETWORK,NA_HOST_NETWORK,618496/0,phase4b
2026-08-09T23:36:47.735Z,D1,HARNESS_bench.js,0.9,90.32,7815.99,NA,NA,threads=11,phase4b
2026-08-09T23:36:47.735Z,D1,peer0.org1.example.com,2.79,580.53,7815.99,NA_HOST_NETWORK,NA_HOST_NETWORK,104714240/1851129856,phase4b
2026-08-09T23:36:48.546Z,D3,cc-unified,0.00,26.88,15823.57,NA_HOST_NETWORK,NA_HOST_NETWORK,3649536/430080,phase4b
2026-08-09T23:36:48.546Z,D3,orderer3.example.com,1.82,532.80,15823.57,NA_HOST_NETWORK,NA_HOST_NETWORK,1736704/1772519424,phase4b
2026-08-09T23:36:48.546Z,D3,peer0.org3.example.com,7.59,582.49,15823.57,NA_HOST_NETWORK,NA_HOST_NETWORK,120258560/1895055360,phase4b
2026-08-09T23:36:49.688Z,D2,cc-unified,0.00,23.34,15914.51,NA_HOST_NETWORK,NA_HOST_NETWORK,1605632/450560,phase4b
2026-08-09T23:36:49.688Z,D2,orderer2.example.com,1.12,449.06,15914.51,NA_HOST_NETWORK,NA_HOST_NETWORK,8413184/1761878016,phase4b
2026-08-09T23:36:49.688Z,D2,peer0.org2.example.com,15.88,544.34,15914.51,NA_HOST_NETWORK,NA_HOST_NETWORK,223277056/2753859584,phase4b
2026-08-09T23:36:49.826Z,D4,cc-unified,0.00,25.44,15823.56,NA_HOST_NETWORK,NA_HOST_NETWORK,159744/0,phase4b
2026-08-09T23:36:49.826Z,D4,orderer.example.com,0.92,1138.59,15823.56,NA_HOST_NETWORK,NA_HOST_NETWORK,460148736/1272774656,phase4b
2026-08-09T23:36:49.826Z,D4,peer0.org4.example.com,1.44,894.34,15823.56,NA_HOST_NETWORK,NA_HOST_NETWORK,76587008/1862234112,phase4b
2026-08-09T23:36:49.876Z,D1,cc-unified,0.00,26.40,7815.99,NA_HOST_NETWORK,NA_HOST_NETWORK,618496/0,phase4b
2026-08-09T23:36:49.876Z,D1,HARNESS_bench.js,0.5,90.37,7815.99,NA,NA,threads=11,phase4b
2026-08-09T23:36:49.876Z,D1,peer0.org1.example.com,5.85,581.05,7815.99,NA_HOST_NETWORK,NA_HOST_NETWORK,104714240/1851129856,phase4b
2026-08-09T23:36:50.698Z,D3,cc-unified,0.00,26.88,15823.57,NA_HOST_NETWORK,NA_HOST_NETWORK,3649536/430080,phase4b
2026-08-09T23:36:50.698Z,D3,orderer3.example.com,2.05,533.81,15823.57,NA_HOST_NETWORK,NA_HOST_NETWORK,1736704/1772519424,phase4b
2026-08-09T23:36:50.698Z,D3,peer0.org3.example.com,6.39,582.71,15823.57,NA_HOST_NETWORK,NA_HOST_NETWORK,120258560/1895055360,phase4b
2026-08-09T23:36:51.772Z,D2,cc-unified,0.00,23.34,15914.51,NA_HOST_NETWORK,NA_HOST_NETWORK,1605632/450560,phase4b
2026-08-09T23:36:51.772Z,D2,orderer2.example.com,1.33,449.55,15914.51,NA_HOST_NETWORK,NA_HOST_NETWORK,8413184/1761878016,phase4b
2026-08-09T23:36:51.772Z,D2,peer0.org2.example.com,17.29,544.29,15914.51,NA_HOST_NETWORK,NA_HOST_NETWORK,223277056/2754215936,phase4b
2026-08-09T23:36:51.876Z,D4,cc-unified,0.00,25.44,15823.56,NA_HOST_NETWORK,NA_HOST_NETWORK,159744/0,phase4b
2026-08-09T23:36:51.876Z,D4,orderer.example.com,2.66,1138.31,15823.56,NA_HOST_NETWORK,NA_HOST_NETWORK,460148736/1272774656,phase4b
2026-08-09T23:36:51.876Z,D4,peer0.org4.example.com,3.47,895.05,15823.56,NA_HOST_NETWORK,NA_HOST_NETWORK,76587008/1862234112,phase4b
2026-08-09T23:36:51.949Z,D1,cc-unified,0.00,26.40,7815.99,NA_HOST_NETWORK,NA_HOST_NETWORK,618496/0,phase4b
2026-08-09T23:36:51.949Z,D1,HARNESS_bench.js,0.0,90.41,7815.99,NA,NA,threads=11,phase4b
2026-08-09T23:36:51.949Z,D1,peer0.org1.example.com,2.59,580.53,7815.99,NA_HOST_NETWORK,NA_HOST_NETWORK,104714240/1851129856,phase4b
2026-08-09T23:36:52.834Z,D3,cc-unified,0.00,26.88,15823.57,NA_HOST_NETWORK,NA_HOST_NETWORK,3649536/430080,phase4b
2026-08-09T23:36:52.834Z,D3,orderer3.example.com,1.63,533.80,15823.57,NA_HOST_NETWORK,NA_HOST_NETWORK,1736704/1772519424,phase4b
2026-08-09T23:36:52.834Z,D3,peer0.org3.example.com,7.13,582.36,15823.57,NA_HOST_NETWORK,NA_HOST_NETWORK,120258560/1895055360,phase4b
2026-08-09T23:36:53.852Z,D2,cc-unified,0.00,23.34,15914.51,NA_HOST_NETWORK,NA_HOST_NETWORK,1605632/450560,phase4b
2026-08-09T23:36:53.852Z,D2,orderer2.example.com,1.23,449.30,15914.51,NA_HOST_NETWORK,NA_HOST_NETWORK,8413184/1761878016,phase4b
2026-08-09T23:36:53.852Z,D2,peer0.org2.example.com,10.49,544.78,15914.51,NA_HOST_NETWORK,NA_HOST_NETWORK,223277056/2754646016,phase4b
2026-08-09T23:36:54.028Z,D4,cc-unified,0.00,25.44,15823.56,NA_HOST_NETWORK,NA_HOST_NETWORK,159744/0,phase4b
2026-08-09T23:36:54.028Z,D4,orderer.example.com,2.21,1138.84,15823.56,NA_HOST_NETWORK,NA_HOST_NETWORK,460148736/1272774656,phase4b
2026-08-09T23:36:54.028Z,D4,peer0.org4.example.com,2.94,894.32,15823.56,NA_HOST_NETWORK,NA_HOST_NETWORK,76587008/1862234112,phase4b
2026-08-09T23:36:54.102Z,D1,cc-unified,0.00,26.40,7815.99,NA_HOST_NETWORK,NA_HOST_NETWORK,618496/0,phase4b
2026-08-09T23:36:54.102Z,D1,HARNESS_bench.js,0.5,90.45,7815.99,NA,NA,threads=11,phase4b
2026-08-09T23:36:54.102Z,D1,peer0.org1.example.com,5.80,580.00,7815.99,NA_HOST_NETWORK,NA_HOST_NETWORK,104714240/1851129856,phase4b
2026-08-09T23:36:54.987Z,D3,cc-unified,0.00,26.88,15823.57,NA_HOST_NETWORK,NA_HOST_NETWORK,3649536/430080,phase4b
2026-08-09T23:36:54.987Z,D3,orderer3.example.com,1.98,533.57,15823.57,NA_HOST_NETWORK,NA_HOST_NETWORK,1736704/1772519424,phase4b
2026-08-09T23:36:54.987Z,D3,peer0.org3.example.com,6.19,582.67,15823.57,NA_HOST_NETWORK,NA_HOST_NETWORK,120258560/1895055360,phase4b
2026-08-09T23:36:55.911Z,D2,cc-unified,0.00,23.34,15914.51,NA_HOST_NETWORK,NA_HOST_NETWORK,1605632/450560,phase4b
2026-08-09T23:36:55.911Z,D2,orderer2.example.com,1.23,449.54,15914.51,NA_HOST_NETWORK,NA_HOST_NETWORK,8413184/1761878016,phase4b
2026-08-09T23:36:55.911Z,D2,peer0.org2.example.com,17.22,544.60,15914.51,NA_HOST_NETWORK,NA_HOST_NETWORK,223277056/2755076096,phase4b
2026-08-09T23:36:56.073Z,D4,cc-unified,0.00,25.44,15823.56,NA_HOST_NETWORK,NA_HOST_NETWORK,159744/0,phase4b
2026-08-09T23:36:56.073Z,D4,orderer.example.com,0.88,1138.11,15823.56,NA_HOST_NETWORK,NA_HOST_NETWORK,460148736/1272774656,phase4b
2026-08-09T23:36:56.073Z,D4,peer0.org4.example.com,1.21,893.82,15823.56,NA_HOST_NETWORK,NA_HOST_NETWORK,76587008/1862234112,phase4b
2026-08-09T23:36:56.160Z,D1,cc-unified,0.00,26.40,7815.99,NA_HOST_NETWORK,NA_HOST_NETWORK,618496/0,phase4b
2026-08-09T23:36:56.160Z,D1,HARNESS_bench.js,0.5,90.50,7815.99,NA,NA,threads=11,phase4b
2026-08-09T23:36:56.160Z,D1,peer0.org1.example.com,2.74,579.81,7815.99,NA_HOST_NETWORK,NA_HOST_NETWORK,104714240/1851129856,phase4b
2026-08-09T23:36:57.199Z,D3,cc-unified,0.00,26.88,15823.57,NA_HOST_NETWORK,NA_HOST_NETWORK,3649536/430080,phase4b
2026-08-09T23:36:57.199Z,D3,orderer3.example.com,1.63,533.07,15823.57,NA_HOST_NETWORK,NA_HOST_NETWORK,1736704/1772519424,phase4b
2026-08-09T23:36:57.199Z,D3,peer0.org3.example.com,7.87,581.96,15823.57,NA_HOST_NETWORK,NA_HOST_NETWORK,120258560/1895055360,phase4b
2026-08-09T23:36:57.974Z,D2,cc-unified,0.00,23.34,15914.51,NA_HOST_NETWORK,NA_HOST_NETWORK,1605632/450560,phase4b
2026-08-09T23:36:57.974Z,D2,orderer2.example.com,1.12,449.30,15914.51,NA_HOST_NETWORK,NA_HOST_NETWORK,8413184/1761878016,phase4b
2026-08-09T23:36:57.974Z,D2,peer0.org2.example.com,15.61,545.74,15914.51,NA_HOST_NETWORK,NA_HOST_NETWORK,223277056/2755407872,phase4b
2026-08-09T23:36:58.118Z,D4,cc-unified,0.00,25.44,15823.56,NA_HOST_NETWORK,NA_HOST_NETWORK,159744/0,phase4b
2026-08-09T23:36:58.118Z,D4,orderer.example.com,1.84,1137.86,15823.56,NA_HOST_NETWORK,NA_HOST_NETWORK,460148736/1272774656,phase4b
2026-08-09T23:36:58.118Z,D4,peer0.org4.example.com,2.44,893.82,15823.56,NA_HOST_NETWORK,NA_HOST_NETWORK,76587008/1862234112,phase4b
2026-08-09T23:36:58.313Z,D1,cc-unified,0.00,26.40,7815.99,NA_HOST_NETWORK,NA_HOST_NETWORK,618496/0,phase4b
2026-08-09T23:36:58.313Z,D1,HARNESS_bench.js,0.0,90.53,7815.99,NA,NA,threads=11,phase4b
2026-08-09T23:36:58.313Z,D1,peer0.org1.example.com,2.83,580.06,7815.99,NA_HOST_NETWORK,NA_HOST_NETWORK,104714240/1851129856,phase4b
2026-08-09T23:36:59.272Z,D3,cc-unified,0.00,26.88,15823.57,NA_HOST_NETWORK,NA_HOST_NETWORK,3649536/430080,phase4b
2026-08-09T23:36:59.272Z,D3,orderer3.example.com,2.07,533.82,15823.57,NA_HOST_NETWORK,NA_HOST_NETWORK,1736704/1772519424,phase4b
2026-08-09T23:36:59.272Z,D3,peer0.org3.example.com,6.25,582.97,15823.57,NA_HOST_NETWORK,NA_HOST_NETWORK,120258560/1895055360,phase4b
2026-08-09T23:37:00.059Z,D2,cc-unified,0.00,23.34,15914.51,NA_HOST_NETWORK,NA_HOST_NETWORK,1605632/450560,phase4b
2026-08-09T23:37:00.059Z,D2,orderer2.example.com,1.23,449.54,15914.51,NA_HOST_NETWORK,NA_HOST_NETWORK,8413184/1761878016,phase4b
2026-08-09T23:37:00.059Z,D2,peer0.org2.example.com,8.49,545.66,15914.51,NA_HOST_NETWORK,NA_HOST_NETWORK,223277056/2755665920,phase4b
2026-08-09T23:37:00.261Z,D4,cc-unified,0.00,25.44,15823.56,NA_HOST_NETWORK,NA_HOST_NETWORK,159744/0,phase4b
2026-08-09T23:37:00.261Z,D4,orderer.example.com,2.56,1137.36,15823.56,NA_HOST_NETWORK,NA_HOST_NETWORK,460148736/1272774656,phase4b
2026-08-09T23:37:00.261Z,D4,peer0.org4.example.com,3.82,894.55,15823.56,NA_HOST_NETWORK,NA_HOST_NETWORK,76587008/1862234112,phase4b
2026-08-09T23:37:00.454Z,D1,cc-unified,0.00,26.40,7815.99,NA_HOST_NETWORK,NA_HOST_NETWORK,618496/0,phase4b
2026-08-09T23:37:00.454Z,D1,HARNESS_bench.js,0.5,90.59,7815.99,NA,NA,threads=11,phase4b
2026-08-09T23:37:00.454Z,D1,peer0.org1.example.com,6.17,579.56,7815.99,NA_HOST_NETWORK,NA_HOST_NETWORK,104714240/1851129856,phase4b
2026-08-09T23:37:01.433Z,D3,cc-unified,0.00,26.88,15823.57,NA_HOST_NETWORK,NA_HOST_NETWORK,3649536/430080,phase4b
2026-08-09T23:37:01.433Z,D3,orderer3.example.com,1.64,533.78,15823.57,NA_HOST_NETWORK,NA_HOST_NETWORK,1736704/1772519424,phase4b
2026-08-09T23:37:01.433Z,D3,peer0.org3.example.com,6.40,582.73,15823.57,NA_HOST_NETWORK,NA_HOST_NETWORK,120258560/1895055360,phase4b
2026-08-09T23:37:02.129Z,D2,cc-unified,0.00,23.31,15914.51,NA_HOST_NETWORK,NA_HOST_NETWORK,1605632/471040,phase4b
2026-08-09T23:37:02.129Z,D2,orderer2.example.com,1.22,442.66,15914.51,NA_HOST_NETWORK,NA_HOST_NETWORK,8413184/1761878016,phase4b
2026-08-09T23:37:02.129Z,D2,peer0.org2.example.com,14.95,537.03,15914.51,NA_HOST_NETWORK,NA_HOST_NETWORK,223277056/2756030464,phase4b
2026-08-09T23:37:02.361Z,D4,cc-unified,0.00,25.44,15823.56,NA_HOST_NETWORK,NA_HOST_NETWORK,159744/0,phase4b
2026-08-09T23:37:02.361Z,D4,orderer.example.com,0.93,1137.61,15823.56,NA_HOST_NETWORK,NA_HOST_NETWORK,460148736/1272774656,phase4b
2026-08-09T23:37:02.361Z,D4,peer0.org4.example.com,0.94,893.32,15823.56,NA_HOST_NETWORK,NA_HOST_NETWORK,76587008/1862234112,phase4b
2026-08-09T23:37:02.504Z,D1,cc-unified,0.00,26.40,7815.99,NA_HOST_NETWORK,NA_HOST_NETWORK,618496/0,phase4b
2026-08-09T23:37:02.504Z,D1,HARNESS_bench.js,0.5,90.62,7815.99,NA,NA,threads=11,phase4b
2026-08-09T23:37:02.504Z,D1,peer0.org1.example.com,2.40,579.80,7815.99,NA_HOST_NETWORK,NA_HOST_NETWORK,104714240/1851129856,phase4b
2026-08-09T23:37:03.598Z,D3,cc-unified,0.00,26.88,15823.57,NA_HOST_NETWORK,NA_HOST_NETWORK,3649536/430080,phase4b
2026-08-09T23:37:03.598Z,D3,orderer3.example.com,2.14,533.55,15823.57,NA_HOST_NETWORK,NA_HOST_NETWORK,1736704/1772519424,phase4b
2026-08-09T23:37:03.598Z,D3,peer0.org3.example.com,7.23,582.86,15823.57,NA_HOST_NETWORK,NA_HOST_NETWORK,120258560/1895055360,phase4b
2026-08-09T23:37:04.291Z,D2,cc-unified,0.01,23.56,15914.51,NA_HOST_NETWORK,NA_HOST_NETWORK,1605632/471040,phase4b
2026-08-09T23:37:04.291Z,D2,orderer2.example.com,1.15,442.71,15914.51,NA_HOST_NETWORK,NA_HOST_NETWORK,8413184/1761878016,phase4b
2026-08-09T23:37:04.291Z,D2,peer0.org2.example.com,14.68,537.41,15914.51,NA_HOST_NETWORK,NA_HOST_NETWORK,223277056/2756403200,phase4b
2026-08-09T23:37:04.499Z,D4,cc-unified,0.02,25.68,15823.56,NA_HOST_NETWORK,NA_HOST_NETWORK,159744/0,phase4b
2026-08-09T23:37:04.499Z,D4,orderer.example.com,2.71,1138.56,15823.56,NA_HOST_NETWORK,NA_HOST_NETWORK,460148736/1272774656,phase4b
2026-08-09T23:37:04.499Z,D4,peer0.org4.example.com,4.57,895.04,15823.56,NA_HOST_NETWORK,NA_HOST_NETWORK,76587008/1862234112,phase4b
2026-08-09T23:37:04.645Z,D1,cc-unified,0.02,26.40,7815.99,NA_HOST_NETWORK,NA_HOST_NETWORK,618496/0,phase4b
2026-08-09T23:37:04.645Z,D1,HARNESS_bench.js,0.5,89.75,7815.99,NA,NA,threads=11,phase4b
2026-08-09T23:37:04.645Z,D1,peer0.org1.example.com,3.15,580.78,7815.99,NA_HOST_NETWORK,NA_HOST_NETWORK,104714240/1851129856,phase4b
2026-08-09T23:37:05.760Z,D3,cc-unified,0.01,26.88,15823.57,NA_HOST_NETWORK,NA_HOST_NETWORK,3649536/430080,phase4b
2026-08-09T23:37:05.760Z,D3,orderer3.example.com,1.68,533.05,15823.57,NA_HOST_NETWORK,NA_HOST_NETWORK,1736704/1772519424,phase4b
2026-08-09T23:37:05.760Z,D3,peer0.org3.example.com,6.89,582.51,15823.57,NA_HOST_NETWORK,NA_HOST_NETWORK,120258560/1895055360,phase4b
2026-08-09T23:37:06.349Z,D2,cc-unified,0.00,23.31,15914.51,NA_HOST_NETWORK,NA_HOST_NETWORK,1605632/471040,phase4b
2026-08-09T23:37:06.349Z,D2,orderer2.example.com,1.35,442.23,15914.51,NA_HOST_NETWORK,NA_HOST_NETWORK,8413184/1761878016,phase4b
2026-08-09T23:37:06.349Z,D2,peer0.org2.example.com,11.77,537.86,15914.51,NA_HOST_NETWORK,NA_HOST_NETWORK,223277056/2756808704,phase4b
2026-08-09T23:37:06.554Z,D4,cc-unified,0.00,25.44,15823.56,NA_HOST_NETWORK,NA_HOST_NETWORK,159744/0,phase4b
2026-08-09T23:37:06.554Z,D4,orderer.example.com,2.37,1137.58,15823.56,NA_HOST_NETWORK,NA_HOST_NETWORK,460148736/1272774656,phase4b
2026-08-09T23:37:06.554Z,D4,peer0.org4.example.com,3.01,893.59,15823.56,NA_HOST_NETWORK,NA_HOST_NETWORK,76587008/1862234112,phase4b
2026-08-09T23:37:06.694Z,D1,cc-unified,0.00,26.40,7815.99,NA_HOST_NETWORK,NA_HOST_NETWORK,618496/0,phase4b
2026-08-09T23:37:06.694Z,D1,HARNESS_bench.js,0.5,89.79,7815.99,NA,NA,threads=11,phase4b
2026-08-09T23:37:06.694Z,D1,peer0.org1.example.com,5.29,580.65,7815.99,NA_HOST_NETWORK,NA_HOST_NETWORK,104714240/1851129856,phase4b
2026-08-09T23:37:07.926Z,D3,cc-unified,0.00,26.88,15823.57,NA_HOST_NETWORK,NA_HOST_NETWORK,3649536/430080,phase4b
2026-08-09T23:37:07.926Z,D3,orderer3.example.com,1.85,533.06,15823.57,NA_HOST_NETWORK,NA_HOST_NETWORK,1736704/1772519424,phase4b
2026-08-09T23:37:07.926Z,D3,peer0.org3.example.com,6.13,582.17,15823.57,NA_HOST_NETWORK,NA_HOST_NETWORK,120258560/1895055360,phase4b
2026-08-09T23:37:08.433Z,D2,cc-unified,0.00,23.31,15914.51,NA_HOST_NETWORK,NA_HOST_NETWORK,1605632/471040,phase4b
2026-08-09T23:37:08.433Z,D2,orderer2.example.com,1.25,442.72,15914.51,NA_HOST_NETWORK,NA_HOST_NETWORK,8413184/1761878016,phase4b
2026-08-09T23:37:08.433Z,D2,peer0.org2.example.com,17.52,538.16,15914.51,NA_HOST_NETWORK,NA_HOST_NETWORK,223277056/2757251072,phase4b
2026-08-09T23:37:08.638Z,D4,cc-unified,0.00,25.44,15823.56,NA_HOST_NETWORK,NA_HOST_NETWORK,159744/0,phase4b
2026-08-09T23:37:08.638Z,D4,orderer.example.com,0.82,1138.60,15823.56,NA_HOST_NETWORK,NA_HOST_NETWORK,460148736/1272774656,phase4b
2026-08-09T23:37:08.638Z,D4,peer0.org4.example.com,1.87,890.43,15823.56,NA_HOST_NETWORK,NA_HOST_NETWORK,76587008/1862234112,phase4b
2026-08-09T23:37:08.841Z,D1,cc-unified,0.00,26.40,7815.99,NA_HOST_NETWORK,NA_HOST_NETWORK,618496/0,phase4b
2026-08-09T23:37:08.841Z,D1,HARNESS_bench.js,0.5,89.84,7815.99,NA,NA,threads=11,phase4b
2026-08-09T23:37:08.841Z,D1,peer0.org1.example.com,2.15,580.23,7815.99,NA_HOST_NETWORK,NA_HOST_NETWORK,104714240/1851129856,phase4b
2026-08-09T23:37:10.088Z,D3,cc-unified,0.00,26.84,15823.57,NA_HOST_NETWORK,NA_HOST_NETWORK,3649536/438272,phase4b
2026-08-09T23:37:10.088Z,D3,orderer3.example.com,2.01,524.54,15823.57,NA_HOST_NETWORK,NA_HOST_NETWORK,1736704/1772519424,phase4b
2026-08-09T23:37:10.088Z,D3,peer0.org3.example.com,8.73,574.63,15823.57,NA_HOST_NETWORK,NA_HOST_NETWORK,120258560/1895055360,phase4b
2026-08-09T23:37:10.519Z,D2,cc-unified,0.00,23.31,15914.51,NA_HOST_NETWORK,NA_HOST_NETWORK,1605632/471040,phase4b
2026-08-09T23:37:10.519Z,D2,orderer2.example.com,1.19,441.98,15914.51,NA_HOST_NETWORK,NA_HOST_NETWORK,8413184/1761878016,phase4b
2026-08-09T23:37:10.519Z,D2,peer0.org2.example.com,13.55,537.40,15914.51,NA_HOST_NETWORK,NA_HOST_NETWORK,223277056/2757562368,phase4b
2026-08-09T23:37:10.743Z,D4,cc-unified,0.00,25.44,15823.56,NA_HOST_NETWORK,NA_HOST_NETWORK,159744/0,phase4b
2026-08-09T23:37:10.743Z,D4,orderer.example.com,1.14,1137.83,15823.56,NA_HOST_NETWORK,NA_HOST_NETWORK,460148736/1272774656,phase4b
2026-08-09T23:37:10.743Z,D4,peer0.org4.example.com,1.19,889.94,15823.56,NA_HOST_NETWORK,NA_HOST_NETWORK,76587008/1862234112,phase4b
2026-08-09T23:37:10.982Z,D1,cc-unified,0.00,26.40,7815.99,NA_HOST_NETWORK,NA_HOST_NETWORK,618496/0,phase4b
2026-08-09T23:37:10.982Z,D1,HARNESS_bench.js,0.0,89.88,7815.99,NA,NA,threads=11,phase4b
2026-08-09T23:37:10.982Z,D1,peer0.org1.example.com,2.71,580.79,7815.99,NA_HOST_NETWORK,NA_HOST_NETWORK,104714240/1851129856,phase4b
2026-08-09T23:37:12.138Z,D3,cc-unified,0.00,26.84,15823.57,NA_HOST_NETWORK,NA_HOST_NETWORK,3649536/438272,phase4b
2026-08-09T23:37:12.138Z,D3,orderer3.example.com,1.99,525.04,15823.57,NA_HOST_NETWORK,NA_HOST_NETWORK,1736704/1772519424,phase4b
2026-08-09T23:37:12.138Z,D3,peer0.org3.example.com,8.37,580.43,15823.57,NA_HOST_NETWORK,NA_HOST_NETWORK,120258560/1895055360,phase4b
2026-08-09T23:37:12.587Z,D2,cc-unified,0.00,23.31,15914.51,NA_HOST_NETWORK,NA_HOST_NETWORK,1605632/471040,phase4b
2026-08-09T23:37:12.587Z,D2,orderer2.example.com,1.35,442.47,15914.51,NA_HOST_NETWORK,NA_HOST_NETWORK,8413184/1761878016,phase4b
2026-08-09T23:37:12.587Z,D2,peer0.org2.example.com,9.04,538.02,15914.51,NA_HOST_NETWORK,NA_HOST_NETWORK,223277056/2757840896,phase4b
2026-08-09T23:37:12.793Z,D4,cc-unified,0.00,25.44,15823.56,NA_HOST_NETWORK,NA_HOST_NETWORK,159744/0,phase4b
2026-08-09T23:37:12.793Z,D4,orderer.example.com,2.64,1137.38,15823.56,NA_HOST_NETWORK,NA_HOST_NETWORK,460148736/1272774656,phase4b
2026-08-09T23:37:12.793Z,D4,peer0.org4.example.com,4.33,891.18,15823.56,NA_HOST_NETWORK,NA_HOST_NETWORK,76587008/1862234112,phase4b
2026-08-09T23:37:13.026Z,D1,cc-unified,23.12,29.78,7815.99,NA_HOST_NETWORK,NA_HOST_NETWORK,618496/0,phase4b
2026-08-09T23:37:13.026Z,D1,peer0.org1.example.com,26.35,554.46,7815.99,NA_HOST_NETWORK,NA_HOST_NETWORK,104714240/1851129856,phase4b
2026-08-09T23:37:14.192Z,D3,cc-unified,0.00,26.84,15823.57,NA_HOST_NETWORK,NA_HOST_NETWORK,3649536/438272,phase4b
2026-08-09T23:37:14.192Z,D3,orderer3.example.com,1.76,524.54,15823.57,NA_HOST_NETWORK,NA_HOST_NETWORK,1736704/1772519424,phase4b
2026-08-09T23:37:14.192Z,D3,peer0.org3.example.com,6.69,574.39,15823.57,NA_HOST_NETWORK,NA_HOST_NETWORK,120258560/1895055360,phase4b
2026-08-09T23:37:14.649Z,D2,cc-unified,0.00,23.31,15914.51,NA_HOST_NETWORK,NA_HOST_NETWORK,1605632/471040,phase4b
2026-08-09T23:37:14.649Z,D2,orderer2.example.com,1.01,442.48,15914.51,NA_HOST_NETWORK,NA_HOST_NETWORK,8413184/1761878016,phase4b
2026-08-09T23:37:14.649Z,D2,peer0.org2.example.com,8.91,537.81,15914.51,NA_HOST_NETWORK,NA_HOST_NETWORK,223277056/2757840896,phase4b
2026-08-09T23:37:14.927Z,D4,cc-unified,0.00,25.44,15823.56,NA_HOST_NETWORK,NA_HOST_NETWORK,159744/0,phase4b
2026-08-09T23:37:14.927Z,D4,orderer.example.com,1.06,1137.15,15823.56,NA_HOST_NETWORK,NA_HOST_NETWORK,460148736/1272795136,phase4b
2026-08-09T23:37:14.927Z,D4,peer0.org4.example.com,0.97,889.95,15823.56,NA_HOST_NETWORK,NA_HOST_NETWORK,76587008/1862266880,phase4b
2026-08-09T23:37:15.070Z,D1,cc-unified,0.12,29.03,7815.99,NA_HOST_NETWORK,NA_HOST_NETWORK,618496/0,phase4b
2026-08-09T23:37:15.070Z,D1,HARNESS_bench.js,NA,82.56,7815.99,NA,NA,threads=11,phase4b
2026-08-09T23:37:15.070Z,D1,peer0.org1.example.com,3.28,554.18,7815.99,NA_HOST_NETWORK,NA_HOST_NETWORK,104714240/1851162624,phase4b
2026-08-09T23:37:16.267Z,D3,cc-unified,0.74,27.57,15823.57,NA_HOST_NETWORK,NA_HOST_NETWORK,3649536/438272,phase4b
2026-08-09T23:37:16.267Z,D3,orderer3.example.com,2.23,524.82,15823.57,NA_HOST_NETWORK,NA_HOST_NETWORK,1736704/1772593152,phase4b
2026-08-09T23:37:16.267Z,D3,peer0.org3.example.com,12.07,573.56,15823.57,NA_HOST_NETWORK,NA_HOST_NETWORK,120258560/1895145472,phase4b
2026-08-09T23:37:16.734Z,D2,cc-unified,0.16,23.31,15914.51,NA_HOST_NETWORK,NA_HOST_NETWORK,1605632/471040,phase4b
2026-08-09T23:37:16.734Z,D2,orderer2.example.com,1.69,442.76,15914.51,NA_HOST_NETWORK,NA_HOST_NETWORK,8413184/1761951744,phase4b
2026-08-09T23:37:16.734Z,D2,peer0.org2.example.com,11.44,538.10,15914.51,NA_HOST_NETWORK,NA_HOST_NETWORK,223277056/2757926912,phase4b
2026-08-09T23:37:17.068Z,D4,cc-unified,1.70,28.20,15823.56,NA_HOST_NETWORK,NA_HOST_NETWORK,159744/0,phase4b
2026-08-09T23:37:17.068Z,D4,orderer.example.com,11.75,1138.75,15823.56,NA_HOST_NETWORK,NA_HOST_NETWORK,460148736/1273491456,phase4b
2026-08-09T23:37:17.068Z,D4,peer0.org4.example.com,21.52,891.60,15823.56,NA_HOST_NETWORK,NA_HOST_NETWORK,76587008/1862672384,phase4b
2026-08-09T23:37:17.212Z,D1,cc-unified,21.98,28.46,7815.99,NA_HOST_NETWORK,NA_HOST_NETWORK,618496/0,phase4b
2026-08-09T23:37:17.212Z,D1,HARNESS_bench.js,32.3,113.07,7815.99,NA,NA,threads=11,phase4b
2026-08-09T23:37:17.212Z,D1,peer0.org1.example.com,33.78,558.30,7815.99,NA_HOST_NETWORK,NA_HOST_NETWORK,104714240/1851305984,phase4b
2026-08-09T23:37:18.443Z,D3,cc-unified,6.73,30.81,15823.57,NA_HOST_NETWORK,NA_HOST_NETWORK,3649536/438272,phase4b
2026-08-09T23:37:18.443Z,D3,orderer3.example.com,8.17,529.10,15823.57,NA_HOST_NETWORK,NA_HOST_NETWORK,1736704/1778180096,phase4b
2026-08-09T23:37:18.443Z,D3,peer0.org3.example.com,169.00,587.12,15823.57,NA_HOST_NETWORK,NA_HOST_NETWORK,129396736/1915600896,phase4b
2026-08-09T23:37:18.798Z,D2,cc-unified,6.22,25.07,15914.51,NA_HOST_NETWORK,NA_HOST_NETWORK,1605632/471040,phase4b
2026-08-09T23:37:18.798Z,D2,orderer2.example.com,4.02,445.45,15914.51,NA_HOST_NETWORK,NA_HOST_NETWORK,8413184/1763639296,phase4b
2026-08-09T23:37:18.798Z,D2,peer0.org2.example.com,39.53,538.04,15914.51,NA_HOST_NETWORK,NA_HOST_NETWORK,223277056/2758197248,phase4b
2026-08-09T23:37:19.129Z,D4,cc-unified,7.88,30.87,15823.56,NA_HOST_NETWORK,NA_HOST_NETWORK,159744/0,phase4b
2026-08-09T23:37:19.129Z,D4,orderer.example.com,71.85,1147.79,15823.56,NA_HOST_NETWORK,NA_HOST_NETWORK,460148736/1278717952,phase4b
2026-08-09T23:37:19.129Z,D4,peer0.org4.example.com,165.93,894.79,15823.56,NA_HOST_NETWORK,NA_HOST_NETWORK,76587008/1866485760,phase4b
2026-08-09T23:37:19.285Z,D1,cc-unified,5.96,34.25,7815.99,NA_HOST_NETWORK,NA_HOST_NETWORK,618496/0,phase4b
2026-08-09T23:37:19.285Z,D1,HARNESS_bench.js,65.5,137.17,7815.99,NA,NA,threads=11,phase4b
2026-08-09T23:37:19.285Z,D1,peer0.org1.example.com,74.33,564.92,7815.99,NA_HOST_NETWORK,NA_HOST_NETWORK,104714240/1852047360,phase4b
2026-08-09T23:37:20.492Z,D3,cc-unified,3.23,32.62,15823.57,NA_HOST_NETWORK,NA_HOST_NETWORK,3649536/438272,phase4b
2026-08-09T23:37:20.492Z,D3,orderer3.example.com,4.20,530.14,15823.57,NA_HOST_NETWORK,NA_HOST_NETWORK,1736704/1779220480,phase4b
2026-08-09T23:37:20.492Z,D3,peer0.org3.example.com,38.88,589.12,15823.57,NA_HOST_NETWORK,NA_HOST_NETWORK,129396736/1916387328,phase4b
2026-08-09T23:37:20.860Z,D2,cc-unified,1.73,25.79,15914.51,NA_HOST_NETWORK,NA_HOST_NETWORK,1605632/471040,phase4b
2026-08-09T23:37:20.860Z,D2,orderer2.example.com,2.25,447.77,15914.51,NA_HOST_NETWORK,NA_HOST_NETWORK,8413184/1765957632,phase4b
2026-08-09T23:37:20.860Z,D2,peer0.org2.example.com,20.83,538.50,15914.51,NA_HOST_NETWORK,NA_HOST_NETWORK,223277056/2758508544,phase4b
2026-08-09T23:37:21.182Z,D4,cc-unified,2.43,30.05,15823.56,NA_HOST_NETWORK,NA_HOST_NETWORK,159744/0,phase4b
2026-08-09T23:37:21.182Z,D4,orderer.example.com,10.67,1149.06,15823.56,NA_HOST_NETWORK,NA_HOST_NETWORK,460148736/1279799296,phase4b
2026-08-09T23:37:21.182Z,D4,peer0.org4.example.com,25.14,895.15,15823.56,NA_HOST_NETWORK,NA_HOST_NETWORK,76587008/1867292672,phase4b
2026-08-09T23:37:21.331Z,D1,cc-unified,2.38,35.74,7815.99,NA_HOST_NETWORK,NA_HOST_NETWORK,618496/0,phase4b
2026-08-09T23:37:21.331Z,D1,HARNESS_bench.js,23.0,136.80,7815.99,NA,NA,threads=11,phase4b
2026-08-09T23:37:21.331Z,D1,peer0.org1.example.com,42.49,572.20,7815.99,NA_HOST_NETWORK,NA_HOST_NETWORK,104714240/1852780544,phase4b
2026-08-09T23:37:22.632Z,D3,cc-unified,4.96,32.56,15823.57,NA_HOST_NETWORK,NA_HOST_NETWORK,3649536/438272,phase4b
2026-08-09T23:37:22.632Z,D3,orderer3.example.com,4.36,531.33,15823.57,NA_HOST_NETWORK,NA_HOST_NETWORK,1736704/1780379648,phase4b
2026-08-09T23:37:22.632Z,D3,peer0.org3.example.com,42.59,588.80,15823.57,NA_HOST_NETWORK,NA_HOST_NETWORK,129396736/1917272064,phase4b
2026-08-09T23:37:22.932Z,D2,cc-unified,1.26,25.09,15914.51,NA_HOST_NETWORK,NA_HOST_NETWORK,1605632/471040,phase4b
2026-08-09T23:37:22.932Z,D2,orderer2.example.com,1.55,447.70,15914.51,NA_HOST_NETWORK,NA_HOST_NETWORK,8413184/1766424576,phase4b
2026-08-09T23:37:22.932Z,D2,peer0.org2.example.com,21.13,538.64,15914.51,NA_HOST_NETWORK,NA_HOST_NETWORK,223277056/2758778880,phase4b
2026-08-09T23:37:23.317Z,D4,cc-unified,2.09,29.62,15823.56,NA_HOST_NETWORK,NA_HOST_NETWORK,159744/0,phase4b
2026-08-09T23:37:23.317Z,D4,orderer.example.com,9.09,1150.31,15823.56,NA_HOST_NETWORK,NA_HOST_NETWORK,460148736/1280888832,phase4b
2026-08-09T23:37:23.317Z,D4,peer0.org4.example.com,17.88,896.88,15823.56,NA_HOST_NETWORK,NA_HOST_NETWORK,76587008/1868115968,phase4b
2026-08-09T23:37:23.459Z,D1,cc-unified,2.34,38.09,7815.99,NA_HOST_NETWORK,NA_HOST_NETWORK,618496/0,phase4b
2026-08-09T23:37:23.459Z,D1,HARNESS_bench.js,23.5,137.32,7815.99,NA,NA,threads=11,phase4b
2026-08-09T23:37:23.459Z,D1,peer0.org1.example.com,40.98,573.02,7815.99,NA_HOST_NETWORK,NA_HOST_NETWORK,104714240/1853497344,phase4b
2026-08-09T23:37:24.745Z,D3,cc-unified,4.30,33.54,15823.57,NA_HOST_NETWORK,NA_HOST_NETWORK,3649536/438272,phase4b
2026-08-09T23:37:24.745Z,D3,orderer3.example.com,4.74,531.82,15823.57,NA_HOST_NETWORK,NA_HOST_NETWORK,1736704/1781485568,phase4b
2026-08-09T23:37:24.745Z,D3,peer0.org3.example.com,47.61,590.18,15823.57,NA_HOST_NETWORK,NA_HOST_NETWORK,129396736/1918115840,phase4b
2026-08-09T23:37:25.093Z,D2,cc-unified,1.82,25.27,15914.51,NA_HOST_NETWORK,NA_HOST_NETWORK,1605632/471040,phase4b
2026-08-09T23:37:25.093Z,D2,orderer2.example.com,1.62,448.17,15914.51,NA_HOST_NETWORK,NA_HOST_NETWORK,8413184/1767206912,phase4b
2026-08-09T23:37:25.093Z,D2,peer0.org2.example.com,19.60,539.18,15914.51,NA_HOST_NETWORK,NA_HOST_NETWORK,223277056/2759200768,phase4b
2026-08-09T23:37:25.365Z,D4,cc-unified,5.86,30.64,15823.56,NA_HOST_NETWORK,NA_HOST_NETWORK,159744/0,phase4b
2026-08-09T23:37:25.365Z,D4,orderer.example.com,18.07,1150.52,15823.56,NA_HOST_NETWORK,NA_HOST_NETWORK,460148736/1281986560,phase4b
2026-08-09T23:37:25.365Z,D4,peer0.org4.example.com,39.16,896.92,15823.56,NA_HOST_NETWORK,NA_HOST_NETWORK,76587008/1868959744,phase4b
2026-08-09T23:37:25.587Z,D1,cc-unified,3.69,39.58,7815.99,NA_HOST_NETWORK,NA_HOST_NETWORK,618496/0,phase4b
2026-08-09T23:37:25.587Z,D1,HARNESS_bench.js,25.0,141.23,7815.99,NA,NA,threads=11,phase4b
2026-08-09T23:37:25.587Z,D1,peer0.org1.example.com,57.79,573.38,7815.99,NA_HOST_NETWORK,NA_HOST_NETWORK,104714240/1854214144,phase4b
2026-08-09T23:37:26.909Z,D3,cc-unified,4.24,28.28,15823.57,NA_HOST_NETWORK,NA_HOST_NETWORK,3649536/438272,phase4b
2026-08-09T23:37:26.909Z,D3,orderer3.example.com,4.35,533.38,15823.57,NA_HOST_NETWORK,NA_HOST_NETWORK,1736704/1782554624,phase4b
2026-08-09T23:37:26.909Z,D3,peer0.org3.example.com,47.95,592.70,15823.57,NA_HOST_NETWORK,NA_HOST_NETWORK,129396736/1918914560,phase4b
2026-08-09T23:37:27.158Z,D2,cc-unified,2.75,24.80,15914.51,NA_HOST_NETWORK,NA_HOST_NETWORK,1605632/471040,phase4b
2026-08-09T23:37:27.158Z,D2,orderer2.example.com,2.16,449.30,15914.51,NA_HOST_NETWORK,NA_HOST_NETWORK,8413184/1768267776,phase4b
2026-08-09T23:37:27.158Z,D2,peer0.org2.example.com,23.67,542.06,15914.51,NA_HOST_NETWORK,NA_HOST_NETWORK,223277056/2759495680,phase4b
2026-08-09T23:37:27.415Z,D4,cc-unified,1.87,31.30,15823.56,NA_HOST_NETWORK,NA_HOST_NETWORK,159744/0,phase4b
2026-08-09T23:37:27.415Z,D4,orderer.example.com,9.38,1157.38,15823.56,NA_HOST_NETWORK,NA_HOST_NETWORK,460148736/1283047424,phase4b
2026-08-09T23:37:27.415Z,D4,peer0.org4.example.com,17.89,897.90,15823.56,NA_HOST_NETWORK,NA_HOST_NETWORK,76587008/1869754368,phase4b
2026-08-09T23:37:27.667Z,D1,cc-unified,2.66,38.44,7815.99,NA_HOST_NETWORK,NA_HOST_NETWORK,618496/0,phase4b
2026-08-09T23:37:27.667Z,D1,HARNESS_bench.js,22.9,145.86,7815.99,NA,NA,threads=11,phase4b
2026-08-09T23:37:27.667Z,D1,peer0.org1.example.com,46.96,573.20,7815.99,NA_HOST_NETWORK,NA_HOST_NETWORK,104714240/1854889984,phase4b
2026-08-09T23:37:28.966Z,D3,cc-unified,3.74,27.38,15823.57,NA_HOST_NETWORK,NA_HOST_NETWORK,3649536/438272,phase4b
2026-08-09T23:37:28.966Z,D3,orderer3.example.com,4.13,533.54,15823.57,NA_HOST_NETWORK,NA_HOST_NETWORK,1736704/1783545856,phase4b
2026-08-09T23:37:28.966Z,D3,peer0.org3.example.com,37.78,593.32,15823.57,NA_HOST_NETWORK,NA_HOST_NETWORK,129396736/1919668224,phase4b
2026-08-09T23:37:29.229Z,D2,cc-unified,1.17,24.54,15914.51,NA_HOST_NETWORK,NA_HOST_NETWORK,1605632/471040,phase4b
2026-08-09T23:37:29.229Z,D2,orderer2.example.com,2.11,451.32,15914.51,NA_HOST_NETWORK,NA_HOST_NETWORK,8413184/1769885696,phase4b
2026-08-09T23:37:29.229Z,D2,peer0.org2.example.com,20.76,541.79,15914.51,NA_HOST_NETWORK,NA_HOST_NETWORK,223277056/2759843840,phase4b
2026-08-09T23:37:29.557Z,D4,cc-unified,2.66,31.27,15823.56,NA_HOST_NETWORK,NA_HOST_NETWORK,159744/0,phase4b
2026-08-09T23:37:29.557Z,D4,orderer.example.com,16.57,1158.64,15823.56,NA_HOST_NETWORK,NA_HOST_NETWORK,460148736/1283956736,phase4b
2026-08-09T23:37:29.557Z,D4,peer0.org4.example.com,35.92,897.94,15823.56,NA_HOST_NETWORK,NA_HOST_NETWORK,76587008/1870438400,phase4b
2026-08-09T23:37:29.768Z,D1,cc-unified,3.33,39.35,7815.99,NA_HOST_NETWORK,NA_HOST_NETWORK,618496/0,phase4b
2026-08-09T23:37:29.768Z,D1,HARNESS_bench.js,20.0,149.62,7815.99,NA,NA,threads=11,phase4b
2026-08-09T23:37:29.768Z,D1,peer0.org1.example.com,40.55,570.33,7815.99,NA_HOST_NETWORK,NA_HOST_NETWORK,104714240/1855385600,phase4b
2026-08-09T23:37:31.041Z,D3,cc-unified,1.72,27.57,15823.57,NA_HOST_NETWORK,NA_HOST_NETWORK,3649536/438272,phase4b
2026-08-09T23:37:31.041Z,D3,orderer3.example.com,3.24,534.14,15823.57,NA_HOST_NETWORK,NA_HOST_NETWORK,1736704/1784131584,phase4b
2026-08-09T23:37:31.041Z,D3,peer0.org3.example.com,21.79,593.61,15823.57,NA_HOST_NETWORK,NA_HOST_NETWORK,129396736/1920143360,phase4b
2026-08-09T23:37:31.314Z,D2,cc-unified,1.31,24.30,15914.51,NA_HOST_NETWORK,NA_HOST_NETWORK,1605632/471040,phase4b
2026-08-09T23:37:31.314Z,D2,orderer2.example.com,1.94,451.84,15914.51,NA_HOST_NETWORK,NA_HOST_NETWORK,8413184/1770733568,phase4b
2026-08-09T23:37:31.314Z,D2,peer0.org2.example.com,20.42,542.00,15914.51,NA_HOST_NETWORK,NA_HOST_NETWORK,223277056/2760208384,phase4b
2026-08-09T23:37:31.755Z,D4,cc-unified,1.19,30.89,15823.56,NA_HOST_NETWORK,NA_HOST_NETWORK,159744/0,phase4b
2026-08-09T23:37:31.755Z,D4,orderer.example.com,9.51,1159.03,15823.56,NA_HOST_NETWORK,NA_HOST_NETWORK,460148736/1284460544,phase4b
2026-08-09T23:37:31.755Z,D4,peer0.org4.example.com,18.12,898.39,15823.56,NA_HOST_NETWORK,NA_HOST_NETWORK,76587008/1870860288,phase4b
2026-08-09T23:37:31.890Z,D1,cc-unified,1.52,29.72,7815.99,NA_HOST_NETWORK,NA_HOST_NETWORK,618496/0,phase4b
2026-08-09T23:37:31.890Z,D1,HARNESS_bench.js,14.1,152.20,7815.99,NA,NA,threads=11,phase4b
2026-08-09T23:37:31.890Z,D1,peer0.org1.example.com,24.05,570.45,7815.99,NA_HOST_NETWORK,NA_HOST_NETWORK,104714240/1855762432,phase4b
2026-08-09T23:37:33.208Z,D3,cc-unified,2.53,27.41,15823.57,NA_HOST_NETWORK,NA_HOST_NETWORK,3649536/438272,phase4b
2026-08-09T23:37:33.208Z,D3,orderer3.example.com,3.36,534.69,15823.57,NA_HOST_NETWORK,NA_HOST_NETWORK,1736704/1784782848,phase4b
2026-08-09T23:37:33.208Z,D3,peer0.org3.example.com,28.37,593.95,15823.57,NA_HOST_NETWORK,NA_HOST_NETWORK,129396736/1920663552,phase4b
2026-08-09T23:37:33.379Z,D2,cc-unified,1.06,24.30,15914.51,NA_HOST_NETWORK,NA_HOST_NETWORK,1605632/471040,phase4b
2026-08-09T23:37:33.379Z,D2,orderer2.example.com,1.18,451.94,15914.51,NA_HOST_NETWORK,NA_HOST_NETWORK,8413184/1771139072,phase4b
2026-08-09T23:37:33.379Z,D2,peer0.org2.example.com,20.38,542.04,15914.51,NA_HOST_NETWORK,NA_HOST_NETWORK,223277056/2760540160,phase4b
2026-08-09T23:37:33.801Z,D4,cc-unified,2.16,26.48,15823.56,NA_HOST_NETWORK,NA_HOST_NETWORK,159744/0,phase4b
2026-08-09T23:37:33.801Z,D4,orderer.example.com,4.66,1158.53,15823.56,NA_HOST_NETWORK,NA_HOST_NETWORK,460148736/1285099520,phase4b
2026-08-09T23:37:33.801Z,D4,peer0.org4.example.com,10.35,898.91,15823.56,NA_HOST_NETWORK,NA_HOST_NETWORK,76587008/1871384576,phase4b
2026-08-09T23:37:33.945Z,D1,cc-unified,3.40,30.30,7815.99,NA_HOST_NETWORK,NA_HOST_NETWORK,618496/0,phase4b
2026-08-09T23:37:33.945Z,D1,HARNESS_bench.js,14.3,155.64,7815.99,NA,NA,threads=11,phase4b
2026-08-09T23:37:33.945Z,D1,peer0.org1.example.com,38.74,570.70,7815.99,NA_HOST_NETWORK,NA_HOST_NETWORK,104714240/1856270336,phase4b
2026-08-09T23:37:35.371Z,D3,cc-unified,5.28,27.05,15823.57,NA_HOST_NETWORK,NA_HOST_NETWORK,3649536/438272,phase4b
2026-08-09T23:37:35.371Z,D3,orderer3.example.com,3.05,535.59,15823.57,NA_HOST_NETWORK,NA_HOST_NETWORK,1736704/1785507840,phase4b
2026-08-09T23:37:35.371Z,D3,peer0.org3.example.com,20.79,595.50,15823.57,NA_HOST_NETWORK,NA_HOST_NETWORK,129396736/1921253376,phase4b
2026-08-09T23:37:35.456Z,D2,cc-unified,1.30,24.77,15914.51,NA_HOST_NETWORK,NA_HOST_NETWORK,1605632/471040,phase4b
2026-08-09T23:37:35.456Z,D2,orderer2.example.com,1.24,452.23,15914.51,NA_HOST_NETWORK,NA_HOST_NETWORK,8413184/1771446272,phase4b
2026-08-09T23:37:35.456Z,D2,peer0.org2.example.com,23.09,542.62,15914.51,NA_HOST_NETWORK,NA_HOST_NETWORK,223277056/2760744960,phase4b
2026-08-09T23:37:35.940Z,D4,cc-unified,2.50,26.73,15823.56,NA_HOST_NETWORK,NA_HOST_NETWORK,159744/0,phase4b
2026-08-09T23:37:35.940Z,D4,orderer.example.com,13.13,1159.37,15823.56,NA_HOST_NETWORK,NA_HOST_NETWORK,460148736/1285955584,phase4b
2026-08-09T23:37:35.940Z,D4,peer0.org4.example.com,23.75,899.47,15823.56,NA_HOST_NETWORK,NA_HOST_NETWORK,76587008/1872068608,phase4b
2026-08-09T23:37:36.037Z,D1,cc-unified,2.46,30.91,7815.99,NA_HOST_NETWORK,NA_HOST_NETWORK,618496/0,phase4b
2026-08-09T23:37:36.037Z,D1,HARNESS_bench.js,16.2,160.44,7815.99,NA,NA,threads=11,phase4b
2026-08-09T23:37:36.037Z,D1,peer0.org1.example.com,35.51,571.75,7815.99,NA_HOST_NETWORK,NA_HOST_NETWORK,104714240/1856827392,phase4b
2026-08-09T23:37:37.532Z,D3,cc-unified,2.03,27.78,15823.57,NA_HOST_NETWORK,NA_HOST_NETWORK,3649536/438272,phase4b
2026-08-09T23:37:37.532Z,D3,orderer3.example.com,3.63,535.86,15823.57,NA_HOST_NETWORK,NA_HOST_NETWORK,1736704/1786195968,phase4b
2026-08-09T23:37:37.532Z,D3,peer0.org3.example.com,28.14,594.19,15823.57,NA_HOST_NETWORK,NA_HOST_NETWORK,129396736/1921810432,phase4b
2026-08-09T23:37:37.535Z,D2,cc-unified,1.15,24.30,15914.51,NA_HOST_NETWORK,NA_HOST_NETWORK,1605632/471040,phase4b
2026-08-09T23:37:37.535Z,D2,orderer2.example.com,3.20,452.97,15914.51,NA_HOST_NETWORK,NA_HOST_NETWORK,8413184/1772134400,phase4b
2026-08-09T23:37:37.535Z,D2,peer0.org2.example.com,13.68,542.97,15914.51,NA_HOST_NETWORK,NA_HOST_NETWORK,223277056/2761097216,phase4b
2026-08-09T23:37:37.985Z,D4,cc-unified,0.62,25.73,15823.56,NA_HOST_NETWORK,NA_HOST_NETWORK,159744/0,phase4b
2026-08-09T23:37:37.985Z,D4,orderer.example.com,6.01,1159.86,15823.56,NA_HOST_NETWORK,NA_HOST_NETWORK,460148736/1286475776,phase4b
2026-08-09T23:37:37.985Z,D4,peer0.org4.example.com,11.45,899.23,15823.56,NA_HOST_NETWORK,NA_HOST_NETWORK,76587008/1872506880,phase4b
2026-08-09T23:37:38.135Z,D1,cc-unified,0.81,29.71,7815.99,NA_HOST_NETWORK,NA_HOST_NETWORK,618496/0,phase4b
2026-08-09T23:37:38.135Z,D1,HARNESS_bench.js,9.9,162.41,7815.99,NA,NA,threads=11,phase4b
2026-08-09T23:37:38.135Z,D1,peer0.org1.example.com,23.58,571.75,7815.99,NA_HOST_NETWORK,NA_HOST_NETWORK,104714240/1857122304,phase4b
2026-08-09T23:37:39.625Z,D2,cc-unified,0.62,25.05,15914.51,NA_HOST_NETWORK,NA_HOST_NETWORK,1605632/471040,phase4b
2026-08-09T23:37:39.625Z,D2,orderer2.example.com,2.17,454.46,15914.51,NA_HOST_NETWORK,NA_HOST_NETWORK,8413184/1773633536,phase4b
2026-08-09T23:37:39.625Z,D2,peer0.org2.example.com,21.54,543.34,15914.51,NA_HOST_NETWORK,NA_HOST_NETWORK,223277056/2761441280,phase4b
2026-08-09T23:37:39.745Z,D3,cc-unified,2.82,27.04,15823.57,NA_HOST_NETWORK,NA_HOST_NETWORK,3649536/438272,phase4b
2026-08-09T23:37:39.745Z,D3,orderer3.example.com,3.83,536.88,15823.57,NA_HOST_NETWORK,NA_HOST_NETWORK,1736704/1786822656,phase4b
2026-08-09T23:37:39.745Z,D3,peer0.org3.example.com,27.01,594.96,15823.57,NA_HOST_NETWORK,NA_HOST_NETWORK,129396736/1922330624,phase4b
2026-08-09T23:37:40.132Z,D4,cc-unified,0.74,26.23,15823.56,NA_HOST_NETWORK,NA_HOST_NETWORK,159744/0,phase4b
2026-08-09T23:37:40.132Z,D4,orderer.example.com,4.91,1160.52,15823.56,NA_HOST_NETWORK,NA_HOST_NETWORK,460148736/1287139328,phase4b
2026-08-09T23:37:40.132Z,D4,peer0.org4.example.com,8.87,899.70,15823.56,NA_HOST_NETWORK,NA_HOST_NETWORK,76587008/1873043456,phase4b
2026-08-09T23:37:40.255Z,D1,cc-unified,2.63,28.33,7815.99,NA_HOST_NETWORK,NA_HOST_NETWORK,618496/0,phase4b
2026-08-09T23:37:40.255Z,D1,HARNESS_bench.js,16.3,166.14,7815.99,NA,NA,threads=11,phase4b
2026-08-09T23:37:40.255Z,D1,peer0.org1.example.com,31.87,571.70,7815.99,NA_HOST_NETWORK,NA_HOST_NETWORK,104714240/1857617920,phase4b
2026-08-09T23:37:41.705Z,D2,cc-unified,2.00,24.30,15914.51,NA_HOST_NETWORK,NA_HOST_NETWORK,1605632/471040,phase4b
2026-08-09T23:37:41.705Z,D2,orderer2.example.com,1.67,455.11,15914.51,NA_HOST_NETWORK,NA_HOST_NETWORK,8413184/1774026752,phase4b
2026-08-09T23:37:41.705Z,D2,peer0.org2.example.com,18.51,543.15,15914.51,NA_HOST_NETWORK,NA_HOST_NETWORK,223277056/2761736192,phase4b
2026-08-09T23:37:41.798Z,D3,cc-unified,3.13,27.76,15823.57,NA_HOST_NETWORK,NA_HOST_NETWORK,3649536/438272,phase4b
2026-08-09T23:37:41.798Z,D3,orderer3.example.com,3.43,536.67,15823.57,NA_HOST_NETWORK,NA_HOST_NETWORK,1736704/1787383808,phase4b
2026-08-09T23:37:41.798Z,D3,peer0.org3.example.com,30.12,595.09,15823.57,NA_HOST_NETWORK,NA_HOST_NETWORK,129396736/1922785280,phase4b
2026-08-09T23:37:42.271Z,D4,cc-unified,3.25,26.70,15823.56,NA_HOST_NETWORK,NA_HOST_NETWORK,159744/0,phase4b
2026-08-09T23:37:42.271Z,D4,orderer.example.com,12.92,1160.86,15823.56,NA_HOST_NETWORK,NA_HOST_NETWORK,460148736/1287770112,phase4b
2026-08-09T23:37:42.271Z,D4,peer0.org4.example.com,25.75,900.19,15823.56,NA_HOST_NETWORK,NA_HOST_NETWORK,76587008/1873551360,phase4b
2026-08-09T23:37:42.403Z,D1,cc-unified,3.23,28.10,7815.99,NA_HOST_NETWORK,NA_HOST_NETWORK,618496/0,phase4b
2026-08-09T23:37:42.403Z,D1,HARNESS_bench.js,15.9,169.69,7815.99,NA,NA,threads=11,phase4b
2026-08-09T23:37:42.403Z,D1,peer0.org1.example.com,42.80,573.28,7815.99,NA_HOST_NETWORK,NA_HOST_NETWORK,104714240/1858109440,phase4b
2026-08-09T23:37:43.791Z,D2,cc-unified,1.26,24.54,15914.51,NA_HOST_NETWORK,NA_HOST_NETWORK,1605632/471040,phase4b
2026-08-09T23:37:43.791Z,D2,orderer2.example.com,1.77,455.12,15914.51,NA_HOST_NETWORK,NA_HOST_NETWORK,8413184/1774448640,phase4b
2026-08-09T23:37:43.791Z,D2,peer0.org2.example.com,14.53,543.36,15914.51,NA_HOST_NETWORK,NA_HOST_NETWORK,223277056/2762002432,phase4b
2026-08-09T23:37:43.960Z,D3,cc-unified,5.36,27.93,15823.57,NA_HOST_NETWORK,NA_HOST_NETWORK,3649536/438272,phase4b
2026-08-09T23:37:43.960Z,D3,orderer3.example.com,3.33,537.65,15823.57,NA_HOST_NETWORK,NA_HOST_NETWORK,1736704/1788186624,phase4b
2026-08-09T23:37:43.960Z,D3,peer0.org3.example.com,27.28,595.62,15823.57,NA_HOST_NETWORK,NA_HOST_NETWORK,129396736/1923411968,phase4b
2026-08-09T23:37:44.354Z,D4,cc-unified,4.91,26.73,15823.56,NA_HOST_NETWORK,NA_HOST_NETWORK,159744/0,phase4b
2026-08-09T23:37:44.354Z,D4,orderer.example.com,10.46,1162.41,15823.56,NA_HOST_NETWORK,NA_HOST_NETWORK,460148736/1288474624,phase4b
2026-08-09T23:37:44.354Z,D4,peer0.org4.example.com,26.33,900.55,15823.56,NA_HOST_NETWORK,NA_HOST_NETWORK,76587008/1874108416,phase4b
2026-08-09T23:37:44.475Z,D1,cc-unified,2.11,28.80,7815.99,NA_HOST_NETWORK,NA_HOST_NETWORK,618496/0,phase4b
2026-08-09T23:37:44.475Z,D1,HARNESS_bench.js,17.1,173.64,7815.99,NA,NA,threads=11,phase4b
2026-08-09T23:37:44.475Z,D1,peer0.org1.example.com,38.63,573.98,7815.99,NA_HOST_NETWORK,NA_HOST_NETWORK,104714240/1858654208,phase4b
2026-08-09T23:37:45.937Z,D2,cc-unified,1.02,24.30,15914.51,NA_HOST_NETWORK,NA_HOST_NETWORK,1605632/471040,phase4b
2026-08-09T23:37:45.937Z,D2,orderer2.example.com,1.33,455.22,15914.51,NA_HOST_NETWORK,NA_HOST_NETWORK,8413184/1774809088,phase4b
2026-08-09T23:37:45.937Z,D2,peer0.org2.example.com,16.94,543.95,15914.51,NA_HOST_NETWORK,NA_HOST_NETWORK,223277056/2762223616,phase4b
2026-08-09T23:37:46.061Z,D3,cc-unified,1.89,27.23,15823.57,NA_HOST_NETWORK,NA_HOST_NETWORK,3649536/438272,phase4b
2026-08-09T23:37:46.061Z,D3,orderer3.example.com,2.90,538.09,15823.57,NA_HOST_NETWORK,NA_HOST_NETWORK,1736704/1788719104,phase4b
2026-08-09T23:37:46.061Z,D3,peer0.org3.example.com,20.79,596.13,15823.57,NA_HOST_NETWORK,NA_HOST_NETWORK,129396736/1923833856,phase4b
2026-08-09T23:37:46.403Z,D4,cc-unified,2.16,27.27,15823.56,NA_HOST_NETWORK,NA_HOST_NETWORK,159744/0,phase4b
2026-08-09T23:37:46.403Z,D4,orderer.example.com,7.91,1162.03,15823.56,NA_HOST_NETWORK,NA_HOST_NETWORK,460148736/1289244672,phase4b
2026-08-09T23:37:46.403Z,D4,peer0.org4.example.com,17.89,901.24,15823.56,NA_HOST_NETWORK,NA_HOST_NETWORK,76587008/1874706432,phase4b
2026-08-09T23:37:46.524Z,D1,cc-unified,2.14,28.55,7815.99,NA_HOST_NETWORK,NA_HOST_NETWORK,618496/0,phase4b
2026-08-09T23:37:46.524Z,D1,HARNESS_bench.js,14.3,177.16,7815.99,NA,NA,threads=11,phase4b
2026-08-09T23:37:46.524Z,D1,peer0.org1.example.com,25.29,574.94,7815.99,NA_HOST_NETWORK,NA_HOST_NETWORK,104714240/1859121152,phase4b
2026-08-09T23:37:47.996Z,D2,cc-unified,1.35,25.04,15914.51,NA_HOST_NETWORK,NA_HOST_NETWORK,1605632/471040,phase4b
2026-08-09T23:37:47.996Z,D2,orderer2.example.com,1.63,455.73,15914.51,NA_HOST_NETWORK,NA_HOST_NETWORK,8413184/1775222784,phase4b
2026-08-09T23:37:47.996Z,D2,peer0.org2.example.com,21.88,543.59,15914.51,NA_HOST_NETWORK,NA_HOST_NETWORK,223277056/2762485760,phase4b
2026-08-09T23:37:48.228Z,D3,cc-unified,1.92,26.95,15823.57,NA_HOST_NETWORK,NA_HOST_NETWORK,3649536/438272,phase4b
2026-08-09T23:37:48.228Z,D3,orderer3.example.com,3.63,538.69,15823.57,NA_HOST_NETWORK,NA_HOST_NETWORK,1736704/1789411328,phase4b
2026-08-09T23:37:48.228Z,D3,peer0.org3.example.com,32.01,590.55,15823.57,NA_HOST_NETWORK,NA_HOST_NETWORK,129396736/1924370432,phase4b
2026-08-09T23:37:48.546Z,D4,cc-unified,1.60,25.28,15823.56,NA_HOST_NETWORK,NA_HOST_NETWORK,159744/0,phase4b
2026-08-09T23:37:48.546Z,D4,orderer.example.com,8.72,1163.29,15823.56,NA_HOST_NETWORK,NA_HOST_NETWORK,460148736/1289711616,phase4b
2026-08-09T23:37:48.546Z,D4,peer0.org4.example.com,16.31,900.40,15823.56,NA_HOST_NETWORK,NA_HOST_NETWORK,76587008/1875075072,phase4b
2026-08-09T23:37:48.624Z,D1,cc-unified,1.27,28.32,7815.99,NA_HOST_NETWORK,NA_HOST_NETWORK,618496/0,phase4b
2026-08-09T23:37:48.624Z,D1,HARNESS_bench.js,9.8,180.53,7815.99,NA,NA,threads=11,phase4b
2026-08-09T23:37:48.624Z,D1,peer0.org1.example.com,22.45,575.39,7815.99,NA_HOST_NETWORK,NA_HOST_NETWORK,104714240/1859493888,phase4b
2026-08-09T23:37:50.072Z,D2,cc-unified,0.86,24.78,15914.51,NA_HOST_NETWORK,NA_HOST_NETWORK,1605632/471040,phase4b
2026-08-09T23:37:50.072Z,D2,orderer2.example.com,2.62,456.96,15914.51,NA_HOST_NETWORK,NA_HOST_NETWORK,8413184/1776738304,phase4b
2026-08-09T23:37:50.072Z,D2,peer0.org2.example.com,13.77,544.26,15914.51,NA_HOST_NETWORK,NA_HOST_NETWORK,223277056/2762854400,phase4b
2026-08-09T23:37:50.393Z,D3,cc-unified,1.73,26.95,15823.57,NA_HOST_NETWORK,NA_HOST_NETWORK,3649536/438272,phase4b
2026-08-09T23:37:50.393Z,D3,orderer3.example.com,3.36,538.62,15823.57,NA_HOST_NETWORK,NA_HOST_NETWORK,1736704/1789939712,phase4b
2026-08-09T23:37:50.393Z,D3,peer0.org3.example.com,23.41,590.16,15823.57,NA_HOST_NETWORK,NA_HOST_NETWORK,129396736/1924796416,phase4b
2026-08-09T23:37:50.638Z,D4,cc-unified,0.88,27.00,15823.56,NA_HOST_NETWORK,NA_HOST_NETWORK,159744/0,phase4b
2026-08-09T23:37:50.638Z,D4,orderer.example.com,3.34,1163.52,15823.56,NA_HOST_NETWORK,NA_HOST_NETWORK,460148736/1290203136,phase4b
2026-08-09T23:37:50.638Z,D4,peer0.org4.example.com,7.55,896.88,15823.56,NA_HOST_NETWORK,NA_HOST_NETWORK,76587008/1875460096,phase4b
2026-08-09T23:37:50.672Z,D1,cc-unified,1.74,28.09,7815.99,NA_HOST_NETWORK,NA_HOST_NETWORK,618496/0,phase4b
2026-08-09T23:37:50.672Z,D1,HARNESS_bench.js,9.4,182.74,7815.99,NA,NA,threads=11,phase4b
2026-08-09T23:37:50.672Z,D1,peer0.org1.example.com,31.71,575.93,7815.99,NA_HOST_NETWORK,NA_HOST_NETWORK,104714240/1859964928,phase4b
2026-08-09T23:37:52.158Z,D2,cc-unified,1.52,25.02,15914.51,NA_HOST_NETWORK,NA_HOST_NETWORK,1605632/471040,phase4b
2026-08-09T23:37:52.158Z,D2,orderer2.example.com,1.90,457.59,15914.51,NA_HOST_NETWORK,NA_HOST_NETWORK,8413184/1777242112,phase4b
2026-08-09T23:37:52.158Z,D2,peer0.org2.example.com,20.87,544.75,15914.51,NA_HOST_NETWORK,NA_HOST_NETWORK,223277056/2763071488,phase4b
2026-08-09T23:37:52.527Z,D3,cc-unified,1.62,26.94,15823.57,NA_HOST_NETWORK,NA_HOST_NETWORK,3649536/438272,phase4b
2026-08-09T23:37:52.527Z,D3,orderer3.example.com,3.16,539.78,15823.57,NA_HOST_NETWORK,NA_HOST_NETWORK,1736704/1790533632,phase4b
2026-08-09T23:37:52.527Z,D3,peer0.org3.example.com,25.23,591.04,15823.57,NA_HOST_NETWORK,NA_HOST_NETWORK,129396736/1925255168,phase4b
2026-08-09T23:37:52.749Z,D4,cc-unified,0.94,25.29,15823.56,NA_HOST_NETWORK,NA_HOST_NETWORK,159744/0,phase4b
2026-08-09T23:37:52.749Z,D4,orderer.example.com,6.68,1168.15,15823.56,NA_HOST_NETWORK,NA_HOST_NETWORK,460148736/1290801152,phase4b
2026-08-09T23:37:52.749Z,D4,peer0.org4.example.com,13.64,897.18,15823.56,NA_HOST_NETWORK,NA_HOST_NETWORK,76587008/1875922944,phase4b
2026-08-09T23:37:52.858Z,D1,cc-unified,1.75,28.12,7815.99,NA_HOST_NETWORK,NA_HOST_NETWORK,618496/0,phase4b
2026-08-09T23:37:52.858Z,D1,HARNESS_bench.js,9.9,186.04,7815.99,NA,NA,threads=11,phase4b
2026-08-09T23:37:52.858Z,D1,peer0.org1.example.com,31.16,576.53,7815.99,NA_HOST_NETWORK,NA_HOST_NETWORK,104714240/1860395008,phase4b
2026-08-09T23:37:54.239Z,D2,cc-unified,1.15,24.55,15914.51,NA_HOST_NETWORK,NA_HOST_NETWORK,1605632/471040,phase4b
2026-08-09T23:37:54.239Z,D2,orderer2.example.com,1.72,457.80,15914.51,NA_HOST_NETWORK,NA_HOST_NETWORK,8413184/1777659904,phase4b
2026-08-09T23:37:54.239Z,D2,peer0.org2.example.com,19.90,544.38,15914.51,NA_HOST_NETWORK,NA_HOST_NETWORK,223277056/2763321344,phase4b
2026-08-09T23:37:54.572Z,D3,cc-unified,3.46,27.59,15823.57,NA_HOST_NETWORK,NA_HOST_NETWORK,3649536/438272,phase4b
2026-08-09T23:37:54.572Z,D3,orderer3.example.com,3.35,539.49,15823.57,NA_HOST_NETWORK,NA_HOST_NETWORK,1736704/1790988288,phase4b
2026-08-09T23:37:54.572Z,D3,peer0.org3.example.com,22.41,591.38,15823.57,NA_HOST_NETWORK,NA_HOST_NETWORK,129396736/1925640192,phase4b
2026-08-09T23:37:54.847Z,D4,cc-unified,2.57,26.02,15823.56,NA_HOST_NETWORK,NA_HOST_NETWORK,159744/0,phase4b
2026-08-09T23:37:54.847Z,D4,orderer.example.com,12.16,1170.83,15823.56,NA_HOST_NETWORK,NA_HOST_NETWORK,460148736/1291358208,phase4b
2026-08-09T23:37:54.847Z,D4,peer0.org4.example.com,21.73,897.70,15823.56,NA_HOST_NETWORK,NA_HOST_NETWORK,76587008/1876393984,phase4b
2026-08-09T23:37:54.905Z,D1,cc-unified,3.19,26.87,7815.99,NA_HOST_NETWORK,NA_HOST_NETWORK,618496/0,phase4b
2026-08-09T23:37:54.905Z,D1,HARNESS_bench.js,20.5,188.86,7815.99,NA,NA,threads=11,phase4b
2026-08-09T23:37:54.905Z,D1,peer0.org1.example.com,45.89,577.36,7815.99,NA_HOST_NETWORK,NA_HOST_NETWORK,104714240/1860816896,phase4b
2026-08-09T23:37:56.321Z,D2,cc-unified,1.97,25.03,15914.51,NA_HOST_NETWORK,NA_HOST_NETWORK,1605632/471040,phase4b
2026-08-09T23:37:56.321Z,D2,orderer2.example.com,1.26,458.04,15914.51,NA_HOST_NETWORK,NA_HOST_NETWORK,8413184/1777958912,phase4b
2026-08-09T23:37:56.321Z,D2,peer0.org2.example.com,11.59,544.63,15914.51,NA_HOST_NETWORK,NA_HOST_NETWORK,223277056/2763542528,phase4b
2026-08-09T23:37:56.619Z,D3,cc-unified,2.19,26.66,15823.57,NA_HOST_NETWORK,NA_HOST_NETWORK,3649536/438272,phase4b
2026-08-09T23:37:56.619Z,D3,orderer3.example.com,3.28,539.72,15823.57,NA_HOST_NETWORK,NA_HOST_NETWORK,1736704/1791524864,phase4b
2026-08-09T23:37:56.619Z,D3,peer0.org3.example.com,22.97,591.84,15823.57,NA_HOST_NETWORK,NA_HOST_NETWORK,129396736/1926066176,phase4b
2026-08-09T23:37:56.978Z,D4,cc-unified,3.83,25.38,15823.56,NA_HOST_NETWORK,NA_HOST_NETWORK,159744/0,phase4b
2026-08-09T23:37:56.978Z,D4,orderer.example.com,7.17,1171.72,15823.56,NA_HOST_NETWORK,NA_HOST_NETWORK,460148736/1291829248,phase4b
2026-08-09T23:37:56.978Z,D4,peer0.org4.example.com,15.90,897.90,15823.56,NA_HOST_NETWORK,NA_HOST_NETWORK,76587008/1876770816,phase4b
2026-08-09T23:37:57.005Z,D1,cc-unified,1.73,28.28,7815.99,NA_HOST_NETWORK,NA_HOST_NETWORK,618496/0,phase4b
2026-08-09T23:37:57.005Z,D1,HARNESS_bench.js,9.1,190.85,7815.99,NA,NA,threads=11,phase4b
2026-08-09T23:37:57.005Z,D1,peer0.org1.example.com,29.09,578.05,7815.99,NA_HOST_NETWORK,NA_HOST_NETWORK,104714240/1861214208,phase4b
2026-08-09T23:37:58.401Z,D2,cc-unified,1.15,24.78,15914.51,NA_HOST_NETWORK,NA_HOST_NETWORK,1605632/471040,phase4b
2026-08-09T23:37:58.401Z,D2,orderer2.example.com,2.48,459.43,15914.51,NA_HOST_NETWORK,NA_HOST_NETWORK,8413184/1779134464,phase4b
2026-08-09T23:37:58.401Z,D2,peer0.org2.example.com,16.65,544.73,15914.51,NA_HOST_NETWORK,NA_HOST_NETWORK,223277056/2763763712,phase4b
2026-08-09T23:37:58.665Z,D3,cc-unified,1.35,27.16,15823.57,NA_HOST_NETWORK,NA_HOST_NETWORK,3649536/438272,phase4b
2026-08-09T23:37:58.665Z,D3,orderer3.example.com,3.37,540.80,15823.57,NA_HOST_NETWORK,NA_HOST_NETWORK,1736704/1791979520,phase4b
2026-08-09T23:37:58.665Z,D3,peer0.org3.example.com,17.24,591.88,15823.57,NA_HOST_NETWORK,NA_HOST_NETWORK,129396736/1926443008,phase4b
2026-08-09T23:37:59.023Z,D4,cc-unified,0.78,26.68,15823.56,NA_HOST_NETWORK,NA_HOST_NETWORK,159744/0,phase4b
2026-08-09T23:37:59.023Z,D4,orderer.example.com,4.23,1172.56,15823.56,NA_HOST_NETWORK,NA_HOST_NETWORK,460148736/1292292096,phase4b
2026-08-09T23:37:59.023Z,D4,peer0.org4.example.com,6.39,898.43,15823.56,NA_HOST_NETWORK,NA_HOST_NETWORK,76587008/1877151744,phase4b
2026-08-09T23:37:59.082Z,D1,cc-unified,1.46,28.78,7815.99,NA_HOST_NETWORK,NA_HOST_NETWORK,618496/0,phase4b
2026-08-09T23:37:59.082Z,D1,HARNESS_bench.js,9.2,193.00,7815.99,NA,NA,threads=11,phase4b
2026-08-09T23:37:59.082Z,D1,peer0.org1.example.com,20.35,578.18,7815.99,NA_HOST_NETWORK,NA_HOST_NETWORK,104714240/1861570560,phase4b
2026-08-09T23:38:00.473Z,D2,cc-unified,0.90,24.30,15914.51,NA_HOST_NETWORK,NA_HOST_NETWORK,1605632/471040,phase4b
2026-08-09T23:38:00.473Z,D2,orderer2.example.com,1.53,459.40,15914.51,NA_HOST_NETWORK,NA_HOST_NETWORK,8413184/1779716096,phase4b
2026-08-09T23:38:00.473Z,D2,peer0.org2.example.com,18.85,544.93,15914.51,NA_HOST_NETWORK,NA_HOST_NETWORK,223277056/2764062720,phase4b
2026-08-09T23:38:00.937Z,D3,cc-unified,2.11,27.40,15823.57,NA_HOST_NETWORK,NA_HOST_NETWORK,3649536/438272,phase4b
2026-08-09T23:38:00.937Z,D3,orderer3.example.com,3.29,540.76,15823.57,NA_HOST_NETWORK,NA_HOST_NETWORK,1736704/1792512000,phase4b
2026-08-09T23:38:00.937Z,D3,peer0.org3.example.com,23.30,592.09,15823.57,NA_HOST_NETWORK,NA_HOST_NETWORK,129396736/1926901760,phase4b
2026-08-09T23:38:01.138Z,D1,cc-unified,1.71,28.07,7815.99,NA_HOST_NETWORK,NA_HOST_NETWORK,618496/0,phase4b
2026-08-09T23:38:01.138Z,D1,HARNESS_bench.js,12.9,195.34,7815.99,NA,NA,threads=11,phase4b
2026-08-09T23:38:01.138Z,D1,peer0.org1.example.com,27.39,580.08,7815.99,NA_HOST_NETWORK,NA_HOST_NETWORK,104714240/1861971968,phase4b
2026-08-09T23:38:01.138Z,D4,cc-unified,2.72,27.69,15823.56,NA_HOST_NETWORK,NA_HOST_NETWORK,159744/0,phase4b
2026-08-09T23:38:01.138Z,D4,orderer.example.com,9.97,1172.53,15823.56,NA_HOST_NETWORK,NA_HOST_NETWORK,460148736/1292812288,phase4b
2026-08-09T23:38:01.138Z,D4,peer0.org4.example.com,21.32,899.34,15823.56,NA_HOST_NETWORK,NA_HOST_NETWORK,76587008/1877573632,phase4b
2026-08-09T23:38:02.557Z,D2,cc-unified,1.21,24.55,15914.51,NA_HOST_NETWORK,NA_HOST_NETWORK,1605632/471040,phase4b
2026-08-09T23:38:02.557Z,D2,orderer2.example.com,1.65,460.50,15914.51,NA_HOST_NETWORK,NA_HOST_NETWORK,8413184/1780056064,phase4b
2026-08-09T23:38:02.557Z,D2,peer0.org2.example.com,10.23,544.99,15914.51,NA_HOST_NETWORK,NA_HOST_NETWORK,223277056/2764271616,phase4b
2026-08-09T23:38:02.989Z,D3,cc-unified,2.69,27.18,15823.57,NA_HOST_NETWORK,NA_HOST_NETWORK,3649536/438272,phase4b
2026-08-09T23:38:02.989Z,D3,orderer3.example.com,3.13,541.53,15823.57,NA_HOST_NETWORK,NA_HOST_NETWORK,1736704/1793019904,phase4b
2026-08-09T23:38:02.989Z,D3,peer0.org3.example.com,26.67,592.59,15823.57,NA_HOST_NETWORK,NA_HOST_NETWORK,129396736/1927323648,phase4b
2026-08-09T23:38:03.221Z,D4,cc-unified,2.53,26.24,15823.56,NA_HOST_NETWORK,NA_HOST_NETWORK,159744/0,phase4b
2026-08-09T23:38:03.221Z,D4,orderer.example.com,8.13,1173.23,15823.56,NA_HOST_NETWORK,NA_HOST_NETWORK,460148736/1293287424,phase4b
2026-08-09T23:38:03.221Z,D4,peer0.org4.example.com,21.18,898.99,15823.56,NA_HOST_NETWORK,NA_HOST_NETWORK,76587008/1877991424,phase4b
2026-08-09T23:38:03.237Z,D1,cc-unified,1.52,28.81,7815.99,NA_HOST_NETWORK,NA_HOST_NETWORK,618496/0,phase4b
2026-08-09T23:38:03.237Z,D1,HARNESS_bench.js,12.9,198.32,7815.99,NA,NA,threads=11,phase4b
2026-08-09T23:38:03.237Z,D1,peer0.org1.example.com,29.09,581.02,7815.99,NA_HOST_NETWORK,NA_HOST_NETWORK,104714240/1862443008,phase4b
2026-08-09T23:38:04.641Z,D2,cc-unified,1.29,24.55,15914.51,NA_HOST_NETWORK,NA_HOST_NETWORK,1605632/471040,phase4b
2026-08-09T23:38:04.641Z,D2,orderer2.example.com,1.75,460.64,15914.51,NA_HOST_NETWORK,NA_HOST_NETWORK,8413184/1780568064,phase4b
2026-08-09T23:38:04.641Z,D2,peer0.org2.example.com,18.86,545.64,15914.51,NA_HOST_NETWORK,NA_HOST_NETWORK,223277056/2764513280,phase4b
2026-08-09T23:38:05.148Z,D3,cc-unified,1.15,26.23,15823.57,NA_HOST_NETWORK,NA_HOST_NETWORK,3649536/438272,phase4b
2026-08-09T23:38:05.148Z,D3,orderer3.example.com,3.57,542.09,15823.57,NA_HOST_NETWORK,NA_HOST_NETWORK,1835008/1794826240,phase4b
2026-08-09T23:38:05.148Z,D3,peer0.org3.example.com,21.55,592.79,15823.57,NA_HOST_NETWORK,NA_HOST_NETWORK,129396736/1927651328,phase4b
2026-08-09T23:38:05.274Z,D4,cc-unified,0.44,26.45,15823.56,NA_HOST_NETWORK,NA_HOST_NETWORK,159744/0,phase4b
2026-08-09T23:38:05.274Z,D4,orderer.example.com,2.98,1173.68,15823.56,NA_HOST_NETWORK,NA_HOST_NETWORK,460148736/1293758464,phase4b
2026-08-09T23:38:05.274Z,D4,peer0.org4.example.com,5.60,899.46,15823.56,NA_HOST_NETWORK,NA_HOST_NETWORK,76587008/1878315008,phase4b
2026-08-09T23:38:05.328Z,D1,cc-unified,1.41,29.05,7815.99,NA_HOST_NETWORK,NA_HOST_NETWORK,618496/0,phase4b
2026-08-09T23:38:05.328Z,D1,HARNESS_bench.js,12.1,200.23,7815.99,NA,NA,threads=11,phase4b
2026-08-09T23:38:05.328Z,D1,peer0.org1.example.com,29.84,582.09,7815.99,NA_HOST_NETWORK,NA_HOST_NETWORK,104714240/1862778880,phase4b
2026-08-09T23:38:06.800Z,D2,cc-unified,1.09,24.30,15914.51,NA_HOST_NETWORK,NA_HOST_NETWORK,1605632/471040,phase4b
2026-08-09T23:38:06.800Z,D2,orderer2.example.com,1.60,461.09,15914.51,NA_HOST_NETWORK,NA_HOST_NETWORK,8413184/1781100544,phase4b
2026-08-09T23:38:06.800Z,D2,peer0.org2.example.com,15.16,553.57,15914.51,NA_HOST_NETWORK,NA_HOST_NETWORK,223277056/2764693504,phase4b
2026-08-09T23:38:07.254Z,D3,cc-unified,2.48,27.72,15823.57,NA_HOST_NETWORK,NA_HOST_NETWORK,3649536/438272,phase4b
2026-08-09T23:38:07.254Z,D3,orderer3.example.com,5.14,521.01,15823.57,NA_HOST_NETWORK,NA_HOST_NETWORK,1835008/1795342336,phase4b
2026-08-09T23:38:07.254Z,D3,peer0.org3.example.com,20.45,593.77,15823.57,NA_HOST_NETWORK,NA_HOST_NETWORK,129396736/1928101888,phase4b
2026-08-09T23:38:07.329Z,D4,cc-unified,1.95,27.22,15823.56,NA_HOST_NETWORK,NA_HOST_NETWORK,159744/0,phase4b
2026-08-09T23:38:07.329Z,D4,orderer.example.com,9.04,1174.04,15823.56,NA_HOST_NETWORK,NA_HOST_NETWORK,460148736/1294290944,phase4b
2026-08-09T23:38:07.329Z,D4,peer0.org4.example.com,17.10,899.86,15823.56,NA_HOST_NETWORK,NA_HOST_NETWORK,76587008/1878773760,phase4b
2026-08-09T23:38:07.469Z,D1,cc-unified,2.27,28.57,7815.99,NA_HOST_NETWORK,NA_HOST_NETWORK,618496/0,phase4b
2026-08-09T23:38:07.469Z,D1,HARNESS_bench.js,10.2,202.60,7815.99,NA,NA,threads=11,phase4b
2026-08-09T23:38:07.469Z,D1,peer0.org1.example.com,29.61,582.03,7815.99,NA_HOST_NETWORK,NA_HOST_NETWORK,104714240/1863159808,phase4b
2026-08-09T23:38:08.857Z,D2,cc-unified,1.80,24.80,15914.51,NA_HOST_NETWORK,NA_HOST_NETWORK,1605632/471040,phase4b
2026-08-09T23:38:08.857Z,D2,orderer2.example.com,2.01,461.44,15914.51,NA_HOST_NETWORK,NA_HOST_NETWORK,8413184/1781743616,phase4b
2026-08-09T23:38:08.857Z,D2,peer0.org2.example.com,16.96,545.30,15914.51,NA_HOST_NETWORK,NA_HOST_NETWORK,223277056/2764992512,phase4b
2026-08-09T23:38:09.388Z,D3,cc-unified,2.95,28.07,15823.57,NA_HOST_NETWORK,NA_HOST_NETWORK,3649536/438272,phase4b
2026-08-09T23:38:09.388Z,D3,orderer3.example.com,3.86,520.77,15823.57,NA_HOST_NETWORK,NA_HOST_NETWORK,1835008/1796075520,phase4b
2026-08-09T23:38:09.388Z,D3,peer0.org3.example.com,30.57,593.35,15823.57,NA_HOST_NETWORK,NA_HOST_NETWORK,129396736/1928646656,phase4b
2026-08-09T23:38:09.404Z,D4,cc-unified,3.31,26.35,15823.56,NA_HOST_NETWORK,NA_HOST_NETWORK,159744/0,phase4b
2026-08-09T23:38:09.404Z,D4,orderer.example.com,12.81,1173.61,15823.56,NA_HOST_NETWORK,NA_HOST_NETWORK,460148736/1294970880,phase4b
2026-08-09T23:38:09.404Z,D4,peer0.org4.example.com,28.04,900.43,15823.56,NA_HOST_NETWORK,NA_HOST_NETWORK,76587008/1879318528,phase4b
2026-08-09T23:38:09.532Z,D1,cc-unified,3.05,28.70,7815.99,NA_HOST_NETWORK,NA_HOST_NETWORK,618496/0,phase4b
2026-08-09T23:38:09.532Z,D1,HARNESS_bench.js,19.3,202.10,7815.99,NA,NA,threads=11,phase4b
2026-08-09T23:38:09.532Z,D1,peer0.org1.example.com,36.46,582.46,7815.99,NA_HOST_NETWORK,NA_HOST_NETWORK,104714240/1863667712,phase4b
2026-08-09T23:38:10.940Z,D2,cc-unified,0.70,24.30,15914.51,NA_HOST_NETWORK,NA_HOST_NETWORK,1605632/471040,phase4b
2026-08-09T23:38:10.940Z,D2,orderer2.example.com,4.86,465.49,15914.51,NA_HOST_NETWORK,NA_HOST_NETWORK,11673600/1783590912,phase4b
2026-08-09T23:38:10.940Z,D2,peer0.org2.example.com,18.25,545.69,15914.51,NA_HOST_NETWORK,NA_HOST_NETWORK,223277056/2765287424,phase4b
2026-08-09T23:38:11.546Z,D3,cc-unified,1.46,28.19,15823.57,NA_HOST_NETWORK,NA_HOST_NETWORK,3649536/438272,phase4b
2026-08-09T23:38:11.546Z,D3,orderer3.example.com,2.96,521.46,15823.57,NA_HOST_NETWORK,NA_HOST_NETWORK,1835008/1796472832,phase4b
2026-08-09T23:38:11.546Z,D3,peer0.org3.example.com,17.03,593.50,15823.57,NA_HOST_NETWORK,NA_HOST_NETWORK,129396736/1928978432,phase4b
2026-08-09T23:38:11.557Z,D4,cc-unified,1.79,25.45,15823.56,NA_HOST_NETWORK,NA_HOST_NETWORK,159744/0,phase4b
2026-08-09T23:38:11.557Z,D4,orderer.example.com,6.70,1175.09,15823.56,NA_HOST_NETWORK,NA_HOST_NETWORK,460148736/1295372288,phase4b
2026-08-09T23:38:11.557Z,D4,peer0.org4.example.com,13.27,900.85,15823.56,NA_HOST_NETWORK,NA_HOST_NETWORK,76587008/1879650304,phase4b
2026-08-09T23:38:11.605Z,D1,cc-unified,1.65,28.05,7815.99,NA_HOST_NETWORK,NA_HOST_NETWORK,618496/0,phase4b
2026-08-09T23:38:11.605Z,D1,HARNESS_bench.js,9.2,202.14,7815.99,NA,NA,threads=11,phase4b
2026-08-09T23:38:11.605Z,D1,peer0.org1.example.com,26.66,582.34,7815.99,NA_HOST_NETWORK,NA_HOST_NETWORK,104714240/1863938048,phase4b
2026-08-09T23:38:13.023Z,D2,cc-unified,0.92,24.30,15914.51,NA_HOST_NETWORK,NA_HOST_NETWORK,1605632/471040,phase4b
2026-08-09T23:38:13.023Z,D2,orderer2.example.com,2.26,465.98,15914.51,NA_HOST_NETWORK,NA_HOST_NETWORK,11673600/1784393728,phase4b
2026-08-09T23:38:13.023Z,D2,peer0.org2.example.com,12.46,545.41,15914.51,NA_HOST_NETWORK,NA_HOST_NETWORK,223277056/2765537280,phase4b
2026-08-09T23:38:13.654Z,D4,cc-unified,1.98,26.14,15823.56,NA_HOST_NETWORK,NA_HOST_NETWORK,159744/0,phase4b
2026-08-09T23:38:13.654Z,D4,orderer.example.com,8.22,1175.51,15823.56,NA_HOST_NETWORK,NA_HOST_NETWORK,460148736/1295929344,phase4b
2026-08-09T23:38:13.654Z,D4,peer0.org4.example.com,17.46,901.04,15823.56,NA_HOST_NETWORK,NA_HOST_NETWORK,76587008/1880113152,phase4b
2026-08-09T23:38:13.708Z,D1,cc-unified,2.64,28.32,7815.99,NA_HOST_NETWORK,NA_HOST_NETWORK,618496/0,phase4b
2026-08-09T23:38:13.708Z,D1,HARNESS_bench.js,12.4,202.16,7815.99,NA,NA,threads=11,phase4b
2026-08-09T23:38:13.708Z,D1,peer0.org1.example.com,31.16,583.36,7815.99,NA_HOST_NETWORK,NA_HOST_NETWORK,104714240/1864404992,phase4b
2026-08-09T23:38:13.709Z,D3,cc-unified,4.64,29.35,15823.57,NA_HOST_NETWORK,NA_HOST_NETWORK,3649536/438272,phase4b
2026-08-09T23:38:13.709Z,D3,orderer3.example.com,3.54,520.98,15823.57,NA_HOST_NETWORK,NA_HOST_NETWORK,1835008/1797062656,phase4b
2026-08-09T23:38:13.709Z,D3,peer0.org3.example.com,26.09,594.00,15823.57,NA_HOST_NETWORK,NA_HOST_NETWORK,129396736/1929474048,phase4b
2026-08-09T23:38:15.084Z,D2,cc-unified,1.31,24.56,15914.51,NA_HOST_NETWORK,NA_HOST_NETWORK,1605632/471040,phase4b
2026-08-09T23:38:15.084Z,D2,orderer2.example.com,1.83,466.39,15914.51,NA_HOST_NETWORK,NA_HOST_NETWORK,11673600/1784926208,phase4b
2026-08-09T23:38:15.084Z,D2,peer0.org2.example.com,17.09,545.81,15914.51,NA_HOST_NETWORK,NA_HOST_NETWORK,223277056/2765774848,phase4b
2026-08-09T23:38:15.715Z,D4,cc-unified,2.34,26.40,15823.56,NA_HOST_NETWORK,NA_HOST_NETWORK,159744/0,phase4b
2026-08-09T23:38:15.715Z,D4,orderer.example.com,10.95,1175.86,15823.56,NA_HOST_NETWORK,NA_HOST_NETWORK,460148736/1296601088,phase4b
2026-08-09T23:38:15.715Z,D4,peer0.org4.example.com,21.81,901.14,15823.56,NA_HOST_NETWORK,NA_HOST_NETWORK,76587008/1880530944,phase4b
2026-08-09T23:38:15.758Z,D1,cc-unified,2.50,28.33,7815.99,NA_HOST_NETWORK,NA_HOST_NETWORK,618496/0,phase4b
2026-08-09T23:38:15.758Z,D1,HARNESS_bench.js,17.1,157.01,7815.99,NA,NA,threads=11,phase4b
2026-08-09T23:38:15.758Z,D1,peer0.org1.example.com,32.40,583.25,7815.99,NA_HOST_NETWORK,NA_HOST_NETWORK,104714240/1864839168,phase4b
2026-08-09T23:38:15.871Z,D3,cc-unified,2.67,28.44,15823.57,NA_HOST_NETWORK,NA_HOST_NETWORK,3649536/438272,phase4b
2026-08-09T23:38:15.871Z,D3,orderer3.example.com,3.03,523.18,15823.57,NA_HOST_NETWORK,NA_HOST_NETWORK,1835008/1797705728,phase4b
2026-08-09T23:38:15.871Z,D3,peer0.org3.example.com,24.39,593.47,15823.57,NA_HOST_NETWORK,NA_HOST_NETWORK,129396736/1929981952,phase4b
2026-08-09T23:38:17.170Z,D2,cc-unified,1.90,24.30,15914.51,NA_HOST_NETWORK,NA_HOST_NETWORK,1605632/471040,phase4b
2026-08-09T23:38:17.170Z,D2,orderer2.example.com,2.13,466.72,15914.51,NA_HOST_NETWORK,NA_HOST_NETWORK,11673600/1785581568,phase4b
2026-08-09T23:38:17.170Z,D2,peer0.org2.example.com,14.80,546.42,15914.51,NA_HOST_NETWORK,NA_HOST_NETWORK,223277056/2765975552,phase4b
2026-08-09T23:38:17.804Z,D1,cc-unified,2.04,27.56,7815.99,NA_HOST_NETWORK,NA_HOST_NETWORK,618496/0,phase4b
2026-08-09T23:38:17.804Z,D1,HARNESS_bench.js,9.3,157.11,7815.99,NA,NA,threads=11,phase4b
2026-08-09T23:38:17.804Z,D1,peer0.org1.example.com,23.00,583.55,7815.99,NA_HOST_NETWORK,NA_HOST_NETWORK,104714240/1865236480,phase4b
2026-08-09T23:38:17.870Z,D4,cc-unified,0.99,25.19,15823.56,NA_HOST_NETWORK,NA_HOST_NETWORK,159744/0,phase4b
2026-08-09T23:38:17.870Z,D4,orderer.example.com,5.46,1175.98,15823.56,NA_HOST_NETWORK,NA_HOST_NETWORK,460148736/1297039360,phase4b
2026-08-09T23:38:17.870Z,D4,peer0.org4.example.com,17.52,900.72,15823.56,NA_HOST_NETWORK,NA_HOST_NETWORK,76587008/1881018368,phase4b
2026-08-09T23:38:18.041Z,D3,cc-unified,1.59,28.10,15823.57,NA_HOST_NETWORK,NA_HOST_NETWORK,3649536/438272,phase4b
2026-08-09T23:38:18.041Z,D3,orderer3.example.com,2.74,523.58,15823.57,NA_HOST_NETWORK,NA_HOST_NETWORK,1835008/1798144000,phase4b
2026-08-09T23:38:18.041Z,D3,peer0.org3.example.com,16.30,593.21,15823.57,NA_HOST_NETWORK,NA_HOST_NETWORK,129396736/1930350592,phase4b
2026-08-09T23:38:19.244Z,D2,cc-unified,1.30,24.55,15914.51,NA_HOST_NETWORK,NA_HOST_NETWORK,1605632/471040,phase4b
2026-08-09T23:38:19.244Z,D2,orderer2.example.com,2.15,467.06,15914.51,NA_HOST_NETWORK,NA_HOST_NETWORK,11673600/1786126336,phase4b
2026-08-09T23:38:19.244Z,D2,peer0.org2.example.com,13.03,546.14,15914.51,NA_HOST_NETWORK,NA_HOST_NETWORK,223277056/2766213120,phase4b
2026-08-09T23:38:19.926Z,D4,cc-unified,0.99,26.42,15823.56,NA_HOST_NETWORK,NA_HOST_NETWORK,159744/0,phase4b
2026-08-09T23:38:19.926Z,D4,orderer.example.com,4.42,1176.57,15823.56,NA_HOST_NETWORK,NA_HOST_NETWORK,460148736/1297457152,phase4b
2026-08-09T23:38:19.926Z,D4,peer0.org4.example.com,7.49,901.70,15823.56,NA_HOST_NETWORK,NA_HOST_NETWORK,76587008/1881370624,phase4b
2026-08-09T23:38:19.948Z,D1,cc-unified,1.86,28.09,7815.99,NA_HOST_NETWORK,NA_HOST_NETWORK,618496/0,phase4b
2026-08-09T23:38:19.948Z,D1,HARNESS_bench.js,12.6,157.23,7815.99,NA,NA,threads=11,phase4b
2026-08-09T23:38:19.948Z,D1,peer0.org1.example.com,26.68,584.33,7815.99,NA_HOST_NETWORK,NA_HOST_NETWORK,104714240/1865625600,phase4b
2026-08-09T23:38:20.206Z,D3,cc-unified,1.33,29.12,15823.57,NA_HOST_NETWORK,NA_HOST_NETWORK,3649536/438272,phase4b
2026-08-09T23:38:20.206Z,D3,orderer3.example.com,3.70,524.00,15823.57,NA_HOST_NETWORK,NA_HOST_NETWORK,1835008/1798647808,phase4b
2026-08-09T23:38:20.206Z,D3,peer0.org3.example.com,21.48,593.25,15823.57,NA_HOST_NETWORK,NA_HOST_NETWORK,129396736/1930768384,phase4b
2026-08-09T23:38:21.330Z,D2,cc-unified,0.63,24.82,15914.51,NA_HOST_NETWORK,NA_HOST_NETWORK,1605632/471040,phase4b
2026-08-09T23:38:21.330Z,D2,orderer2.example.com,2.29,467.58,15914.51,NA_HOST_NETWORK,NA_HOST_NETWORK,11673600/1786634240,phase4b
2026-08-09T23:38:21.330Z,D2,peer0.org2.example.com,16.85,546.83,15914.51,NA_HOST_NETWORK,NA_HOST_NETWORK,223277056/2766467072,phase4b
2026-08-09T23:38:22.068Z,D4,cc-unified,2.02,25.91,15823.56,NA_HOST_NETWORK,NA_HOST_NETWORK,159744/0,phase4b
2026-08-09T23:38:22.068Z,D4,orderer.example.com,9.14,1176.98,15823.56,NA_HOST_NETWORK,NA_HOST_NETWORK,460148736/1297981440,phase4b
2026-08-09T23:38:22.068Z,D4,peer0.org4.example.com,17.77,901.68,15823.56,NA_HOST_NETWORK,NA_HOST_NETWORK,76587008/1881808896,phase4b
2026-08-09T23:38:22.089Z,D1,cc-unified,1.88,26.72,7815.99,NA_HOST_NETWORK,NA_HOST_NETWORK,618496/0,phase4b
2026-08-09T23:38:22.089Z,D1,HARNESS_bench.js,9.8,157.23,7815.99,NA,NA,threads=11,phase4b
2026-08-09T23:38:22.089Z,D1,peer0.org1.example.com,26.26,582.67,7815.99,NA_HOST_NETWORK,NA_HOST_NETWORK,104714240/1866002432,phase4b
2026-08-09T23:38:22.415Z,D3,cc-unified,1.98,28.68,15823.57,NA_HOST_NETWORK,NA_HOST_NETWORK,3649536/438272,phase4b
2026-08-09T23:38:22.415Z,D3,orderer3.example.com,3.48,524.51,15823.57,NA_HOST_NETWORK,NA_HOST_NETWORK,1835008/1799221248,phase4b
2026-08-09T23:38:22.415Z,D3,peer0.org3.example.com,22.34,593.41,15823.57,NA_HOST_NETWORK,NA_HOST_NETWORK,129396736/1931251712,phase4b
2026-08-09T23:38:23.413Z,D2,cc-unified,0.81,24.30,15914.51,NA_HOST_NETWORK,NA_HOST_NETWORK,1605632/471040,phase4b
2026-08-09T23:38:23.413Z,D2,orderer2.example.com,2.40,468.81,15914.51,NA_HOST_NETWORK,NA_HOST_NETWORK,11673600/1787342848,phase4b
2026-08-09T23:38:23.413Z,D2,peer0.org2.example.com,16.27,546.44,15914.51,NA_HOST_NETWORK,NA_HOST_NETWORK,223277056/2766729216,phase4b
2026-08-09T23:38:24.217Z,D4,cc-unified,1.76,25.12,15823.56,NA_HOST_NETWORK,NA_HOST_NETWORK,159744/0,phase4b
2026-08-09T23:38:24.217Z,D4,orderer.example.com,8.85,1177.51,15823.56,NA_HOST_NETWORK,NA_HOST_NETWORK,460148736/1298411520,phase4b
2026-08-09T23:38:24.217Z,D4,peer0.org4.example.com,15.44,901.70,15823.56,NA_HOST_NETWORK,NA_HOST_NETWORK,76587008/1882189824,phase4b
2026-08-09T23:38:24.227Z,D1,cc-unified,1.43,28.57,7815.99,NA_HOST_NETWORK,NA_HOST_NETWORK,618496/0,phase4b
2026-08-09T23:38:24.227Z,D1,HARNESS_bench.js,13.1,155.49,7815.99,NA,NA,threads=11,phase4b
2026-08-09T23:38:24.227Z,D1,peer0.org1.example.com,25.06,584.04,7815.99,NA_HOST_NETWORK,NA_HOST_NETWORK,104714240/1866358784,phase4b
2026-08-09T23:38:24.464Z,D3,cc-unified,1.33,28.96,15823.57,NA_HOST_NETWORK,NA_HOST_NETWORK,3649536/438272,phase4b
2026-08-09T23:38:24.464Z,D3,orderer3.example.com,3.10,524.62,15823.57,NA_HOST_NETWORK,NA_HOST_NETWORK,1835008/1799581696,phase4b
2026-08-09T23:38:24.464Z,D3,peer0.org3.example.com,17.75,594.75,15823.57,NA_HOST_NETWORK,NA_HOST_NETWORK,129396736/1931575296,phase4b
2026-08-09T23:38:25.495Z,D2,cc-unified,0.94,24.78,15914.51,NA_HOST_NETWORK,NA_HOST_NETWORK,1605632/471040,phase4b
2026-08-09T23:38:25.495Z,D2,orderer2.example.com,2.41,470.04,15914.51,NA_HOST_NETWORK,NA_HOST_NETWORK,11673600/1787809792,phase4b
2026-08-09T23:38:25.495Z,D2,peer0.org2.example.com,12.14,546.77,15914.51,NA_HOST_NETWORK,NA_HOST_NETWORK,223277056/2766950400,phase4b
2026-08-09T23:38:26.263Z,D4,cc-unified,1.78,26.66,15823.56,NA_HOST_NETWORK,NA_HOST_NETWORK,159744/0,phase4b
2026-08-09T23:38:26.263Z,D4,orderer.example.com,5.56,1154.59,15823.56,NA_HOST_NETWORK,NA_HOST_NETWORK,460148736/1298919424,phase4b
2026-08-09T23:38:26.263Z,D4,peer0.org4.example.com,9.09,902.89,15823.56,NA_HOST_NETWORK,NA_HOST_NETWORK,76587008/1882628096,phase4b
2026-08-09T23:38:26.369Z,D1,cc-unified,2.92,28.18,7815.99,NA_HOST_NETWORK,NA_HOST_NETWORK,618496/0,phase4b
2026-08-09T23:38:26.369Z,D1,HARNESS_bench.js,14.2,154.32,7815.99,NA,NA,threads=11,phase4b
2026-08-09T23:38:26.369Z,D1,peer0.org1.example.com,38.97,584.17,7815.99,NA_HOST_NETWORK,NA_HOST_NETWORK,104714240/1866772480,phase4b
2026-08-09T23:38:26.628Z,D3,cc-unified,2.74,28.73,15823.57,NA_HOST_NETWORK,NA_HOST_NETWORK,3649536/438272,phase4b
2026-08-09T23:38:26.628Z,D3,orderer3.example.com,3.51,524.85,15823.57,NA_HOST_NETWORK,NA_HOST_NETWORK,1835008/1800118272,phase4b
2026-08-09T23:38:26.628Z,D3,peer0.org3.example.com,22.09,594.77,15823.57,NA_HOST_NETWORK,NA_HOST_NETWORK,129396736/1932046336,phase4b
2026-08-09T23:38:27.664Z,D2,cc-unified,1.01,24.80,15914.51,NA_HOST_NETWORK,NA_HOST_NETWORK,1605632/471040,phase4b
2026-08-09T23:38:27.664Z,D2,orderer2.example.com,2.38,471.97,15914.51,NA_HOST_NETWORK,NA_HOST_NETWORK,11673600/1788321792,phase4b
2026-08-09T23:38:27.664Z,D2,peer0.org2.example.com,16.99,547.12,15914.51,NA_HOST_NETWORK,NA_HOST_NETWORK,223277056/2767183872,phase4b
2026-08-09T23:38:28.348Z,D4,cc-unified,3.10,27.14,15823.56,NA_HOST_NETWORK,NA_HOST_NETWORK,159744/0,phase4b
2026-08-09T23:38:28.348Z,D4,orderer.example.com,11.15,1158.21,15823.56,NA_HOST_NETWORK,NA_HOST_NETWORK,460148736/1299492864,phase4b
2026-08-09T23:38:28.348Z,D4,peer0.org4.example.com,24.73,903.53,15823.56,NA_HOST_NETWORK,NA_HOST_NETWORK,76587008/1883090944,phase4b
2026-08-09T23:38:28.415Z,D1,cc-unified,3.29,28.23,7815.99,NA_HOST_NETWORK,NA_HOST_NETWORK,618496/0,phase4b
2026-08-09T23:38:28.415Z,D1,HARNESS_bench.js,15.0,154.37,7815.99,NA,NA,threads=11,phase4b
2026-08-09T23:38:28.415Z,D1,peer0.org1.example.com,37.56,584.38,7815.99,NA_HOST_NETWORK,NA_HOST_NETWORK,104714240/1867231232,phase4b
2026-08-09T23:38:28.786Z,D3,cc-unified,2.65,28.71,15823.57,NA_HOST_NETWORK,NA_HOST_NETWORK,3649536/438272,phase4b
2026-08-09T23:38:28.786Z,D3,orderer3.example.com,3.41,525.36,15823.57,NA_HOST_NETWORK,NA_HOST_NETWORK,1835008/1800675328,phase4b
2026-08-09T23:38:28.786Z,D3,peer0.org3.example.com,25.00,595.31,15823.57,NA_HOST_NETWORK,NA_HOST_NETWORK,129396736/1932500992,phase4b
2026-08-09T23:38:29.727Z,D2,cc-unified,0.81,24.30,15914.51,NA_HOST_NETWORK,NA_HOST_NETWORK,1605632/471040,phase4b
2026-08-09T23:38:29.727Z,D2,orderer2.example.com,1.93,473.43,15914.51,NA_HOST_NETWORK,NA_HOST_NETWORK,11673600/1788837888,phase4b
2026-08-09T23:38:29.727Z,D2,peer0.org2.example.com,13.78,546.73,15914.51,NA_HOST_NETWORK,NA_HOST_NETWORK,223277056/2767310848,phase4b
2026-08-09T23:38:30.419Z,D4,cc-unified,2.30,26.19,15823.56,NA_HOST_NETWORK,NA_HOST_NETWORK,159744/0,phase4b
2026-08-09T23:38:30.419Z,D4,orderer.example.com,11.10,1158.91,15823.56,NA_HOST_NETWORK,NA_HOST_NETWORK,460148736/1300008960,phase4b
2026-08-09T23:38:30.419Z,D4,peer0.org4.example.com,23.57,903.38,15823.56,NA_HOST_NETWORK,NA_HOST_NETWORK,76587008/1883508736,phase4b
2026-08-09T23:38:30.487Z,D1,cc-unified,2.19,28.26,7815.99,NA_HOST_NETWORK,NA_HOST_NETWORK,618496/0,phase4b
2026-08-09T23:38:30.487Z,D1,HARNESS_bench.js,11.2,154.39,7815.99,NA,NA,threads=11,phase4b
2026-08-09T23:38:30.487Z,D1,peer0.org1.example.com,31.35,584.41,7815.99,NA_HOST_NETWORK,NA_HOST_NETWORK,104714240/1867653120,phase4b
2026-08-09T23:38:30.844Z,D3,cc-unified,4.40,28.26,15823.57,NA_HOST_NETWORK,NA_HOST_NETWORK,3649536/438272,phase4b
2026-08-09T23:38:30.844Z,D3,orderer3.example.com,2.69,525.28,15823.57,NA_HOST_NETWORK,NA_HOST_NETWORK,1835008/1801203712,phase4b
2026-08-09T23:38:30.844Z,D3,peer0.org3.example.com,22.78,598.52,15823.57,NA_HOST_NETWORK,NA_HOST_NETWORK,129396736/1932922880,phase4b
2026-08-09T23:38:31.801Z,D2,cc-unified,0.79,24.80,15914.51,NA_HOST_NETWORK,NA_HOST_NETWORK,1605632/471040,phase4b
2026-08-09T23:38:31.801Z,D2,orderer2.example.com,2.15,475.14,15914.51,NA_HOST_NETWORK,NA_HOST_NETWORK,11673600/1789358080,phase4b
2026-08-09T23:38:31.801Z,D2,peer0.org2.example.com,9.51,546.87,15914.51,NA_HOST_NETWORK,NA_HOST_NETWORK,223277056/2767507456,phase4b
2026-08-09T23:38:32.465Z,D4,cc-unified,0.60,26.64,15823.56,NA_HOST_NETWORK,NA_HOST_NETWORK,159744/0,phase4b
2026-08-09T23:38:32.465Z,D4,orderer.example.com,3.46,1159.47,15823.56,NA_HOST_NETWORK,NA_HOST_NETWORK,460148736/1300525056,phase4b
2026-08-09T23:38:32.465Z,D4,peer0.org4.example.com,7.43,903.64,15823.56,NA_HOST_NETWORK,NA_HOST_NETWORK,76587008/1883926528,phase4b
2026-08-09T23:38:32.532Z,D1,cc-unified,1.93,27.84,7815.99,NA_HOST_NETWORK,NA_HOST_NETWORK,618496/0,phase4b
2026-08-09T23:38:32.532Z,D1,HARNESS_bench.js,16.2,153.52,7815.99,NA,NA,threads=11,phase4b
2026-08-09T23:38:32.532Z,D1,peer0.org1.example.com,29.79,585.53,7815.99,NA_HOST_NETWORK,NA_HOST_NETWORK,104714240/1868087296,phase4b
2026-08-09T23:38:32.899Z,D3,cc-unified,2.66,27.51,15823.57,NA_HOST_NETWORK,NA_HOST_NETWORK,3649536/438272,phase4b
2026-08-09T23:38:32.899Z,D3,orderer3.example.com,3.59,525.40,15823.57,NA_HOST_NETWORK,NA_HOST_NETWORK,1835008/1801760768,phase4b
2026-08-09T23:38:32.899Z,D3,peer0.org3.example.com,26.20,597.88,15823.57,NA_HOST_NETWORK,NA_HOST_NETWORK,129396736/1933361152,phase4b
2026-08-09T23:38:33.888Z,D2,cc-unified,0.87,25.27,15914.51,NA_HOST_NETWORK,NA_HOST_NETWORK,1605632/487424,phase4b
2026-08-09T23:38:33.888Z,D2,orderer2.example.com,2.26,469.23,15914.51,NA_HOST_NETWORK,NA_HOST_NETWORK,11673600/1789906944,phase4b
2026-08-09T23:38:33.888Z,D2,peer0.org2.example.com,17.58,538.57,15914.51,NA_HOST_NETWORK,NA_HOST_NETWORK,223277056/2767720448,phase4b
2026-08-09T23:38:34.572Z,D4,cc-unified,0.48,25.44,15823.56,NA_HOST_NETWORK,NA_HOST_NETWORK,159744/0,phase4b
2026-08-09T23:38:34.572Z,D4,orderer.example.com,4.58,1159.61,15823.56,NA_HOST_NETWORK,NA_HOST_NETWORK,460148736/1300869120,phase4b
2026-08-09T23:38:34.572Z,D4,peer0.org4.example.com,6.15,903.76,15823.56,NA_HOST_NETWORK,NA_HOST_NETWORK,76587008/1884213248,phase4b
2026-08-09T23:38:34.667Z,D1,cc-unified,1.02,28.05,7815.99,NA_HOST_NETWORK,NA_HOST_NETWORK,618496/0,phase4b
2026-08-09T23:38:34.667Z,D1,HARNESS_bench.js,6.7,153.52,7815.99,NA,NA,threads=11,phase4b
2026-08-09T23:38:34.667Z,D1,peer0.org1.example.com,21.71,585.08,7815.99,NA_HOST_NETWORK,NA_HOST_NETWORK,104714240/1868484608,phase4b
2026-08-09T23:38:34.954Z,D3,cc-unified,0.15,28.00,15823.57,NA_HOST_NETWORK,NA_HOST_NETWORK,3649536/438272,phase4b
2026-08-09T23:38:34.954Z,D3,orderer3.example.com,2.41,526.38,15823.57,NA_HOST_NETWORK,NA_HOST_NETWORK,1835008/1801969664,phase4b
2026-08-09T23:38:34.954Z,D3,peer0.org3.example.com,13.27,596.70,15823.57,NA_HOST_NETWORK,NA_HOST_NETWORK,129396736/1933541376,phase4b
2026-08-09T23:38:35.975Z,D2,cc-unified,0.00,24.28,15914.51,NA_HOST_NETWORK,NA_HOST_NETWORK,1605632/487424,phase4b
2026-08-09T23:38:35.975Z,D2,orderer2.example.com,1.43,470.06,15914.51,NA_HOST_NETWORK,NA_HOST_NETWORK,11673600/1790029824,phase4b
2026-08-09T23:38:35.975Z,D2,peer0.org2.example.com,13.95,538.73,15914.51,NA_HOST_NETWORK,NA_HOST_NETWORK,223277056/2767945728,phase4b
2026-08-09T23:38:36.667Z,D4,cc-unified,0.00,25.18,15823.56,NA_HOST_NETWORK,NA_HOST_NETWORK,159744/0,phase4b
2026-08-09T23:38:36.667Z,D4,orderer.example.com,2.95,1159.37,15823.56,NA_HOST_NETWORK,NA_HOST_NETWORK,460148736/1300869120,phase4b
2026-08-09T23:38:36.667Z,D4,peer0.org4.example.com,4.16,903.06,15823.56,NA_HOST_NETWORK,NA_HOST_NETWORK,76587008/1884213248,phase4b
2026-08-09T23:38:36.718Z,D1,cc-unified,0.00,27.06,7815.99,NA_HOST_NETWORK,NA_HOST_NETWORK,618496/0,phase4b
2026-08-09T23:38:36.718Z,D1,HARNESS_bench.js,1.0,153.56,7815.99,NA,NA,threads=11,phase4b
2026-08-09T23:38:36.718Z,D1,peer0.org1.example.com,20.35,585.86,7815.99,NA_HOST_NETWORK,NA_HOST_NETWORK,104714240/1868840960,phase4b
2026-08-09T23:38:36.999Z,D3,cc-unified,0.00,27.27,15823.57,NA_HOST_NETWORK,NA_HOST_NETWORK,3649536/438272,phase4b
2026-08-09T23:38:36.999Z,D3,orderer3.example.com,1.44,525.88,15823.57,NA_HOST_NETWORK,NA_HOST_NETWORK,1835008/1801969664,phase4b
2026-08-09T23:38:36.999Z,D3,peer0.org3.example.com,6.99,596.96,15823.57,NA_HOST_NETWORK,NA_HOST_NETWORK,129396736/1933541376,phase4b
2026-08-09T23:38:38.032Z,D2,cc-unified,0.00,24.28,15914.51,NA_HOST_NETWORK,NA_HOST_NETWORK,1605632/487424,phase4b
2026-08-09T23:38:38.032Z,D2,orderer2.example.com,1.06,470.55,15914.51,NA_HOST_NETWORK,NA_HOST_NETWORK,11673600/1790029824,phase4b
2026-08-09T23:38:38.032Z,D2,peer0.org2.example.com,11.30,539.09,15914.51,NA_HOST_NETWORK,NA_HOST_NETWORK,223277056/2768318464,phase4b
2026-08-09T23:38:38.790Z,D1,cc-unified,0.00,27.06,7815.99,NA_HOST_NETWORK,NA_HOST_NETWORK,618496/0,phase4b
2026-08-09T23:38:38.790Z,D1,HARNESS_bench.js,0.9,153.56,7815.99,NA,NA,threads=11,phase4b
2026-08-09T23:38:38.790Z,D1,peer0.org1.example.com,13.20,586.37,7815.99,NA_HOST_NETWORK,NA_HOST_NETWORK,104714240/1869123584,phase4b
2026-08-09T23:38:38.820Z,D4,cc-unified,0.00,25.18,15823.56,NA_HOST_NETWORK,NA_HOST_NETWORK,159744/0,phase4b
2026-08-09T23:38:38.820Z,D4,orderer.example.com,1.58,1159.92,15823.56,NA_HOST_NETWORK,NA_HOST_NETWORK,460148736/1300869120,phase4b
2026-08-09T23:38:38.820Z,D4,peer0.org4.example.com,1.81,902.81,15823.56,NA_HOST_NETWORK,NA_HOST_NETWORK,76587008/1884213248,phase4b
2026-08-09T23:38:39.042Z,D3,cc-unified,0.00,27.27,15823.57,NA_HOST_NETWORK,NA_HOST_NETWORK,3649536/438272,phase4b
2026-08-09T23:38:39.042Z,D3,orderer3.example.com,1.67,526.38,15823.57,NA_HOST_NETWORK,NA_HOST_NETWORK,1835008/1801973760,phase4b
2026-08-09T23:38:39.042Z,D3,peer0.org3.example.com,6.41,597.34,15823.57,NA_HOST_NETWORK,NA_HOST_NETWORK,129396736/1933541376,phase4b
2026-08-09T23:38:40.114Z,D2,cc-unified,0.00,24.28,15914.51,NA_HOST_NETWORK,NA_HOST_NETWORK,1605632/487424,phase4b
2026-08-09T23:38:40.114Z,D2,orderer2.example.com,0.96,469.46,15914.51,NA_HOST_NETWORK,NA_HOST_NETWORK,11673600/1790029824,phase4b
2026-08-09T23:38:40.114Z,D2,peer0.org2.example.com,14.16,539.14,15914.51,NA_HOST_NETWORK,NA_HOST_NETWORK,223277056/2768683008,phase4b
2026-08-09T23:38:40.867Z,D4,cc-unified,0.00,25.18,15823.56,NA_HOST_NETWORK,NA_HOST_NETWORK,159744/0,phase4b
2026-08-09T23:38:40.867Z,D4,orderer.example.com,1.81,1158.39,15823.56,NA_HOST_NETWORK,NA_HOST_NETWORK,460148736/1300869120,phase4b
2026-08-09T23:38:40.867Z,D4,peer0.org4.example.com,2.55,902.55,15823.56,NA_HOST_NETWORK,NA_HOST_NETWORK,76587008/1884213248,phase4b
2026-08-09T23:38:40.935Z,D1,cc-unified,0.00,27.06,7815.99,NA_HOST_NETWORK,NA_HOST_NETWORK,618496/0,phase4b
2026-08-09T23:38:40.935Z,D1,HARNESS_bench.js,1.9,153.56,7815.99,NA,NA,threads=11,phase4b
2026-08-09T23:38:40.935Z,D1,peer0.org1.example.com,23.53,585.97,7815.99,NA_HOST_NETWORK,NA_HOST_NETWORK,104714240/1869578240,phase4b
2026-08-09T23:38:41.092Z,D3,cc-unified,0.00,27.27,15823.57,NA_HOST_NETWORK,NA_HOST_NETWORK,3649536/438272,phase4b
2026-08-09T23:38:41.092Z,D3,orderer3.example.com,1.47,526.38,15823.57,NA_HOST_NETWORK,NA_HOST_NETWORK,1835008/1801973760,phase4b
2026-08-09T23:38:41.092Z,D3,peer0.org3.example.com,7.17,597.16,15823.57,NA_HOST_NETWORK,NA_HOST_NETWORK,129396736/1933541376,phase4b
2026-08-09T23:38:42.191Z,D2,cc-unified,0.00,24.28,15914.51,NA_HOST_NETWORK,NA_HOST_NETWORK,1605632/487424,phase4b
2026-08-09T23:38:42.191Z,D2,orderer2.example.com,1.04,469.95,15914.51,NA_HOST_NETWORK,NA_HOST_NETWORK,11673600/1790033920,phase4b
2026-08-09T23:38:42.191Z,D2,peer0.org2.example.com,16.94,539.47,15914.51,NA_HOST_NETWORK,NA_HOST_NETWORK,223277056/2769092608,phase4b
2026-08-09T23:38:42.987Z,D1,cc-unified,0.00,27.06,7815.99,NA_HOST_NETWORK,NA_HOST_NETWORK,618496/0,phase4b
2026-08-09T23:38:42.987Z,D1,HARNESS_bench.js,0.9,153.56,7815.99,NA,NA,threads=11,phase4b
2026-08-09T23:38:42.987Z,D1,peer0.org1.example.com,15.08,586.91,7815.99,NA_HOST_NETWORK,NA_HOST_NETWORK,104714240/1869975552,phase4b
2026-08-09T23:38:43.011Z,D4,cc-unified,0.00,25.18,15823.56,NA_HOST_NETWORK,NA_HOST_NETWORK,159744/0,phase4b
2026-08-09T23:38:43.011Z,D4,orderer.example.com,2.70,1158.94,15823.56,NA_HOST_NETWORK,NA_HOST_NETWORK,460148736/1300869120,phase4b
2026-08-09T23:38:43.011Z,D4,peer0.org4.example.com,2.82,902.57,15823.56,NA_HOST_NETWORK,NA_HOST_NETWORK,76587008/1884213248,phase4b
2026-08-09T23:38:43.367Z,D3,cc-unified,0.00,27.27,15823.57,NA_HOST_NETWORK,NA_HOST_NETWORK,3649536/438272,phase4b
2026-08-09T23:38:43.367Z,D3,orderer3.example.com,1.66,526.87,15823.57,NA_HOST_NETWORK,NA_HOST_NETWORK,1835008/1801973760,phase4b
2026-08-09T23:38:43.367Z,D3,peer0.org3.example.com,5.17,596.95,15823.57,NA_HOST_NETWORK,NA_HOST_NETWORK,129396736/1933541376,phase4b
2026-08-09T23:38:44.272Z,D2,cc-unified,0.00,24.28,15914.51,NA_HOST_NETWORK,NA_HOST_NETWORK,1605632/487424,phase4b
2026-08-09T23:38:44.272Z,D2,orderer2.example.com,1.07,470.20,15914.51,NA_HOST_NETWORK,NA_HOST_NETWORK,11673600/1790033920,phase4b
2026-08-09T23:38:44.272Z,D2,peer0.org2.example.com,13.76,539.64,15914.51,NA_HOST_NETWORK,NA_HOST_NETWORK,223277056/2769567744,phase4b
2026-08-09T23:38:45.134Z,D1,cc-unified,0.00,27.06,7815.99,NA_HOST_NETWORK,NA_HOST_NETWORK,618496/0,phase4b
2026-08-09T23:38:45.134Z,D1,HARNESS_bench.js,0.9,153.56,7815.99,NA,NA,threads=11,phase4b
2026-08-09T23:38:45.134Z,D1,peer0.org1.example.com,15.24,586.45,7815.99,NA_HOST_NETWORK,NA_HOST_NETWORK,104714240/1870336000,phase4b
2026-08-09T23:38:45.160Z,D4,cc-unified,0.00,25.18,15823.56,NA_HOST_NETWORK,NA_HOST_NETWORK,159744/0,phase4b
2026-08-09T23:38:45.160Z,D4,orderer.example.com,1.49,1159.17,15823.56,NA_HOST_NETWORK,NA_HOST_NETWORK,460148736/1300869120,phase4b
2026-08-09T23:38:45.160Z,D4,peer0.org4.example.com,2.65,902.55,15823.56,NA_HOST_NETWORK,NA_HOST_NETWORK,76587008/1884213248,phase4b
2026-08-09T23:38:45.468Z,D3,cc-unified,0.00,27.27,15823.57,NA_HOST_NETWORK,NA_HOST_NETWORK,3649536/438272,phase4b
2026-08-09T23:38:45.468Z,D3,orderer3.example.com,1.59,526.14,15823.57,NA_HOST_NETWORK,NA_HOST_NETWORK,1835008/1801973760,phase4b
2026-08-09T23:38:45.468Z,D3,peer0.org3.example.com,6.47,596.82,15823.57,NA_HOST_NETWORK,NA_HOST_NETWORK,129396736/1933541376,phase4b
2026-08-09T23:38:46.363Z,D2,cc-unified,0.00,24.28,15914.51,NA_HOST_NETWORK,NA_HOST_NETWORK,1605632/487424,phase4b
2026-08-09T23:38:46.363Z,D2,orderer2.example.com,1.00,469.70,15914.51,NA_HOST_NETWORK,NA_HOST_NETWORK,11673600/1790033920,phase4b
2026-08-09T23:38:46.363Z,D2,peer0.org2.example.com,17.54,539.85,15914.51,NA_HOST_NETWORK,NA_HOST_NETWORK,223277056/2769932288,phase4b
2026-08-09T23:38:47.216Z,D4,cc-unified,0.00,25.18,15823.56,NA_HOST_NETWORK,NA_HOST_NETWORK,159744/0,phase4b
2026-08-09T23:38:47.216Z,D4,orderer.example.com,0.95,1158.19,15823.56,NA_HOST_NETWORK,NA_HOST_NETWORK,460148736/1300869120,phase4b
2026-08-09T23:38:47.216Z,D4,peer0.org4.example.com,1.53,902.32,15823.56,NA_HOST_NETWORK,NA_HOST_NETWORK,76587008/1884213248,phase4b
2026-08-09T23:38:47.283Z,D1,cc-unified,0.00,27.06,7815.99,NA_HOST_NETWORK,NA_HOST_NETWORK,618496/0,phase4b
2026-08-09T23:38:47.283Z,D1,HARNESS_bench.js,0.9,153.56,7815.99,NA,NA,threads=11,phase4b
2026-08-09T23:38:47.283Z,D1,peer0.org1.example.com,16.30,587.42,7815.99,NA_HOST_NETWORK,NA_HOST_NETWORK,104714240/1870704640,phase4b
2026-08-09T23:38:47.632Z,D3,cc-unified,0.00,27.27,15823.57,NA_HOST_NETWORK,NA_HOST_NETWORK,3649536/438272,phase4b
2026-08-09T23:38:47.632Z,D3,orderer3.example.com,1.62,526.85,15823.57,NA_HOST_NETWORK,NA_HOST_NETWORK,1835008/1801973760,phase4b
2026-08-09T23:38:47.632Z,D3,peer0.org3.example.com,5.89,596.85,15823.57,NA_HOST_NETWORK,NA_HOST_NETWORK,129396736/1933541376,phase4b
2026-08-09T23:38:48.524Z,D2,cc-unified,0.00,24.28,15914.51,NA_HOST_NETWORK,NA_HOST_NETWORK,1605632/487424,phase4b
2026-08-09T23:38:48.524Z,D2,orderer2.example.com,1.09,469.46,15914.51,NA_HOST_NETWORK,NA_HOST_NETWORK,11673600/1790033920,phase4b
2026-08-09T23:38:48.524Z,D2,peer0.org2.example.com,17.48,539.95,15914.51,NA_HOST_NETWORK,NA_HOST_NETWORK,223277056/2770456576,phase4b
2026-08-09T23:38:49.354Z,D4,cc-unified,0.00,25.18,15823.56,NA_HOST_NETWORK,NA_HOST_NETWORK,159744/0,phase4b
2026-08-09T23:38:49.354Z,D4,orderer.example.com,2.60,1158.82,15823.56,NA_HOST_NETWORK,NA_HOST_NETWORK,460148736/1300869120,phase4b
2026-08-09T23:38:49.354Z,D4,peer0.org4.example.com,3.43,902.30,15823.56,NA_HOST_NETWORK,NA_HOST_NETWORK,76587008/1884213248,phase4b
2026-08-09T23:38:49.406Z,D1,cc-unified,0.00,27.06,7815.99,NA_HOST_NETWORK,NA_HOST_NETWORK,618496/0,phase4b
2026-08-09T23:38:49.406Z,D1,HARNESS_bench.js,0.5,153.56,7815.99,NA,NA,threads=11,phase4b
2026-08-09T23:38:49.406Z,D1,peer0.org1.example.com,10.44,586.08,7815.99,NA_HOST_NETWORK,NA_HOST_NETWORK,104714240/1870876672,phase4b
2026-08-09T23:38:49.719Z,D3,cc-unified,0.00,27.27,15823.57,NA_HOST_NETWORK,NA_HOST_NETWORK,3649536/438272,phase4b
2026-08-09T23:38:49.719Z,D3,orderer3.example.com,1.52,526.62,15823.57,NA_HOST_NETWORK,NA_HOST_NETWORK,1835008/1801973760,phase4b
2026-08-09T23:38:49.719Z,D3,peer0.org3.example.com,6.68,596.66,15823.57,NA_HOST_NETWORK,NA_HOST_NETWORK,129396736/1933541376,phase4b
2026-08-09T23:38:50.582Z,D2,cc-unified,0.00,24.28,15914.51,NA_HOST_NETWORK,NA_HOST_NETWORK,1605632/487424,phase4b
2026-08-09T23:38:50.582Z,D2,orderer2.example.com,1.03,470.18,15914.51,NA_HOST_NETWORK,NA_HOST_NETWORK,11673600/1790033920,phase4b
2026-08-09T23:38:50.582Z,D2,peer0.org2.example.com,11.90,540.34,15914.51,NA_HOST_NETWORK,NA_HOST_NETWORK,223277056/2770857984,phase4b
2026-08-09T23:38:51.452Z,D4,cc-unified,0.00,25.18,15823.56,NA_HOST_NETWORK,NA_HOST_NETWORK,159744/0,phase4b
2026-08-09T23:38:51.452Z,D4,orderer.example.com,2.55,1157.95,15823.56,NA_HOST_NETWORK,NA_HOST_NETWORK,460148736/1300869120,phase4b
2026-08-09T23:38:51.452Z,D4,peer0.org4.example.com,2.95,901.82,15823.56,NA_HOST_NETWORK,NA_HOST_NETWORK,76587008/1884213248,phase4b
2026-08-09T23:38:51.571Z,D1,cc-unified,0.00,27.06,7815.99,NA_HOST_NETWORK,NA_HOST_NETWORK,618496/0,phase4b
2026-08-09T23:38:51.571Z,D1,HARNESS_bench.js,0.5,153.56,7815.99,NA,NA,threads=11,phase4b
2026-08-09T23:38:51.571Z,D1,peer0.org1.example.com,13.78,586.61,7815.99,NA_HOST_NETWORK,NA_HOST_NETWORK,104714240/1871142912,phase4b
2026-08-09T23:38:51.875Z,D3,cc-unified,0.00,27.27,15823.57,NA_HOST_NETWORK,NA_HOST_NETWORK,3649536/438272,phase4b
2026-08-09T23:38:51.875Z,D3,orderer3.example.com,1.60,527.12,15823.57,NA_HOST_NETWORK,NA_HOST_NETWORK,1835008/1801973760,phase4b
2026-08-09T23:38:51.875Z,D3,peer0.org3.example.com,5.71,596.98,15823.57,NA_HOST_NETWORK,NA_HOST_NETWORK,129396736/1933541376,phase4b
2026-08-09T23:38:52.665Z,D2,cc-unified,0.00,24.28,15914.51,NA_HOST_NETWORK,NA_HOST_NETWORK,1605632/487424,phase4b
2026-08-09T23:38:52.665Z,D2,orderer2.example.com,1.07,469.72,15914.51,NA_HOST_NETWORK,NA_HOST_NETWORK,11673600/1790033920,phase4b
2026-08-09T23:38:52.665Z,D2,peer0.org2.example.com,23.06,540.83,15914.51,NA_HOST_NETWORK,NA_HOST_NETWORK,223277056/2771320832,phase4b
2026-08-09T23:38:53.573Z,D4,cc-unified,0.00,25.18,15823.56,NA_HOST_NETWORK,NA_HOST_NETWORK,159744/0,phase4b
2026-08-09T23:38:53.573Z,D4,orderer.example.com,1.09,1159.43,15823.56,NA_HOST_NETWORK,NA_HOST_NETWORK,460148736/1300869120,phase4b
2026-08-09T23:38:53.573Z,D4,peer0.org4.example.com,1.05,901.82,15823.56,NA_HOST_NETWORK,NA_HOST_NETWORK,76587008/1884213248,phase4b
2026-08-09T23:38:53.627Z,D1,cc-unified,0.00,27.06,7815.99,NA_HOST_NETWORK,NA_HOST_NETWORK,618496/0,phase4b
2026-08-09T23:38:53.627Z,D1,HARNESS_bench.js,6.8,108.56,7815.99,NA,NA,threads=11,phase4b
2026-08-09T23:38:53.627Z,D1,peer0.org1.example.com,12.37,587.18,7815.99,NA_HOST_NETWORK,NA_HOST_NETWORK,104714240/1871482880,phase4b
2026-08-09T23:38:54.039Z,D3,cc-unified,0.00,27.27,15823.57,NA_HOST_NETWORK,NA_HOST_NETWORK,3649536/438272,phase4b
2026-08-09T23:38:54.039Z,D3,orderer3.example.com,1.66,526.38,15823.57,NA_HOST_NETWORK,NA_HOST_NETWORK,1835008/1801973760,phase4b
2026-08-09T23:38:54.039Z,D3,peer0.org3.example.com,7.47,596.80,15823.57,NA_HOST_NETWORK,NA_HOST_NETWORK,129396736/1933541376,phase4b
2026-08-09T23:38:54.744Z,D2,cc-unified,0.00,24.28,15914.51,NA_HOST_NETWORK,NA_HOST_NETWORK,1605632/487424,phase4b
2026-08-09T23:38:54.744Z,D2,orderer2.example.com,1.06,470.45,15914.51,NA_HOST_NETWORK,NA_HOST_NETWORK,11673600/1790033920,phase4b
2026-08-09T23:38:54.744Z,D2,peer0.org2.example.com,13.84,541.14,15914.51,NA_HOST_NETWORK,NA_HOST_NETWORK,223277056/2771697664,phase4b
2026-08-09T23:38:55.717Z,D4,cc-unified,0.00,25.18,15823.56,NA_HOST_NETWORK,NA_HOST_NETWORK,159744/0,phase4b
2026-08-09T23:38:55.717Z,D4,orderer.example.com,2.69,1158.88,15823.56,NA_HOST_NETWORK,NA_HOST_NETWORK,460148736/1300869120,phase4b
2026-08-09T23:38:55.717Z,D4,peer0.org4.example.com,3.55,902.57,15823.56,NA_HOST_NETWORK,NA_HOST_NETWORK,76587008/1884213248,phase4b
2026-08-09T23:38:55.721Z,D1,cc-unified,0.00,27.06,7815.99,NA_HOST_NETWORK,NA_HOST_NETWORK,618496/0,phase4b
2026-08-09T23:38:55.721Z,D1,HARNESS_bench.js,1.0,109.05,7815.99,NA,NA,threads=11,phase4b
2026-08-09T23:38:55.721Z,D1,peer0.org1.example.com,12.04,587.34,7815.99,NA_HOST_NETWORK,NA_HOST_NETWORK,104714240/1871835136,phase4b
2026-08-09T23:38:56.197Z,D3,cc-unified,0.00,27.27,15823.57,NA_HOST_NETWORK,NA_HOST_NETWORK,3649536/438272,phase4b
2026-08-09T23:38:56.197Z,D3,orderer3.example.com,1.60,526.15,15823.57,NA_HOST_NETWORK,NA_HOST_NETWORK,1835008/1801973760,phase4b
2026-08-09T23:38:56.197Z,D3,peer0.org3.example.com,7.40,597.18,15823.57,NA_HOST_NETWORK,NA_HOST_NETWORK,129396736/1933541376,phase4b
2026-08-09T23:38:56.826Z,D2,cc-unified,0.00,24.28,15914.51,NA_HOST_NETWORK,NA_HOST_NETWORK,1605632/487424,phase4b
2026-08-09T23:38:56.826Z,D2,orderer2.example.com,1.06,470.20,15914.51,NA_HOST_NETWORK,NA_HOST_NETWORK,11673600/1790033920,phase4b
2026-08-09T23:38:56.826Z,D2,peer0.org2.example.com,9.42,541.02,15914.51,NA_HOST_NETWORK,NA_HOST_NETWORK,223277056/2772000768,phase4b
2026-08-09T23:38:57.770Z,D1,cc-unified,0.00,27.06,7815.99,NA_HOST_NETWORK,NA_HOST_NETWORK,618496/0,phase4b
2026-08-09T23:38:57.770Z,D1,HARNESS_bench.js,2.4,109.23,7815.99,NA,NA,threads=11,phase4b
2026-08-09T23:38:57.770Z,D1,peer0.org1.example.com,19.20,587.79,7815.99,NA_HOST_NETWORK,NA_HOST_NETWORK,104714240/1872302080,phase4b
2026-08-09T23:38:57.771Z,D4,cc-unified,0.00,25.18,15823.56,NA_HOST_NETWORK,NA_HOST_NETWORK,159744/0,phase4b
2026-08-09T23:38:57.771Z,D4,orderer.example.com,2.65,1158.82,15823.56,NA_HOST_NETWORK,NA_HOST_NETWORK,460148736/1300869120,phase4b
2026-08-09T23:38:57.771Z,D4,peer0.org4.example.com,3.02,902.32,15823.56,NA_HOST_NETWORK,NA_HOST_NETWORK,76587008/1884213248,phase4b
2026-08-09T23:38:58.364Z,D3,cc-unified,0.00,27.27,15823.57,NA_HOST_NETWORK,NA_HOST_NETWORK,3649536/438272,phase4b
2026-08-09T23:38:58.364Z,D3,orderer3.example.com,1.48,525.39,15823.57,NA_HOST_NETWORK,NA_HOST_NETWORK,1835008/1801973760,phase4b
2026-08-09T23:38:58.364Z,D3,peer0.org3.example.com,6.62,596.05,15823.57,NA_HOST_NETWORK,NA_HOST_NETWORK,129396736/1933541376,phase4b
2026-08-09T23:38:58.912Z,D2,cc-unified,0.00,24.28,15914.51,NA_HOST_NETWORK,NA_HOST_NETWORK,1605632/487424,phase4b
2026-08-09T23:38:58.912Z,D2,orderer2.example.com,1.03,470.20,15914.51,NA_HOST_NETWORK,NA_HOST_NETWORK,11673600/1790033920,phase4b
2026-08-09T23:38:58.912Z,D2,peer0.org2.example.com,15.10,541.86,15914.51,NA_HOST_NETWORK,NA_HOST_NETWORK,223277056/2772373504,phase4b
2026-08-09T23:38:59.815Z,D4,cc-unified,0.00,25.18,15823.56,NA_HOST_NETWORK,NA_HOST_NETWORK,159744/0,phase4b
2026-08-09T23:38:59.815Z,D4,orderer.example.com,0.78,1158.93,15823.56,NA_HOST_NETWORK,NA_HOST_NETWORK,460148736/1300869120,phase4b
2026-08-09T23:38:59.815Z,D4,peer0.org4.example.com,1.03,903.06,15823.56,NA_HOST_NETWORK,NA_HOST_NETWORK,76587008/1884213248,phase4b
2026-08-09T23:38:59.828Z,D1,cc-unified,0.00,27.06,7815.99,NA_HOST_NETWORK,NA_HOST_NETWORK,618496/0,phase4b
2026-08-09T23:38:59.828Z,D1,HARNESS_bench.js,1.0,109.03,7815.99,NA,NA,threads=11,phase4b
2026-08-09T23:38:59.828Z,D1,peer0.org1.example.com,16.21,589.04,7815.99,NA_HOST_NETWORK,NA_HOST_NETWORK,104714240/1872699392,phase4b
2026-08-09T23:39:00.417Z,D3,cc-unified,0.00,27.27,15823.57,NA_HOST_NETWORK,NA_HOST_NETWORK,3649536/438272,phase4b
2026-08-09T23:39:00.417Z,D3,orderer3.example.com,1.73,526.63,15823.57,NA_HOST_NETWORK,NA_HOST_NETWORK,1835008/1801973760,phase4b
2026-08-09T23:39:00.417Z,D3,peer0.org3.example.com,7.10,596.54,15823.57,NA_HOST_NETWORK,NA_HOST_NETWORK,129396736/1933541376,phase4b
2026-08-09T23:39:00.997Z,D2,cc-unified,0.00,24.28,15914.51,NA_HOST_NETWORK,NA_HOST_NETWORK,1605632/487424,phase4b
2026-08-09T23:39:00.997Z,D2,orderer2.example.com,1.00,470.20,15914.51,NA_HOST_NETWORK,NA_HOST_NETWORK,11673600/1790033920,phase4b
2026-08-09T23:39:00.997Z,D2,peer0.org2.example.com,16.90,550.24,15914.51,NA_HOST_NETWORK,NA_HOST_NETWORK,223277056/2772754432,phase4b
2026-08-09T23:39:01.871Z,D4,cc-unified,0.00,25.18,15823.56,NA_HOST_NETWORK,NA_HOST_NETWORK,159744/0,phase4b
2026-08-09T23:39:01.871Z,D4,orderer.example.com,1.78,1159.20,15823.56,NA_HOST_NETWORK,NA_HOST_NETWORK,460148736/1300869120,phase4b
2026-08-09T23:39:01.871Z,D4,peer0.org4.example.com,1.97,902.55,15823.56,NA_HOST_NETWORK,NA_HOST_NETWORK,76587008/1884213248,phase4b
2026-08-09T23:39:01.875Z,D1,cc-unified,0.00,27.06,7815.99,NA_HOST_NETWORK,NA_HOST_NETWORK,618496/0,phase4b
2026-08-09T23:39:01.875Z,D1,HARNESS_bench.js,3.4,108.98,7815.99,NA,NA,threads=11,phase4b
2026-08-09T23:39:01.875Z,D1,peer0.org1.example.com,15.44,589.20,7815.99,NA_HOST_NETWORK,NA_HOST_NETWORK,104714240/1873108992,phase4b
2026-08-09T23:39:02.577Z,D3,cc-unified,0.00,27.27,15823.57,NA_HOST_NETWORK,NA_HOST_NETWORK,3649536/438272,phase4b
2026-08-09T23:39:02.577Z,D3,orderer3.example.com,1.91,526.61,15823.57,NA_HOST_NETWORK,NA_HOST_NETWORK,1835008/1801973760,phase4b
2026-08-09T23:39:02.577Z,D3,peer0.org3.example.com,5.97,596.55,15823.57,NA_HOST_NETWORK,NA_HOST_NETWORK,129396736/1933541376,phase4b
2026-08-09T23:39:03.084Z,D2,cc-unified,0.00,24.28,15914.51,NA_HOST_NETWORK,NA_HOST_NETWORK,1605632/487424,phase4b
2026-08-09T23:39:03.084Z,D2,orderer2.example.com,1.19,469.71,15914.51,NA_HOST_NETWORK,NA_HOST_NETWORK,11673600/1790033920,phase4b
2026-08-09T23:39:03.084Z,D2,peer0.org2.example.com,7.82,541.69,15914.51,NA_HOST_NETWORK,NA_HOST_NETWORK,223277056/2772955136,phase4b
2026-08-09T23:39:03.925Z,D1,cc-unified,0.05,27.06,7815.99,NA_HOST_NETWORK,NA_HOST_NETWORK,618496/0,phase4b
2026-08-09T23:39:03.925Z,D1,HARNESS_bench.js,0.0,109.05,7815.99,NA,NA,threads=11,phase4b
2026-08-09T23:39:03.925Z,D1,peer0.org1.example.com,2.54,589.04,7815.99,NA_HOST_NETWORK,NA_HOST_NETWORK,104714240/1873108992,phase4b
2026-08-09T23:39:04.014Z,D4,cc-unified,0.05,25.18,15823.56,NA_HOST_NETWORK,NA_HOST_NETWORK,159744/0,phase4b
2026-08-09T23:39:04.014Z,D4,orderer.example.com,2.67,1158.91,15823.56,NA_HOST_NETWORK,NA_HOST_NETWORK,460148736/1300869120,phase4b
2026-08-09T23:39:04.014Z,D4,peer0.org4.example.com,4.20,902.82,15823.56,NA_HOST_NETWORK,NA_HOST_NETWORK,76587008/1884213248,phase4b
2026-08-09T23:39:04.693Z,D3,cc-unified,0.01,27.27,15823.57,NA_HOST_NETWORK,NA_HOST_NETWORK,3649536/438272,phase4b
2026-08-09T23:39:04.693Z,D3,orderer3.example.com,1.78,526.63,15823.57,NA_HOST_NETWORK,NA_HOST_NETWORK,1835008/1801973760,phase4b
2026-08-09T23:39:04.693Z,D3,peer0.org3.example.com,7.34,596.55,15823.57,NA_HOST_NETWORK,NA_HOST_NETWORK,129396736/1933541376,phase4b
2026-08-09T23:39:05.152Z,D2,cc-unified,0.01,24.28,15914.51,NA_HOST_NETWORK,NA_HOST_NETWORK,1605632/487424,phase4b
2026-08-09T23:39:05.152Z,D2,orderer2.example.com,1.36,469.74,15914.51,NA_HOST_NETWORK,NA_HOST_NETWORK,11673600/1790033920,phase4b
2026-08-09T23:39:05.152Z,D2,peer0.org2.example.com,17.26,542.11,15914.51,NA_HOST_NETWORK,NA_HOST_NETWORK,223277056/2773356544,phase4b
2026-08-09T23:39:06.068Z,D1,cc-unified,0.00,27.06,7815.99,NA_HOST_NETWORK,NA_HOST_NETWORK,618496/0,phase4b
2026-08-09T23:39:06.068Z,D1,HARNESS_bench.js,0.5,109.09,7815.99,NA,NA,threads=11,phase4b
2026-08-09T23:39:06.068Z,D1,peer0.org1.example.com,5.82,589.25,7815.99,NA_HOST_NETWORK,NA_HOST_NETWORK,104714240/1873108992,phase4b
2026-08-09T23:39:06.162Z,D4,cc-unified,0.00,25.18,15823.56,NA_HOST_NETWORK,NA_HOST_NETWORK,159744/0,phase4b
2026-08-09T23:39:06.162Z,D4,orderer.example.com,1.25,1159.16,15823.56,NA_HOST_NETWORK,NA_HOST_NETWORK,460148736/1300869120,phase4b
2026-08-09T23:39:06.162Z,D4,peer0.org4.example.com,1.44,902.81,15823.56,NA_HOST_NETWORK,NA_HOST_NETWORK,76587008/1884213248,phase4b
2026-08-09T23:39:06.744Z,D3,cc-unified,0.00,27.27,15823.57,NA_HOST_NETWORK,NA_HOST_NETWORK,3649536/438272,phase4b
2026-08-09T23:39:06.744Z,D3,orderer3.example.com,2.09,526.61,15823.57,NA_HOST_NETWORK,NA_HOST_NETWORK,1835008/1801973760,phase4b
2026-08-09T23:39:06.744Z,D3,peer0.org3.example.com,8.40,596.96,15823.57,NA_HOST_NETWORK,NA_HOST_NETWORK,129396736/1933541376,phase4b
2026-08-09T23:39:07.221Z,D2,cc-unified,0.00,24.28,15914.51,NA_HOST_NETWORK,NA_HOST_NETWORK,1605632/487424,phase4b
2026-08-09T23:39:07.221Z,D2,orderer2.example.com,1.20,470.25,15914.51,NA_HOST_NETWORK,NA_HOST_NETWORK,11673600/1790033920,phase4b
2026-08-09T23:39:07.221Z,D2,peer0.org2.example.com,19.11,550.60,15914.51,NA_HOST_NETWORK,NA_HOST_NETWORK,223277056/2773856256,phase4b
2026-08-09T23:39:08.117Z,D1,cc-unified,0.00,27.06,7815.99,NA_HOST_NETWORK,NA_HOST_NETWORK,618496/0,phase4b
2026-08-09T23:39:08.117Z,D1,HARNESS_bench.js,0.9,109.13,7815.99,NA,NA,threads=11,phase4b
2026-08-09T23:39:08.117Z,D1,peer0.org1.example.com,2.82,588.29,7815.99,NA_HOST_NETWORK,NA_HOST_NETWORK,104714240/1873108992,phase4b
2026-08-09T23:39:08.210Z,D4,cc-unified,0.00,25.18,15823.56,NA_HOST_NETWORK,NA_HOST_NETWORK,159744/0,phase4b
2026-08-09T23:39:08.210Z,D4,orderer.example.com,2.56,1158.76,15823.56,NA_HOST_NETWORK,NA_HOST_NETWORK,460148736/1300869120,phase4b
2026-08-09T23:39:08.210Z,D4,peer0.org4.example.com,3.57,902.57,15823.56,NA_HOST_NETWORK,NA_HOST_NETWORK,76587008/1884213248,phase4b
2026-08-09T23:39:08.909Z,D3,cc-unified,0.00,27.27,15823.57,NA_HOST_NETWORK,NA_HOST_NETWORK,3649536/438272,phase4b
2026-08-09T23:39:08.909Z,D3,orderer3.example.com,1.84,526.39,15823.57,NA_HOST_NETWORK,NA_HOST_NETWORK,1835008/1801973760,phase4b
2026-08-09T23:39:08.909Z,D3,peer0.org3.example.com,7.41,596.32,15823.57,NA_HOST_NETWORK,NA_HOST_NETWORK,129396736/1933541376,phase4b
2026-08-09T23:39:09.357Z,D2,cc-unified,0.00,24.28,15914.51,NA_HOST_NETWORK,NA_HOST_NETWORK,1605632/487424,phase4b
2026-08-09T23:39:09.357Z,D2,orderer2.example.com,1.23,470.03,15914.51,NA_HOST_NETWORK,NA_HOST_NETWORK,11673600/1790033920,phase4b
2026-08-09T23:39:09.357Z,D2,peer0.org2.example.com,11.39,542.92,15914.51,NA_HOST_NETWORK,NA_HOST_NETWORK,223277056/2774220800,phase4b
2026-08-09T23:39:10.267Z,D1,cc-unified,0.00,27.06,7815.99,NA_HOST_NETWORK,NA_HOST_NETWORK,618496/0,phase4b
2026-08-09T23:39:10.267Z,D1,HARNESS_bench.js,0.5,109.19,7815.99,NA,NA,threads=11,phase4b
2026-08-09T23:39:10.267Z,D1,peer0.org1.example.com,2.71,588.79,7815.99,NA_HOST_NETWORK,NA_HOST_NETWORK,104714240/1873108992,phase4b
2026-08-09T23:39:10.368Z,D4,cc-unified,0.00,25.18,15823.56,NA_HOST_NETWORK,NA_HOST_NETWORK,159744/0,phase4b
2026-08-09T23:39:10.368Z,D4,orderer.example.com,3.08,1159.43,15823.56,NA_HOST_NETWORK,NA_HOST_NETWORK,460148736/1300869120,phase4b
2026-08-09T23:39:10.368Z,D4,peer0.org4.example.com,3.73,902.56,15823.56,NA_HOST_NETWORK,NA_HOST_NETWORK,76587008/1884213248,phase4b
2026-08-09T23:39:11.027Z,D3,cc-unified,0.00,27.27,15823.57,NA_HOST_NETWORK,NA_HOST_NETWORK,3649536/438272,phase4b
2026-08-09T23:39:11.027Z,D3,orderer3.example.com,1.90,526.36,15823.57,NA_HOST_NETWORK,NA_HOST_NETWORK,1835008/1801973760,phase4b
2026-08-09T23:39:11.027Z,D3,peer0.org3.example.com,6.21,597.33,15823.57,NA_HOST_NETWORK,NA_HOST_NETWORK,129396736/1933541376,phase4b
2026-08-09T23:39:11.418Z,D2,cc-unified,0.00,24.28,15914.51,NA_HOST_NETWORK,NA_HOST_NETWORK,1605632/487424,phase4b
2026-08-09T23:39:11.418Z,D2,orderer2.example.com,1.19,470.05,15914.51,NA_HOST_NETWORK,NA_HOST_NETWORK,11673600/1790033920,phase4b
2026-08-09T23:39:11.418Z,D2,peer0.org2.example.com,19.84,542.87,15914.51,NA_HOST_NETWORK,NA_HOST_NETWORK,223277056/2774642688,phase4b
2026-08-09T23:39:12.357Z,D1,cc-unified,0.00,27.06,7815.99,NA_HOST_NETWORK,NA_HOST_NETWORK,618496/0,phase4b
2026-08-09T23:39:12.357Z,D1,HARNESS_bench.js,0.0,109.21,7815.99,NA,NA,threads=11,phase4b
2026-08-09T23:39:12.357Z,D1,peer0.org1.example.com,6.18,587.56,7815.99,NA_HOST_NETWORK,NA_HOST_NETWORK,104714240/1873108992,phase4b
2026-08-09T23:39:12.526Z,D4,cc-unified,0.00,25.18,15823.56,NA_HOST_NETWORK,NA_HOST_NETWORK,159744/0,phase4b
2026-08-09T23:39:12.526Z,D4,orderer.example.com,1.14,1159.17,15823.56,NA_HOST_NETWORK,NA_HOST_NETWORK,460148736/1300869120,phase4b
2026-08-09T23:39:12.526Z,D4,peer0.org4.example.com,1.61,902.32,15823.56,NA_HOST_NETWORK,NA_HOST_NETWORK,76587008/1884213248,phase4b
2026-08-09T23:39:13.171Z,D3,cc-unified,0.00,27.27,15823.57,NA_HOST_NETWORK,NA_HOST_NETWORK,3649536/438272,phase4b
2026-08-09T23:39:13.171Z,D3,orderer3.example.com,1.60,525.42,15823.57,NA_HOST_NETWORK,NA_HOST_NETWORK,1835008/1801973760,phase4b
2026-08-09T23:39:13.171Z,D3,peer0.org3.example.com,7.70,596.04,15823.57,NA_HOST_NETWORK,NA_HOST_NETWORK,129396736/1933541376,phase4b
2026-08-09T23:39:13.503Z,D2,cc-unified,0.00,24.28,15914.51,NA_HOST_NETWORK,NA_HOST_NETWORK,1605632/487424,phase4b
2026-08-09T23:39:13.503Z,D2,orderer2.example.com,1.29,470.07,15914.51,NA_HOST_NETWORK,NA_HOST_NETWORK,11673600/1790033920,phase4b
2026-08-09T23:39:13.503Z,D2,peer0.org2.example.com,12.75,551.17,15914.51,NA_HOST_NETWORK,NA_HOST_NETWORK,223277056/2774913024,phase4b
2026-08-09T23:39:14.500Z,D1,cc-unified,0.00,27.06,7815.99,NA_HOST_NETWORK,NA_HOST_NETWORK,618496/0,phase4b
2026-08-09T23:39:14.500Z,D1,HARNESS_bench.js,1.0,109.27,7815.99,NA,NA,threads=11,phase4b
2026-08-09T23:39:14.500Z,D1,peer0.org1.example.com,3.54,587.56,7815.99,NA_HOST_NETWORK,NA_HOST_NETWORK,104714240/1873108992,phase4b
2026-08-09T23:39:14.582Z,D4,cc-unified,0.00,25.18,15823.56,NA_HOST_NETWORK,NA_HOST_NETWORK,159744/0,phase4b
2026-08-09T23:39:14.582Z,D4,orderer.example.com,1.27,1158.92,15823.56,NA_HOST_NETWORK,NA_HOST_NETWORK,460148736/1300869120,phase4b
2026-08-09T23:39:14.582Z,D4,peer0.org4.example.com,1.13,901.82,15823.56,NA_HOST_NETWORK,NA_HOST_NETWORK,76587008/1884213248,phase4b
2026-08-09T23:39:15.248Z,D3,cc-unified,0.00,27.27,15823.57,NA_HOST_NETWORK,NA_HOST_NETWORK,3649536/438272,phase4b
2026-08-09T23:39:15.248Z,D3,orderer3.example.com,2.14,525.89,15823.57,NA_HOST_NETWORK,NA_HOST_NETWORK,1835008/1801973760,phase4b
2026-08-09T23:39:15.248Z,D3,peer0.org3.example.com,6.68,596.29,15823.57,NA_HOST_NETWORK,NA_HOST_NETWORK,129396736/1933541376,phase4b
2026-08-09T23:39:15.578Z,D2,cc-unified,0.00,24.28,15914.51,NA_HOST_NETWORK,NA_HOST_NETWORK,1605632/487424,phase4b
2026-08-09T23:39:15.578Z,D2,orderer2.example.com,1.22,469.81,15914.51,NA_HOST_NETWORK,NA_HOST_NETWORK,11673600/1790033920,phase4b
2026-08-09T23:39:15.578Z,D2,peer0.org2.example.com,10.29,542.92,15914.51,NA_HOST_NETWORK,NA_HOST_NETWORK,223277056/2775277568,phase4b
2026-08-09T23:39:16.598Z,D1,cc-unified,0.00,27.06,7815.99,NA_HOST_NETWORK,NA_HOST_NETWORK,618496/0,phase4b
2026-08-09T23:39:16.598Z,D1,HARNESS_bench.js,0.5,109.32,7815.99,NA,NA,threads=11,phase4b
2026-08-09T23:39:16.598Z,D1,peer0.org1.example.com,3.54,587.56,7815.99,NA_HOST_NETWORK,NA_HOST_NETWORK,104714240/1873108992,phase4b
2026-08-09T23:39:16.841Z,D4,cc-unified,0.00,25.18,15823.56,NA_HOST_NETWORK,NA_HOST_NETWORK,159744/0,phase4b
2026-08-09T23:39:16.841Z,D4,orderer.example.com,2.29,1158.52,15823.56,NA_HOST_NETWORK,NA_HOST_NETWORK,460148736/1300869120,phase4b
2026-08-09T23:39:16.841Z,D4,peer0.org4.example.com,3.43,902.08,15823.56,NA_HOST_NETWORK,NA_HOST_NETWORK,76587008/1884213248,phase4b
2026-08-09T23:39:17.292Z,D3,cc-unified,0.00,27.27,15823.57,NA_HOST_NETWORK,NA_HOST_NETWORK,3649536/438272,phase4b
2026-08-09T23:39:17.292Z,D3,orderer3.example.com,1.78,525.65,15823.57,NA_HOST_NETWORK,NA_HOST_NETWORK,1835008/1801973760,phase4b
2026-08-09T23:39:17.292Z,D3,peer0.org3.example.com,8.01,600.02,15823.57,NA_HOST_NETWORK,NA_HOST_NETWORK,129396736/1933541376,phase4b
2026-08-09T23:39:17.665Z,D2,cc-unified,0.00,24.28,15914.51,NA_HOST_NETWORK,NA_HOST_NETWORK,1605632/487424,phase4b
2026-08-09T23:39:17.665Z,D2,orderer2.example.com,2.60,452.78,15914.51,NA_HOST_NETWORK,NA_HOST_NETWORK,11673600/1790033920,phase4b
2026-08-09T23:39:17.665Z,D2,peer0.org2.example.com,14.72,543.39,15914.51,NA_HOST_NETWORK,NA_HOST_NETWORK,223277056/2775670784,phase4b
2026-08-09T23:39:18.643Z,D1,cc-unified,0.00,27.06,7815.99,NA_HOST_NETWORK,NA_HOST_NETWORK,618496/0,phase4b
2026-08-09T23:39:18.643Z,D1,HARNESS_bench.js,0.5,109.36,7815.99,NA,NA,threads=11,phase4b
2026-08-09T23:39:18.643Z,D1,peer0.org1.example.com,6.52,587.56,7815.99,NA_HOST_NETWORK,NA_HOST_NETWORK,104714240/1873108992,phase4b
2026-08-09T23:39:18.945Z,D4,cc-unified,0.00,25.18,15823.56,NA_HOST_NETWORK,NA_HOST_NETWORK,159744/0,phase4b
2026-08-09T23:39:18.945Z,D4,orderer.example.com,1.63,1158.94,15823.56,NA_HOST_NETWORK,NA_HOST_NETWORK,460148736/1300869120,phase4b
2026-08-09T23:39:18.945Z,D4,peer0.org4.example.com,2.29,902.82,15823.56,NA_HOST_NETWORK,NA_HOST_NETWORK,76587008/1884213248,phase4b
2026-08-09T23:39:19.348Z,D3,cc-unified,0.00,27.27,15823.57,NA_HOST_NETWORK,NA_HOST_NETWORK,3649536/438272,phase4b
2026-08-09T23:39:19.348Z,D3,orderer3.example.com,1.98,526.62,15823.57,NA_HOST_NETWORK,NA_HOST_NETWORK,1835008/1801973760,phase4b
2026-08-09T23:39:19.348Z,D3,peer0.org3.example.com,7.56,605.17,15823.57,NA_HOST_NETWORK,NA_HOST_NETWORK,129396736/1933541376,phase4b
2026-08-09T23:39:19.751Z,D2,cc-unified,0.00,24.28,15914.51,NA_HOST_NETWORK,NA_HOST_NETWORK,1605632/487424,phase4b
2026-08-09T23:39:19.751Z,D2,orderer2.example.com,1.18,452.78,15914.51,NA_HOST_NETWORK,NA_HOST_NETWORK,11673600/1790033920,phase4b
2026-08-09T23:39:19.751Z,D2,peer0.org2.example.com,18.46,543.30,15914.51,NA_HOST_NETWORK,NA_HOST_NETWORK,223277056/2776100864,phase4b
2026-08-09T23:39:20.693Z,D1,cc-unified,0.00,27.06,7815.99,NA_HOST_NETWORK,NA_HOST_NETWORK,618496/0,phase4b
2026-08-09T23:39:20.693Z,D1,HARNESS_bench.js,0.5,109.40,7815.99,NA,NA,threads=11,phase4b
2026-08-09T23:39:20.693Z,D1,peer0.org1.example.com,3.30,588.36,7815.99,NA_HOST_NETWORK,NA_HOST_NETWORK,104714240/1873108992,phase4b
2026-08-09T23:39:20.992Z,D4,cc-unified,0.00,25.18,15823.56,NA_HOST_NETWORK,NA_HOST_NETWORK,159744/0,phase4b
2026-08-09T23:39:20.992Z,D4,orderer.example.com,2.24,1159.41,15823.56,NA_HOST_NETWORK,NA_HOST_NETWORK,460148736/1300869120,phase4b
2026-08-09T23:39:20.992Z,D4,peer0.org4.example.com,2.70,903.07,15823.56,NA_HOST_NETWORK,NA_HOST_NETWORK,76587008/1884213248,phase4b
2026-08-09T23:39:21.394Z,D3,cc-unified,0.00,27.27,15823.57,NA_HOST_NETWORK,NA_HOST_NETWORK,3649536/438272,phase4b
2026-08-09T23:39:21.394Z,D3,orderer3.example.com,1.70,525.86,15823.57,NA_HOST_NETWORK,NA_HOST_NETWORK,1835008/1801973760,phase4b
2026-08-09T23:39:21.394Z,D3,peer0.org3.example.com,6.19,596.97,15823.57,NA_HOST_NETWORK,NA_HOST_NETWORK,129396736/1933541376,phase4b
2026-08-09T23:39:21.832Z,D2,cc-unified,0.00,24.28,15914.51,NA_HOST_NETWORK,NA_HOST_NETWORK,1605632/487424,phase4b
2026-08-09T23:39:21.832Z,D2,orderer2.example.com,1.37,453.02,15914.51,NA_HOST_NETWORK,NA_HOST_NETWORK,11673600/1790033920,phase4b
2026-08-09T23:39:21.832Z,D2,peer0.org2.example.com,9.44,543.42,15914.51,NA_HOST_NETWORK,NA_HOST_NETWORK,223277056/2776432640,phase4b
2026-08-09T23:39:22.752Z,D1,cc-unified,0.00,27.06,7815.99,NA_HOST_NETWORK,NA_HOST_NETWORK,618496/0,phase4b
2026-08-09T23:39:22.752Z,D1,HARNESS_bench.js,0.5,108.54,7815.99,NA,NA,threads=11,phase4b
2026-08-09T23:39:22.752Z,D1,peer0.org1.example.com,2.37,589.04,7815.99,NA_HOST_NETWORK,NA_HOST_NETWORK,104714240/1873108992,phase4b
2026-08-09T23:39:23.094Z,D4,cc-unified,0.00,25.18,15823.56,NA_HOST_NETWORK,NA_HOST_NETWORK,159744/0,phase4b
2026-08-09T23:39:23.094Z,D4,orderer.example.com,3.03,1159.44,15823.56,NA_HOST_NETWORK,NA_HOST_NETWORK,460148736/1300869120,phase4b
2026-08-09T23:39:23.094Z,D4,peer0.org4.example.com,3.71,902.82,15823.56,NA_HOST_NETWORK,NA_HOST_NETWORK,76587008/1884213248,phase4b
2026-08-09T23:39:23.457Z,D3,cc-unified,0.00,27.27,15823.57,NA_HOST_NETWORK,NA_HOST_NETWORK,3649536/438272,phase4b
2026-08-09T23:39:23.457Z,D3,orderer3.example.com,2.05,526.63,15823.57,NA_HOST_NETWORK,NA_HOST_NETWORK,1835008/1801973760,phase4b
2026-08-09T23:39:23.457Z,D3,peer0.org3.example.com,9.45,597.22,15823.57,NA_HOST_NETWORK,NA_HOST_NETWORK,129396736/1933541376,phase4b
2026-08-09T23:39:23.918Z,D2,cc-unified,0.00,24.28,15914.51,NA_HOST_NETWORK,NA_HOST_NETWORK,1605632/487424,phase4b
2026-08-09T23:39:23.918Z,D2,orderer2.example.com,1.18,453.25,15914.51,NA_HOST_NETWORK,NA_HOST_NETWORK,11673600/1790033920,phase4b
2026-08-09T23:39:23.918Z,D2,peer0.org2.example.com,15.99,544.22,15914.51,NA_HOST_NETWORK,NA_HOST_NETWORK,223277056/2776801280,phase4b
2026-08-09T23:39:24.861Z,D1,cc-unified,0.00,27.06,7815.99,NA_HOST_NETWORK,NA_HOST_NETWORK,618496/0,phase4b
2026-08-09T23:39:24.861Z,D1,HARNESS_bench.js,0.5,108.59,7815.99,NA,NA,threads=11,phase4b
2026-08-09T23:39:24.861Z,D1,peer0.org1.example.com,6.24,588.09,7815.99,NA_HOST_NETWORK,NA_HOST_NETWORK,104714240/1873108992,phase4b
2026-08-09T23:39:25.151Z,D4,cc-unified,0.00,25.18,15823.56,NA_HOST_NETWORK,NA_HOST_NETWORK,159744/0,phase4b
2026-08-09T23:39:25.151Z,D4,orderer.example.com,1.30,1158.33,15823.56,NA_HOST_NETWORK,NA_HOST_NETWORK,460148736/1300869120,phase4b
2026-08-09T23:39:25.151Z,D4,peer0.org4.example.com,1.90,902.54,15823.56,NA_HOST_NETWORK,NA_HOST_NETWORK,76587008/1884213248,phase4b
2026-08-09T23:39:25.625Z,D3,cc-unified,0.00,27.27,15823.57,NA_HOST_NETWORK,NA_HOST_NETWORK,3649536/438272,phase4b
2026-08-09T23:39:25.625Z,D3,orderer3.example.com,1.81,526.14,15823.57,NA_HOST_NETWORK,NA_HOST_NETWORK,1835008/1801973760,phase4b
2026-08-09T23:39:25.625Z,D3,peer0.org3.example.com,6.72,595.88,15823.57,NA_HOST_NETWORK,NA_HOST_NETWORK,129396736/1933541376,phase4b
2026-08-09T23:39:26.003Z,D2,cc-unified,0.00,24.28,15914.51,NA_HOST_NETWORK,NA_HOST_NETWORK,1605632/487424,phase4b
2026-08-09T23:39:26.003Z,D2,orderer2.example.com,1.33,453.02,15914.51,NA_HOST_NETWORK,NA_HOST_NETWORK,11673600/1790033920,phase4b
2026-08-09T23:39:26.003Z,D2,peer0.org2.example.com,16.52,544.04,15914.51,NA_HOST_NETWORK,NA_HOST_NETWORK,223277056/2777194496,phase4b
2026-08-09T23:39:26.960Z,D1,cc-unified,0.00,27.06,7815.99,NA_HOST_NETWORK,NA_HOST_NETWORK,618496/0,phase4b
2026-08-09T23:39:26.960Z,D1,HARNESS_bench.js,0.5,108.64,7815.99,NA,NA,threads=11,phase4b
2026-08-09T23:39:26.960Z,D1,peer0.org1.example.com,2.32,588.80,7815.99,NA_HOST_NETWORK,NA_HOST_NETWORK,104714240/1873108992,phase4b
2026-08-09T23:39:27.200Z,D4,cc-unified,0.00,25.18,15823.56,NA_HOST_NETWORK,NA_HOST_NETWORK,159744/0,phase4b
2026-08-09T23:39:27.200Z,D4,orderer.example.com,0.84,1159.46,15823.56,NA_HOST_NETWORK,NA_HOST_NETWORK,460148736/1300869120,phase4b
2026-08-09T23:39:27.200Z,D4,peer0.org4.example.com,0.94,902.55,15823.56,NA_HOST_NETWORK,NA_HOST_NETWORK,76587008/1884213248,phase4b
2026-08-09T23:39:27.674Z,D3,cc-unified,0.00,27.27,15823.57,NA_HOST_NETWORK,NA_HOST_NETWORK,3649536/438272,phase4b
2026-08-09T23:39:27.674Z,D3,orderer3.example.com,1.88,526.39,15823.57,NA_HOST_NETWORK,NA_HOST_NETWORK,1835008/1801973760,phase4b
2026-08-09T23:39:27.674Z,D3,peer0.org3.example.com,6.42,596.85,15823.57,NA_HOST_NETWORK,NA_HOST_NETWORK,129396736/1933541376,phase4b
2026-08-09T23:39:28.071Z,D2,cc-unified,0.00,24.28,15914.51,NA_HOST_NETWORK,NA_HOST_NETWORK,1605632/487424,phase4b
2026-08-09T23:39:28.071Z,D2,orderer2.example.com,1.22,452.53,15914.51,NA_HOST_NETWORK,NA_HOST_NETWORK,11673600/1790033920,phase4b
2026-08-09T23:39:28.071Z,D2,peer0.org2.example.com,10.77,544.29,15914.51,NA_HOST_NETWORK,NA_HOST_NETWORK,223277056/2777546752,phase4b
2026-08-09T23:39:29.009Z,D1,cc-unified,0.00,27.06,7815.99,NA_HOST_NETWORK,NA_HOST_NETWORK,618496/0,phase4b
2026-08-09T23:39:29.009Z,D1,HARNESS_bench.js,0.5,108.68,7815.99,NA,NA,threads=11,phase4b
2026-08-09T23:39:29.009Z,D1,peer0.org1.example.com,3.38,589.31,7815.99,NA_HOST_NETWORK,NA_HOST_NETWORK,104714240/1873108992,phase4b
2026-08-09T23:39:29.249Z,D4,cc-unified,0.00,25.18,15823.56,NA_HOST_NETWORK,NA_HOST_NETWORK,159744/0,phase4b
2026-08-09T23:39:29.249Z,D4,orderer.example.com,2.52,1159.42,15823.56,NA_HOST_NETWORK,NA_HOST_NETWORK,460148736/1300869120,phase4b
2026-08-09T23:39:29.249Z,D4,peer0.org4.example.com,3.46,902.80,15823.56,NA_HOST_NETWORK,NA_HOST_NETWORK,76587008/1884213248,phase4b
2026-08-09T23:39:29.837Z,D3,cc-unified,0.00,27.27,15823.57,NA_HOST_NETWORK,NA_HOST_NETWORK,3649536/438272,phase4b
2026-08-09T23:39:29.837Z,D3,orderer3.example.com,1.82,526.66,15823.57,NA_HOST_NETWORK,NA_HOST_NETWORK,1835008/1801973760,phase4b
2026-08-09T23:39:29.837Z,D3,peer0.org3.example.com,6.70,597.08,15823.57,NA_HOST_NETWORK,NA_HOST_NETWORK,129396736/1933541376,phase4b
2026-08-09T23:39:30.229Z,D2,cc-unified,0.00,24.28,15914.51,NA_HOST_NETWORK,NA_HOST_NETWORK,1605632/487424,phase4b
2026-08-09T23:39:30.229Z,D2,orderer2.example.com,1.37,452.54,15914.51,NA_HOST_NETWORK,NA_HOST_NETWORK,11673600/1790033920,phase4b
2026-08-09T23:39:30.229Z,D2,peer0.org2.example.com,13.82,544.23,15914.51,NA_HOST_NETWORK,NA_HOST_NETWORK,223277056/2777903104,phase4b
2026-08-09T23:39:31.158Z,D1,cc-unified,0.00,27.06,7815.99,NA_HOST_NETWORK,NA_HOST_NETWORK,618496/0,phase4b
2026-08-09T23:39:31.158Z,D1,HARNESS_bench.js,0.5,108.73,7815.99,NA,NA,threads=11,phase4b
2026-08-09T23:39:31.158Z,D1,peer0.org1.example.com,5.67,588.80,7815.99,NA_HOST_NETWORK,NA_HOST_NETWORK,104714240/1873108992,phase4b
2026-08-09T23:39:31.394Z,D4,cc-unified,0.00,25.18,15823.56,NA_HOST_NETWORK,NA_HOST_NETWORK,159744/0,phase4b
2026-08-09T23:39:31.394Z,D4,orderer.example.com,1.51,1159.42,15823.56,NA_HOST_NETWORK,NA_HOST_NETWORK,460148736/1300869120,phase4b
2026-08-09T23:39:31.394Z,D4,peer0.org4.example.com,1.89,902.08,15823.56,NA_HOST_NETWORK,NA_HOST_NETWORK,76587008/1884213248,phase4b
2026-08-09T23:39:31.963Z,D3,cc-unified,0.00,27.27,15823.57,NA_HOST_NETWORK,NA_HOST_NETWORK,3649536/438272,phase4b
2026-08-09T23:39:31.963Z,D3,orderer3.example.com,1.75,526.64,15823.57,NA_HOST_NETWORK,NA_HOST_NETWORK,1835008/1801973760,phase4b
2026-08-09T23:39:31.963Z,D3,peer0.org3.example.com,7.52,597.00,15823.57,NA_HOST_NETWORK,NA_HOST_NETWORK,129396736/1933541376,phase4b
2026-08-09T23:39:32.285Z,D2,cc-unified,0.00,24.28,15914.51,NA_HOST_NETWORK,NA_HOST_NETWORK,1605632/487424,phase4b
2026-08-09T23:39:32.285Z,D2,orderer2.example.com,1.18,452.79,15914.51,NA_HOST_NETWORK,NA_HOST_NETWORK,11673600/1790033920,phase4b
2026-08-09T23:39:32.285Z,D2,peer0.org2.example.com,14.67,552.61,15914.51,NA_HOST_NETWORK,NA_HOST_NETWORK,223277056/2778267648,phase4b
2026-08-09T23:39:33.306Z,D1,cc-unified,0.00,27.06,7815.99,NA_HOST_NETWORK,NA_HOST_NETWORK,618496/0,phase4b
2026-08-09T23:39:33.306Z,D1,HARNESS_bench.js,0.5,108.76,7815.99,NA,NA,threads=11,phase4b
2026-08-09T23:39:33.306Z,D1,peer0.org1.example.com,3.04,588.79,7815.99,NA_HOST_NETWORK,NA_HOST_NETWORK,104714240/1873108992,phase4b
2026-08-09T23:39:33.445Z,D4,cc-unified,0.00,25.18,15823.56,NA_HOST_NETWORK,NA_HOST_NETWORK,159744/0,phase4b
2026-08-09T23:39:33.445Z,D4,orderer.example.com,2.13,1159.41,15823.56,NA_HOST_NETWORK,NA_HOST_NETWORK,460148736/1300869120,phase4b
2026-08-09T23:39:33.445Z,D4,peer0.org4.example.com,3.00,902.81,15823.56,NA_HOST_NETWORK,NA_HOST_NETWORK,76587008/1884213248,phase4b
2026-08-09T23:39:34.119Z,D3,cc-unified,0.01,27.27,15823.57,NA_HOST_NETWORK,NA_HOST_NETWORK,3649536/438272,phase4b
2026-08-09T23:39:34.119Z,D3,orderer3.example.com,2.06,526.13,15823.57,NA_HOST_NETWORK,NA_HOST_NETWORK,1835008/1801973760,phase4b
2026-08-09T23:39:34.119Z,D3,peer0.org3.example.com,7.50,596.88,15823.57,NA_HOST_NETWORK,NA_HOST_NETWORK,129396736/1933541376,phase4b
2026-08-09T23:39:34.368Z,D2,cc-unified,0.02,24.29,15914.51,NA_HOST_NETWORK,NA_HOST_NETWORK,1605632/487424,phase4b
2026-08-09T23:39:34.368Z,D2,orderer2.example.com,1.32,452.77,15914.51,NA_HOST_NETWORK,NA_HOST_NETWORK,11673600/1790033920,phase4b
2026-08-09T23:39:34.368Z,D2,peer0.org2.example.com,9.60,544.80,15914.51,NA_HOST_NETWORK,NA_HOST_NETWORK,223277056/2778529792,phase4b
2026-08-09T23:39:35.372Z,D1,cc-unified,0.02,27.06,7815.99,NA_HOST_NETWORK,NA_HOST_NETWORK,618496/0,phase4b
2026-08-09T23:39:35.372Z,D1,HARNESS_bench.js,0.5,108.82,7815.99,NA,NA,threads=11,phase4b
2026-08-09T23:39:35.372Z,D1,peer0.org1.example.com,2.69,588.32,7815.99,NA_HOST_NETWORK,NA_HOST_NETWORK,104714240/1873108992,phase4b
2026-08-09T23:39:35.600Z,D4,cc-unified,0.02,25.18,15823.56,NA_HOST_NETWORK,NA_HOST_NETWORK,159744/0,phase4b
2026-08-09T23:39:35.600Z,D4,orderer.example.com,2.60,1159.69,15823.56,NA_HOST_NETWORK,NA_HOST_NETWORK,460148736/1300869120,phase4b
2026-08-09T23:39:35.600Z,D4,peer0.org4.example.com,3.95,903.30,15823.56,NA_HOST_NETWORK,NA_HOST_NETWORK,76587008/1884213248,phase4b
2026-08-09T23:39:36.254Z,D3,cc-unified,0.00,27.27,15823.57,NA_HOST_NETWORK,NA_HOST_NETWORK,3649536/438272,phase4b
2026-08-09T23:39:36.254Z,D3,orderer3.example.com,1.75,526.16,15823.57,NA_HOST_NETWORK,NA_HOST_NETWORK,1835008/1801973760,phase4b
2026-08-09T23:39:36.254Z,D3,peer0.org3.example.com,6.35,596.84,15823.57,NA_HOST_NETWORK,NA_HOST_NETWORK,129396736/1933541376,phase4b
2026-08-09T23:39:36.438Z,D2,cc-unified,0.00,24.28,15914.51,NA_HOST_NETWORK,NA_HOST_NETWORK,1605632/487424,phase4b
2026-08-09T23:39:36.438Z,D2,orderer2.example.com,1.19,452.29,15914.51,NA_HOST_NETWORK,NA_HOST_NETWORK,11673600/1790033920,phase4b
2026-08-09T23:39:36.438Z,D2,peer0.org2.example.com,18.19,544.83,15914.51,NA_HOST_NETWORK,NA_HOST_NETWORK,223277056/2778898432,phase4b
2026-08-09T23:39:37.452Z,D1,cc-unified,0.00,27.06,7815.99,NA_HOST_NETWORK,NA_HOST_NETWORK,618496/0,phase4b
2026-08-09T23:39:37.452Z,D1,HARNESS_bench.js,1.0,108.84,7815.99,NA,NA,threads=11,phase4b
2026-08-09T23:39:37.452Z,D1,peer0.org1.example.com,5.87,588.31,7815.99,NA_HOST_NETWORK,NA_HOST_NETWORK,104714240/1873108992,phase4b
2026-08-09T23:39:37.808Z,D4,cc-unified,0.00,25.18,15823.56,NA_HOST_NETWORK,NA_HOST_NETWORK,159744/0,phase4b
2026-08-09T23:39:37.808Z,D4,orderer.example.com,1.09,1159.91,15823.56,NA_HOST_NETWORK,NA_HOST_NETWORK,460148736/1300869120,phase4b
2026-08-09T23:39:37.808Z,D4,peer0.org4.example.com,1.37,902.56,15823.56,NA_HOST_NETWORK,NA_HOST_NETWORK,76587008/1884213248,phase4b
2026-08-09T23:39:38.420Z,D3,cc-unified,0.00,27.27,15823.57,NA_HOST_NETWORK,NA_HOST_NETWORK,3649536/438272,phase4b
2026-08-09T23:39:38.420Z,D3,orderer3.example.com,1.93,526.13,15823.57,NA_HOST_NETWORK,NA_HOST_NETWORK,1835008/1801973760,phase4b
2026-08-09T23:39:38.420Z,D3,peer0.org3.example.com,6.34,595.95,15823.57,NA_HOST_NETWORK,NA_HOST_NETWORK,129396736/1933541376,phase4b
2026-08-09T23:39:38.514Z,D2,cc-unified,0.00,24.28,15914.51,NA_HOST_NETWORK,NA_HOST_NETWORK,1605632/487424,phase4b
2026-08-09T23:39:38.514Z,D2,orderer2.example.com,1.28,453.02,15914.51,NA_HOST_NETWORK,NA_HOST_NETWORK,11673600/1790033920,phase4b
2026-08-09T23:39:38.514Z,D2,peer0.org2.example.com,15.43,553.85,15914.51,NA_HOST_NETWORK,NA_HOST_NETWORK,223277056/2779353088,phase4b
2026-08-09T23:39:39.500Z,D1,cc-unified,0.00,27.06,7815.99,NA_HOST_NETWORK,NA_HOST_NETWORK,618496/0,phase4b
2026-08-09T23:39:39.500Z,D1,HARNESS_bench.js,0.0,108.90,7815.99,NA,NA,threads=11,phase4b
2026-08-09T23:39:39.500Z,D1,peer0.org1.example.com,2.01,587.56,7815.99,NA_HOST_NETWORK,NA_HOST_NETWORK,104714240/1873108992,phase4b
2026-08-09T23:39:39.859Z,D4,cc-unified,0.00,25.18,15823.56,NA_HOST_NETWORK,NA_HOST_NETWORK,159744/0,phase4b
2026-08-09T23:39:39.859Z,D4,orderer.example.com,1.44,1158.69,15823.56,NA_HOST_NETWORK,NA_HOST_NETWORK,460148736/1300869120,phase4b
2026-08-09T23:39:39.859Z,D4,peer0.org4.example.com,2.73,902.80,15823.56,NA_HOST_NETWORK,NA_HOST_NETWORK,76587008/1884213248,phase4b
2026-08-09T23:39:40.577Z,D2,cc-unified,0.00,24.28,15914.51,NA_HOST_NETWORK,NA_HOST_NETWORK,1605632/487424,phase4b
2026-08-09T23:39:40.577Z,D2,orderer2.example.com,1.11,452.76,15914.51,NA_HOST_NETWORK,NA_HOST_NETWORK,11673600/1790033920,phase4b
2026-08-09T23:39:40.577Z,D2,peer0.org2.example.com,10.71,545.96,15914.51,NA_HOST_NETWORK,NA_HOST_NETWORK,223277056/2779758592,phase4b
2026-08-09T23:39:40.587Z,D3,cc-unified,0.00,27.27,15823.57,NA_HOST_NETWORK,NA_HOST_NETWORK,3649536/438272,phase4b
2026-08-09T23:39:40.587Z,D3,orderer3.example.com,1.79,525.89,15823.57,NA_HOST_NETWORK,NA_HOST_NETWORK,1835008/1801973760,phase4b
2026-08-09T23:39:40.587Z,D3,peer0.org3.example.com,7.90,596.30,15823.57,NA_HOST_NETWORK,NA_HOST_NETWORK,129396736/1933541376,phase4b
2026-08-09T23:39:41.648Z,D1,cc-unified,0.00,27.06,7815.99,NA_HOST_NETWORK,NA_HOST_NETWORK,618496/0,phase4b
2026-08-09T23:39:41.648Z,D1,HARNESS_bench.js,1.0,108.95,7815.99,NA,NA,threads=11,phase4b
2026-08-09T23:39:41.648Z,D1,peer0.org1.example.com,5.83,588.16,7815.99,NA_HOST_NETWORK,NA_HOST_NETWORK,104714240/1873108992,phase4b
2026-08-09T23:39:41.907Z,D4,cc-unified,0.00,25.18,15823.56,NA_HOST_NETWORK,NA_HOST_NETWORK,159744/0,phase4b
2026-08-09T23:39:41.907Z,D4,orderer.example.com,1.50,1158.68,15823.56,NA_HOST_NETWORK,NA_HOST_NETWORK,460148736/1300869120,phase4b
2026-08-09T23:39:41.907Z,D4,peer0.org4.example.com,1.96,902.06,15823.56,NA_HOST_NETWORK,NA_HOST_NETWORK,76587008/1884213248,phase4b
2026-08-09T23:39:42.663Z,D2,cc-unified,0.00,24.28,15914.51,NA_HOST_NETWORK,NA_HOST_NETWORK,1605632/487424,phase4b
2026-08-09T23:39:42.663Z,D2,orderer2.example.com,1.18,453.01,15914.51,NA_HOST_NETWORK,NA_HOST_NETWORK,11673600/1790033920,phase4b
2026-08-09T23:39:42.663Z,D2,peer0.org2.example.com,8.43,545.38,15914.51,NA_HOST_NETWORK,NA_HOST_NETWORK,223277056/2779815936,phase4b
2026-08-09T23:39:42.756Z,D3,cc-unified,0.00,27.27,15823.57,NA_HOST_NETWORK,NA_HOST_NETWORK,3649536/438272,phase4b
2026-08-09T23:39:42.756Z,D3,orderer3.example.com,2.02,526.40,15823.57,NA_HOST_NETWORK,NA_HOST_NETWORK,1835008/1801973760,phase4b
2026-08-09T23:39:42.756Z,D3,peer0.org3.example.com,6.78,596.95,15823.57,NA_HOST_NETWORK,NA_HOST_NETWORK,129396736/1933541376,phase4b
2026-08-09T23:39:43.957Z,D4,cc-unified,0.00,25.18,15823.56,NA_HOST_NETWORK,NA_HOST_NETWORK,159744/0,phase4b
2026-08-09T23:39:43.957Z,D4,orderer.example.com,0.87,1158.94,15823.56,NA_HOST_NETWORK,NA_HOST_NETWORK,460148736/1300869120,phase4b
2026-08-09T23:39:43.957Z,D4,peer0.org4.example.com,1.19,902.30,15823.56,NA_HOST_NETWORK,NA_HOST_NETWORK,76587008/1884213248,phase4b
